--------------------------- Estos comandos se ejecutaron el usuario DBA -------------------------------------------------------

---------------------------------- CREACION DE SECUENCIAS PARA LAS TABLAS ----------------------------------------------------

------------------------------------ PUNTO 6 ---------------------------------------------------------------------------------
-- secuencia para la tabla Paises
create sequence Paises_seq
    start with 1
    increment by 1
    nocycle;    

-- secuencia para la tabla Ciudades
create sequence Ciudades_seq
    start with 1
    increment by 1
    nocycle;

-- secuencia para la tabla Clientes
create sequence Clientes_seq
    start with 1
    increment by 1
    nocycle;

-- secuencia para la tabla Medios de pago
create sequence Medios_de_pago_seq
    start with 1
    increment by 1
    nocycle;

-- secuencia para la tabla C√≥digos promocionales
create sequence Codigos_promocionales_seq
    start with 1
    increment by 1
    nocycle;
    
-- secuencia para la tabla Servicios
create sequence Servicios_seq
    start with 1
    increment by 1
    nocycle;

-- secuencia para la tabla Vehiculos
create sequence Vehiculos_seq
    start with 1
    increment by 1
    nocycle;

-- secuencia para los Conductores
create sequence Conductores_seq
    start with 1
    increment by 1
    nocycle;

-- secuencia para los Viajes
create sequence Viajes_seq
    start with 1010
    increment by 1
    nocycle;

-- secuencia para las Compa√±ias
create sequence Companias_seq
    start with 1
    increment by 1
    nocycle;

-- secuencia para las Compa√±ias
create sequence Liquidacion_seq
    start with 1
    increment by 1
    nocycle;
	
------------------------------------------ CREACI√ìN DE TABLAS -------------------------------------------------------------


CREATE table Paises(
	ID integer primary key not null,
	Nombre varchar(64)
);

CREATE table Ciudades(
	ID integer primary key not null,
	Nombre varchar(64),
	ID_pais integer,
	CONSTRAINT FK_Paises FOREIGN KEY (ID_pais)
    REFERENCES Paises(ID)
);

Create table Companias(
	ID integer primary key not null,
	Nombre varchar(64),
	Direccion varchar(64)
);

-- Tabla de Clientes
create Table Clientes(
    ID integer primary key not null,
    Nombre varchar(64) not null,
    Lenguaje varchar(64) not null,
    Foto varchar(64) not null,
    Celular integer not null,
    Email1 varchar(64) not null,
    Email2 varchar(64) not null,
    Codigo_invitacion varchar(8) not null,
    Indicador_recibos numeric(1) not null,
	ID_pais integer,
	ID_Compania integer,
	CONSTRAINT FK_Pais_del_cliente FOREIGN KEY (ID_pais)
    REFERENCES Paises(ID),	
	CONSTRAINT FK_Compania_del_cliente FOREIGN KEY (ID_Compania)
    REFERENCES Companias(ID)
);


Create table Medios_de_pago(
	ID integer primary key not null,
	Nombre varchar(64),
	Detalle varchar(128),
	ID_cliente integer, 
	ID_Compania integer, 
	CONSTRAINT FK_Mpago_del_Clientes FOREIGN KEY (ID_cliente)
    REFERENCES Clientes(ID),
	CONSTRAINT FK_Mpago_de_compania FOREIGN KEY (ID_Compania)
    REFERENCES Companias(ID)
);


CREATE table Codigos_promocion(
	ID integer primary key not null,
	Codigo varchar(8),
	ID_cliente integer,
	CONSTRAINT FK_Codigo_del_Cliente FOREIGN KEY (ID_cliente)
    REFERENCES Clientes(ID)
);

Create table Servicios(
    ID integer primary key not null,
    Nombre varchar(64)
);

Create table Vehiculos(
    ID integer primary key not null,
    ID_servicio integer,
    Placa varchar(6),
    Modelo integer,
    Marca varchar(64),
    Ano integer,
    CONSTRAINT FK_Servicio_del_vehiculo FOREIGN KEY (ID_servicio)
    REFERENCES Servicios(ID)
);

-- Tabla de Conductores
create Table Conductores(
    ID integer primary key not null,
    Nombre varchar(64) not null,
    Lenguaje varchar(64) not null,
    Foto varchar(128) not null,
    Celular integer not null,
    Email1 varchar(64) not null,
    Email2 varchar(64) not null,
    Codigo_invitacion varchar(8) not null,
    Indicador_recibos integer not null,
	ID_pais integer,
    Cuenta_pago varchar(64),
	CONSTRAINT FK_Pais_del_condu FOREIGN KEY (ID_pais)
    REFERENCES Paises(ID)	
);

Create table Conductores_y_vehiculos(
	ID_conductor not null,
	ID_vehiculo not null,
	PRIMARY key(ID_conductor,ID_vehiculo),
	CONSTRAINT FK_Condcutor_del_vehiculo FOREIGN KEY (ID_conductor)
    REFERENCES Conductores(ID),
	CONSTRAINT FK_Vehiculos_del_conductor FOREIGN KEY (ID_vehiculo)
    REFERENCES Vehiculos(ID)
);


Create table Viajes(
	ID integer primary key not null,
	Fecha date not null,
	Distancia FLOAT(5) not null,
	Tiempo_recorrido date not null,
	Total FLOAT(5) not null,
	Subtotal FLOAT(5) not null,
	Hora_salida date not null,
	Hora_llegada date not null,
	Origen varchar(64) not null,
	Destino varchar(64) not null,
	ID_conductor integer,
	ID_servicio integer,
	ID_medioPago integer,
	ID_ciudad integer,
	CONSTRAINT FK_Condcutor_del_viaje FOREIGN KEY (ID_conductor)
    REFERENCES Conductores(ID),
	CONSTRAINT FK_Servicio_del_viaje FOREIGN KEY (ID_servicio)
    REFERENCES Servicios(ID),
	CONSTRAINT FK_Mediopago_del_viaje FOREIGN KEY (ID_medioPago)
    REFERENCES Medios_de_pago(ID),
	CONSTRAINT FK_Ciudad_del_viaje FOREIGN KEY (ID_ciudad)
    REFERENCES Ciudades(ID)
);

Create table Liquidacion(
	ID integer primary key not null,
	Fecha date not null,
	ID_conductor integer,
    Total Float(5) not null,
	CONSTRAINT FK_Condcutorliquidado FOREIGN KEY (ID_conductor)
    REFERENCES Conductores(ID)
);

-- insercion de datos de paises
insert into Paises (id, Nombre) values (1, 'Brazil');
insert into Paises (id, Nombre) values (2, 'China');
insert into Paises (id, Nombre) values (3, 'France');
insert into Paises (id, Nombre) values (4, 'Mexico');
insert into Paises (id, Nombre) values (5, 'China');
insert into Paises (id, Nombre) values (6, 'Japan');
insert into Paises (id, Nombre) values (7, 'Argentina');
insert into Paises (id, Nombre) values (8, 'Saudi Arabia');
insert into Paises (id, Nombre) values (9, 'China');
insert into Paises (id, Nombre) values (10, 'Czech Republic');
insert into Paises (id, Nombre) values (11, 'Japan');
insert into Paises (id, Nombre) values (12, 'Azerbaijan');
insert into Paises (id, Nombre) values (13, 'Oman');
insert into Paises (id, Nombre) values (14, 'Mongolia');
insert into Paises (id, Nombre) values (15, 'Argentina');
insert into Paises (id, Nombre) values (16, 'Nigeria');
insert into Paises (id, Nombre) values (17, 'Indonesia');
insert into Paises (id, Nombre) values (18, 'Netherlands');
insert into Paises (id, Nombre) values (19, 'Indonesia');
insert into Paises (id, Nombre) values (20, 'France');
insert into Paises (id, Nombre) values (21, 'Portugal');
insert into Paises (id, Nombre) values (22, 'Portugal');
insert into Paises (id, Nombre) values (23, 'Argentina');
insert into Paises (id, Nombre) values (24, 'France');
insert into Paises (id, Nombre) values (25, 'Canada');
insert into Paises (id, Nombre) values (26, 'Russia');
insert into Paises (id, Nombre) values (27, 'Malaysia');
insert into Paises (id, Nombre) values (28, 'Cuba');
insert into Paises (id, Nombre) values (29, 'Brazil');
insert into Paises (id, Nombre) values (30, 'China');
insert into Paises (id, Nombre) values (31, 'China');
insert into Paises (id, Nombre) values (32, 'China');
insert into Paises (id, Nombre) values (33, 'Nigeria');
insert into Paises (id, Nombre) values (34, 'Philippines');
insert into Paises (id, Nombre) values (35, 'Yemen');
insert into Paises (id, Nombre) values (36, 'Brazil');
insert into Paises (id, Nombre) values (37, 'China');
insert into Paises (id, Nombre) values (38, 'Zambia');
insert into Paises (id, Nombre) values (39, 'China');
insert into Paises (id, Nombre) values (40, 'China');
insert into Paises (id, Nombre) values (41, 'Russia');
insert into Paises (id, Nombre) values (42, 'Sweden');
insert into Paises (id, Nombre) values (43, 'United States');
insert into Paises (id, Nombre) values (44, 'Bangladesh');
insert into Paises (id, Nombre) values (45, 'Indonesia');
insert into Paises (id, Nombre) values (46, 'United States');
insert into Paises (id, Nombre) values (47, 'Burkina Faso');
insert into Paises (id, Nombre) values (48, 'Sudan');
insert into Paises (id, Nombre) values (49, 'Norway');
insert into Paises (id, Nombre) values (50, 'Kuwait');
insert into Paises (id, Nombre) values (51, 'Greece');
insert into Paises (id, Nombre) values (52, 'Philippines');
insert into Paises (id, Nombre) values (53, 'Zambia');
insert into Paises (id, Nombre) values (54, 'China');
insert into Paises (id, Nombre) values (55, 'China');
insert into Paises (id, Nombre) values (56, 'China');
insert into Paises (id, Nombre) values (57, 'Cambodia');
insert into Paises (id, Nombre) values (58, 'Kazakhstan');
insert into Paises (id, Nombre) values (59, 'Argentina');
insert into Paises (id, Nombre) values (60, 'Indonesia');
insert into Paises (id, Nombre) values (61, 'Indonesia');
insert into Paises (id, Nombre) values (62, 'Philippines');
insert into Paises (id, Nombre) values (63, 'Philippines');
insert into Paises (id, Nombre) values (64, 'Estonia');
insert into Paises (id, Nombre) values (65, 'Swaziland');
insert into Paises (id, Nombre) values (66, 'France');
insert into Paises (id, Nombre) values (67, 'Brazil');
insert into Paises (id, Nombre) values (68, 'China');
insert into Paises (id, Nombre) values (69, 'Argentina');
insert into Paises (id, Nombre) values (70, 'Brazil');
insert into Paises (id, Nombre) values (71, 'Argentina');
insert into Paises (id, Nombre) values (72, 'Indonesia');
insert into Paises (id, Nombre) values (73, 'Russia');
insert into Paises (id, Nombre) values (74, 'Anguilla');
insert into Paises (id, Nombre) values (75, 'Indonesia');
insert into Paises (id, Nombre) values (76, 'Sri Lanka');
insert into Paises (id, Nombre) values (77, 'Brazil');
insert into Paises (id, Nombre) values (78, 'China');
insert into Paises (id, Nombre) values (79, 'Indonesia');
insert into Paises (id, Nombre) values (80, 'Russia');
insert into Paises (id, Nombre) values (81, 'Indonesia');
insert into Paises (id, Nombre) values (82, 'China');
insert into Paises (id, Nombre) values (83, 'South Korea');
insert into Paises (id, Nombre) values (84, 'China');
insert into Paises (id, Nombre) values (85, 'China');
insert into Paises (id, Nombre) values (86, 'Peru');
insert into Paises (id, Nombre) values (87, 'Japan');
insert into Paises (id, Nombre) values (88, 'Indonesia');
insert into Paises (id, Nombre) values (89, 'Malaysia');
insert into Paises (id, Nombre) values (90, 'Brazil');
insert into Paises (id, Nombre) values (91, 'Albania');
insert into Paises (id, Nombre) values (92, 'China');
insert into Paises (id, Nombre) values (93, 'Vietnam');
insert into Paises (id, Nombre) values (94, 'Portugal');
insert into Paises (id, Nombre) values (95, 'Russia');
insert into Paises (id, Nombre) values (96, 'France');
insert into Paises (id, Nombre) values (97, 'China');
insert into Paises (id, Nombre) values (98, 'United States');
insert into Paises (id, Nombre) values (99, 'Portugal');
insert into Paises (id, Nombre) values (100, 'Germany');
insert into Paises (id, Nombre) values (101, 'Portugal');
insert into Paises (id, Nombre) values (102, 'China');
insert into Paises (id, Nombre) values (103, 'China');
insert into Paises (id, Nombre) values (104, 'Russia');
insert into Paises (id, Nombre) values (105, 'Mongolia');
insert into Paises (id, Nombre) values (106, 'Slovenia');
insert into Paises (id, Nombre) values (107, 'Czech Republic');
insert into Paises (id, Nombre) values (108, 'China');
insert into Paises (id, Nombre) values (109, 'Portugal');
insert into Paises (id, Nombre) values (110, 'China');
insert into Paises (id, Nombre) values (111, 'Sweden');
insert into Paises (id, Nombre) values (112, 'Honduras');
insert into Paises (id, Nombre) values (113, 'Japan');
insert into Paises (id, Nombre) values (114, 'Greece');
insert into Paises (id, Nombre) values (115, 'Sweden');
insert into Paises (id, Nombre) values (116, 'China');
insert into Paises (id, Nombre) values (117, 'Brazil');
insert into Paises (id, Nombre) values (118, 'Slovenia');
insert into Paises (id, Nombre) values (119, 'Kazakhstan');
insert into Paises (id, Nombre) values (120, 'Thailand');
insert into Paises (id, Nombre) values (121, 'China');
insert into Paises (id, Nombre) values (122, 'Brazil');
insert into Paises (id, Nombre) values (123, 'Ireland');
insert into Paises (id, Nombre) values (124, 'Mexico');
insert into Paises (id, Nombre) values (125, 'Nigeria');
insert into Paises (id, Nombre) values (126, 'Bolivia');
insert into Paises (id, Nombre) values (127, 'Brazil');
insert into Paises (id, Nombre) values (128, 'China');
insert into Paises (id, Nombre) values (129, 'Poland');
insert into Paises (id, Nombre) values (130, 'Myanmar');
insert into Paises (id, Nombre) values (131, 'Poland');
insert into Paises (id, Nombre) values (132, 'Montserrat');
insert into Paises (id, Nombre) values (133, 'Tanzania');
insert into Paises (id, Nombre) values (134, 'Albania');
insert into Paises (id, Nombre) values (135, 'Russia');
insert into Paises (id, Nombre) values (136, 'Indonesia');
insert into Paises (id, Nombre) values (137, 'Armenia');
insert into Paises (id, Nombre) values (138, 'Philippines');
insert into Paises (id, Nombre) values (139, 'Norway');
insert into Paises (id, Nombre) values (140, 'Poland');
insert into Paises (id, Nombre) values (141, 'Uganda');
insert into Paises (id, Nombre) values (142, 'Brazil');
insert into Paises (id, Nombre) values (143, 'China');
insert into Paises (id, Nombre) values (144, 'United States');
insert into Paises (id, Nombre) values (145, 'Vietnam');
insert into Paises (id, Nombre) values (146, 'Portugal');
insert into Paises (id, Nombre) values (147, 'Poland');
insert into Paises (id, Nombre) values (148, 'Japan');
insert into Paises (id, Nombre) values (149, 'China');
insert into Paises (id, Nombre) values (150, 'Indonesia');
insert into Paises (id, Nombre) values (151, 'China');
insert into Paises (id, Nombre) values (152, 'China');
insert into Paises (id, Nombre) values (153, 'Morocco');
insert into Paises (id, Nombre) values (154, 'Spain');
insert into Paises (id, Nombre) values (155, 'Mexico');
insert into Paises (id, Nombre) values (156, 'China');
insert into Paises (id, Nombre) values (157, 'Philippines');
insert into Paises (id, Nombre) values (158, 'Canada');
insert into Paises (id, Nombre) values (159, 'Russia');
insert into Paises (id, Nombre) values (160, 'Canada');
insert into Paises (id, Nombre) values (161, 'Russia');
insert into Paises (id, Nombre) values (162, 'Greece');
insert into Paises (id, Nombre) values (163, 'Norway');
insert into Paises (id, Nombre) values (164, 'China');
insert into Paises (id, Nombre) values (165, 'Uganda');
insert into Paises (id, Nombre) values (166, 'Russia');
insert into Paises (id, Nombre) values (167, 'China');
insert into Paises (id, Nombre) values (168, 'Laos');
insert into Paises (id, Nombre) values (169, 'Russia');
insert into Paises (id, Nombre) values (170, 'Panama');
insert into Paises (id, Nombre) values (171, 'Czech Republic');
insert into Paises (id, Nombre) values (172, 'Indonesia');
insert into Paises (id, Nombre) values (173, 'China');
insert into Paises (id, Nombre) values (174, 'Russia');
insert into Paises (id, Nombre) values (175, 'Indonesia');
insert into Paises (id, Nombre) values (176, 'Colombia');
insert into Paises (id, Nombre) values (177, 'Malta');
insert into Paises (id, Nombre) values (178, 'France');
insert into Paises (id, Nombre) values (179, 'Portugal');
insert into Paises (id, Nombre) values (180, 'Thailand');
insert into Paises (id, Nombre) values (181, 'France');
insert into Paises (id, Nombre) values (182, 'United States');
insert into Paises (id, Nombre) values (183, 'United States');
insert into Paises (id, Nombre) values (184, 'Pakistan');
insert into Paises (id, Nombre) values (185, 'Philippines');
insert into Paises (id, Nombre) values (186, 'China');
insert into Paises (id, Nombre) values (187, 'Poland');
insert into Paises (id, Nombre) values (188, 'Malaysia');
insert into Paises (id, Nombre) values (189, 'Indonesia');
insert into Paises (id, Nombre) values (190, 'Slovenia');
insert into Paises (id, Nombre) values (191, 'Canada');
insert into Paises (id, Nombre) values (192, 'China');
insert into Paises (id, Nombre) values (193, 'Malta');
insert into Paises (id, Nombre) values (194, 'China');
insert into Paises (id, Nombre) values (195, 'Chile');
insert into Paises (id, Nombre) values (196, 'Chile');
insert into Paises (id, Nombre) values (197, 'Saint Martin');
insert into Paises (id, Nombre) values (198, 'Philippines');
insert into Paises (id, Nombre) values (199, 'Serbia');
insert into Paises (id, Nombre) values (200, 'Palau');
insert into Paises (id, Nombre) values (201, 'South Korea');
insert into Paises (id, Nombre) values (202, 'Czech Republic');
insert into Paises (id, Nombre) values (203, 'Russia');
insert into Paises (id, Nombre) values (204, 'Philippines');
insert into Paises (id, Nombre) values (205, 'Madagascar');
insert into Paises (id, Nombre) values (206, 'Philippines');
insert into Paises (id, Nombre) values (207, 'Cambodia');
insert into Paises (id, Nombre) values (208, 'Armenia');
insert into Paises (id, Nombre) values (209, 'Indonesia');
insert into Paises (id, Nombre) values (210, 'Sweden');
insert into Paises (id, Nombre) values (211, 'Portugal');
insert into Paises (id, Nombre) values (212, 'Ecuador');
insert into Paises (id, Nombre) values (213, 'Indonesia');
insert into Paises (id, Nombre) values (214, 'Indonesia');
insert into Paises (id, Nombre) values (215, 'China');
insert into Paises (id, Nombre) values (216, 'Portugal');
insert into Paises (id, Nombre) values (217, 'Macedonia');
insert into Paises (id, Nombre) values (218, 'Greece');
insert into Paises (id, Nombre) values (219, 'Portugal');
insert into Paises (id, Nombre) values (220, 'Poland');
insert into Paises (id, Nombre) values (221, 'Peru');
insert into Paises (id, Nombre) values (222, 'China');
insert into Paises (id, Nombre) values (223, 'Cyprus');
insert into Paises (id, Nombre) values (224, 'Russia');
insert into Paises (id, Nombre) values (225, 'Peru');
insert into Paises (id, Nombre) values (226, 'Yemen');
insert into Paises (id, Nombre) values (227, 'Brazil');
insert into Paises (id, Nombre) values (228, 'France');
insert into Paises (id, Nombre) values (229, 'Indonesia');
insert into Paises (id, Nombre) values (230, 'Central African Republic');
insert into Paises (id, Nombre) values (231, 'Ireland');
insert into Paises (id, Nombre) values (232, 'Portugal');
insert into Paises (id, Nombre) values (233, 'China');
insert into Paises (id, Nombre) values (234, 'Russia');
insert into Paises (id, Nombre) values (235, 'Zimbabwe');
insert into Paises (id, Nombre) values (236, 'Ivory Coast');
insert into Paises (id, Nombre) values (237, 'Philippines');
insert into Paises (id, Nombre) values (238, 'New Zealand');
insert into Paises (id, Nombre) values (239, 'Turkmenistan');
insert into Paises (id, Nombre) values (240, 'Argentina');
insert into Paises (id, Nombre) values (241, 'China');
insert into Paises (id, Nombre) values (242, 'China');
insert into Paises (id, Nombre) values (243, 'Laos');
insert into Paises (id, Nombre) values (244, 'China');
insert into Paises (id, Nombre) values (245, 'Argentina');
insert into Paises (id, Nombre) values (246, 'Philippines');
insert into Paises (id, Nombre) values (247, 'Bolivia');
insert into Paises (id, Nombre) values (248, 'Indonesia');
insert into Paises (id, Nombre) values (249, 'Niger');
insert into Paises (id, Nombre) values (250, 'Brazil');
insert into Paises (id, Nombre) values (251, 'Belgium');
insert into Paises (id, Nombre) values (252, 'China');
insert into Paises (id, Nombre) values (253, 'Netherlands');
insert into Paises (id, Nombre) values (254, 'Brazil');
insert into Paises (id, Nombre) values (255, 'Russia');
insert into Paises (id, Nombre) values (256, 'Portugal');
insert into Paises (id, Nombre) values (257, 'Indonesia');
insert into Paises (id, Nombre) values (258, 'United Kingdom');
insert into Paises (id, Nombre) values (259, 'Philippines');
insert into Paises (id, Nombre) values (260, 'Russia');
insert into Paises (id, Nombre) values (261, 'Argentina');
insert into Paises (id, Nombre) values (262, 'China');
insert into Paises (id, Nombre) values (263, 'China');
insert into Paises (id, Nombre) values (264, 'China');
insert into Paises (id, Nombre) values (265, 'Tajikistan');
insert into Paises (id, Nombre) values (266, 'Indonesia');
insert into Paises (id, Nombre) values (267, 'United States');
insert into Paises (id, Nombre) values (268, 'Russia');
insert into Paises (id, Nombre) values (269, 'Argentina');
insert into Paises (id, Nombre) values (270, 'Sweden');
insert into Paises (id, Nombre) values (271, 'China');
insert into Paises (id, Nombre) values (272, 'China');
insert into Paises (id, Nombre) values (273, 'Portugal');
insert into Paises (id, Nombre) values (274, 'Philippines');
insert into Paises (id, Nombre) values (275, 'China');
insert into Paises (id, Nombre) values (276, 'Brazil');
insert into Paises (id, Nombre) values (277, 'New Zealand');
insert into Paises (id, Nombre) values (278, 'Greece');
insert into Paises (id, Nombre) values (279, 'Tanzania');
insert into Paises (id, Nombre) values (280, 'Canada');
insert into Paises (id, Nombre) values (281, 'Pakistan');
insert into Paises (id, Nombre) values (282, 'Poland');
insert into Paises (id, Nombre) values (283, 'Brazil');
insert into Paises (id, Nombre) values (284, 'Indonesia');
insert into Paises (id, Nombre) values (285, 'Chile');
insert into Paises (id, Nombre) values (286, 'Armenia');
insert into Paises (id, Nombre) values (287, 'Philippines');
insert into Paises (id, Nombre) values (288, 'China');
insert into Paises (id, Nombre) values (289, 'Georgia');
insert into Paises (id, Nombre) values (290, 'Poland');
insert into Paises (id, Nombre) values (291, 'Russia');
insert into Paises (id, Nombre) values (292, 'China');
insert into Paises (id, Nombre) values (293, 'Croatia');
insert into Paises (id, Nombre) values (294, 'Ukraine');
insert into Paises (id, Nombre) values (295, 'Portugal');
insert into Paises (id, Nombre) values (296, 'Thailand');
insert into Paises (id, Nombre) values (297, 'China');
insert into Paises (id, Nombre) values (298, 'Brazil');
insert into Paises (id, Nombre) values (299, 'China');
insert into Paises (id, Nombre) values (300, 'United States');
insert into Paises (id, Nombre) values (301, 'China');
insert into Paises (id, Nombre) values (302, 'Egypt');
insert into Paises (id, Nombre) values (303, 'Bolivia');
insert into Paises (id, Nombre) values (304, 'France');
insert into Paises (id, Nombre) values (305, 'China');
insert into Paises (id, Nombre) values (306, 'China');
insert into Paises (id, Nombre) values (307, 'Slovenia');
insert into Paises (id, Nombre) values (308, 'China');
insert into Paises (id, Nombre) values (309, 'Russia');
insert into Paises (id, Nombre) values (310, 'Tanzania');
insert into Paises (id, Nombre) values (311, 'China');
insert into Paises (id, Nombre) values (312, 'Philippines');
insert into Paises (id, Nombre) values (313, 'China');
insert into Paises (id, Nombre) values (314, 'China');
insert into Paises (id, Nombre) values (315, 'Philippines');
insert into Paises (id, Nombre) values (316, 'Pakistan');
insert into Paises (id, Nombre) values (317, 'China');
insert into Paises (id, Nombre) values (318, 'Japan');
insert into Paises (id, Nombre) values (319, 'Bosnia and Herzegovina');
insert into Paises (id, Nombre) values (320, 'Philippines');
insert into Paises (id, Nombre) values (321, 'Brazil');
insert into Paises (id, Nombre) values (322, 'Ireland');
insert into Paises (id, Nombre) values (323, 'Peru');
insert into Paises (id, Nombre) values (324, 'Indonesia');
insert into Paises (id, Nombre) values (325, 'China');
insert into Paises (id, Nombre) values (326, 'Portugal');
insert into Paises (id, Nombre) values (327, 'Japan');
insert into Paises (id, Nombre) values (328, 'Russia');
insert into Paises (id, Nombre) values (329, 'Norway');
insert into Paises (id, Nombre) values (330, 'Albania');
insert into Paises (id, Nombre) values (331, 'United States');
insert into Paises (id, Nombre) values (332, 'Albania');
insert into Paises (id, Nombre) values (333, 'Poland');
insert into Paises (id, Nombre) values (334, 'Indonesia');
insert into Paises (id, Nombre) values (335, 'Tunisia');
insert into Paises (id, Nombre) values (336, 'Indonesia');
insert into Paises (id, Nombre) values (337, 'Japan');
insert into Paises (id, Nombre) values (338, 'Germany');
insert into Paises (id, Nombre) values (339, 'Poland');
insert into Paises (id, Nombre) values (340, 'Czech Republic');
insert into Paises (id, Nombre) values (341, 'Poland');
insert into Paises (id, Nombre) values (342, 'China');
insert into Paises (id, Nombre) values (343, 'Sweden');
insert into Paises (id, Nombre) values (344, 'Armenia');
insert into Paises (id, Nombre) values (345, 'France');
insert into Paises (id, Nombre) values (346, 'China');
insert into Paises (id, Nombre) values (347, 'China');
insert into Paises (id, Nombre) values (348, 'China');
insert into Paises (id, Nombre) values (349, 'China');
insert into Paises (id, Nombre) values (350, 'Russia');
insert into Paises (id, Nombre) values (351, 'United States');
insert into Paises (id, Nombre) values (352, 'Ireland');
insert into Paises (id, Nombre) values (353, 'China');
insert into Paises (id, Nombre) values (354, 'Brazil');
insert into Paises (id, Nombre) values (355, 'Argentina');
insert into Paises (id, Nombre) values (356, 'Cuba');
insert into Paises (id, Nombre) values (357, 'Argentina');
insert into Paises (id, Nombre) values (358, 'Japan');
insert into Paises (id, Nombre) values (359, 'China');
insert into Paises (id, Nombre) values (360, 'Indonesia');
insert into Paises (id, Nombre) values (361, 'China');
insert into Paises (id, Nombre) values (362, 'Colombia');
insert into Paises (id, Nombre) values (363, 'Japan');
insert into Paises (id, Nombre) values (364, 'Poland');
insert into Paises (id, Nombre) values (365, 'United States');
insert into Paises (id, Nombre) values (366, 'Madagascar');
insert into Paises (id, Nombre) values (367, 'United States');
insert into Paises (id, Nombre) values (368, 'Croatia');
insert into Paises (id, Nombre) values (369, 'Sweden');
insert into Paises (id, Nombre) values (370, 'Thailand');
insert into Paises (id, Nombre) values (371, 'China');
insert into Paises (id, Nombre) values (372, 'Portugal');
insert into Paises (id, Nombre) values (373, 'Indonesia');
insert into Paises (id, Nombre) values (374, 'Greece');
insert into Paises (id, Nombre) values (375, 'Chad');
insert into Paises (id, Nombre) values (376, 'Armenia');
insert into Paises (id, Nombre) values (377, 'Brazil');
insert into Paises (id, Nombre) values (378, 'Greece');
insert into Paises (id, Nombre) values (379, 'Germany');
insert into Paises (id, Nombre) values (380, 'Dominican Republic');
insert into Paises (id, Nombre) values (381, 'China');
insert into Paises (id, Nombre) values (382, 'South Africa');
insert into Paises (id, Nombre) values (383, 'Macedonia');
insert into Paises (id, Nombre) values (384, 'Indonesia');
insert into Paises (id, Nombre) values (385, 'Portugal');
insert into Paises (id, Nombre) values (386, 'Denmark');
insert into Paises (id, Nombre) values (387, 'Indonesia');
insert into Paises (id, Nombre) values (388, 'Brazil');
insert into Paises (id, Nombre) values (389, 'Canada');
insert into Paises (id, Nombre) values (390, 'Philippines');
insert into Paises (id, Nombre) values (391, 'Honduras');
insert into Paises (id, Nombre) values (392, 'Yemen');
insert into Paises (id, Nombre) values (393, 'Russia');
insert into Paises (id, Nombre) values (394, 'Indonesia');
insert into Paises (id, Nombre) values (395, 'Namibia');
insert into Paises (id, Nombre) values (396, 'Portugal');
insert into Paises (id, Nombre) values (397, 'Thailand');
insert into Paises (id, Nombre) values (398, 'China');
insert into Paises (id, Nombre) values (399, 'China');
insert into Paises (id, Nombre) values (400, 'France');
insert into Paises (id, Nombre) values (401, 'Bulgaria');
insert into Paises (id, Nombre) values (402, 'China');
insert into Paises (id, Nombre) values (403, 'China');
insert into Paises (id, Nombre) values (404, 'Brazil');
insert into Paises (id, Nombre) values (405, 'Italy');
insert into Paises (id, Nombre) values (406, 'Bangladesh');
insert into Paises (id, Nombre) values (407, 'Indonesia');
insert into Paises (id, Nombre) values (408, 'Philippines');
insert into Paises (id, Nombre) values (409, 'China');
insert into Paises (id, Nombre) values (410, 'Philippines');
insert into Paises (id, Nombre) values (411, 'Brazil');
insert into Paises (id, Nombre) values (412, 'Greece');
insert into Paises (id, Nombre) values (413, 'Philippines');
insert into Paises (id, Nombre) values (414, 'Cambodia');
insert into Paises (id, Nombre) values (415, 'United States');
insert into Paises (id, Nombre) values (416, 'China');
insert into Paises (id, Nombre) values (417, 'Philippines');
insert into Paises (id, Nombre) values (418, 'Czech Republic');
insert into Paises (id, Nombre) values (419, 'China');
insert into Paises (id, Nombre) values (420, 'Russia');
insert into Paises (id, Nombre) values (421, 'China');
insert into Paises (id, Nombre) values (422, 'United States');
insert into Paises (id, Nombre) values (423, 'Ecuador');
insert into Paises (id, Nombre) values (424, 'Ukraine');
insert into Paises (id, Nombre) values (425, 'Brazil');
insert into Paises (id, Nombre) values (426, 'Indonesia');
insert into Paises (id, Nombre) values (427, 'Peru');
insert into Paises (id, Nombre) values (428, 'Poland');
insert into Paises (id, Nombre) values (429, 'Mongolia');
insert into Paises (id, Nombre) values (430, 'China');
insert into Paises (id, Nombre) values (431, 'South Sudan');
insert into Paises (id, Nombre) values (432, 'Sweden');
insert into Paises (id, Nombre) values (433, 'Brazil');
insert into Paises (id, Nombre) values (434, 'China');
insert into Paises (id, Nombre) values (435, 'France');
insert into Paises (id, Nombre) values (436, 'Greece');
insert into Paises (id, Nombre) values (437, 'Colombia');
insert into Paises (id, Nombre) values (438, 'Indonesia');
insert into Paises (id, Nombre) values (439, 'China');
insert into Paises (id, Nombre) values (440, 'Poland');
insert into Paises (id, Nombre) values (441, 'Poland');
insert into Paises (id, Nombre) values (442, 'Mozambique');
insert into Paises (id, Nombre) values (443, 'Kazakhstan');
insert into Paises (id, Nombre) values (444, 'Indonesia');
insert into Paises (id, Nombre) values (445, 'Argentina');
insert into Paises (id, Nombre) values (446, 'Greece');
insert into Paises (id, Nombre) values (447, 'Brazil');
insert into Paises (id, Nombre) values (448, 'Indonesia');
insert into Paises (id, Nombre) values (449, 'Costa Rica');
insert into Paises (id, Nombre) values (450, 'Indonesia');
insert into Paises (id, Nombre) values (451, 'Indonesia');
insert into Paises (id, Nombre) values (452, 'Indonesia');
insert into Paises (id, Nombre) values (453, 'Vietnam');
insert into Paises (id, Nombre) values (454, 'Philippines');
insert into Paises (id, Nombre) values (455, 'Indonesia');
insert into Paises (id, Nombre) values (456, 'China');
insert into Paises (id, Nombre) values (457, 'Russia');
insert into Paises (id, Nombre) values (458, 'Palestinian Territory');
insert into Paises (id, Nombre) values (459, 'Indonesia');
insert into Paises (id, Nombre) values (460, 'Russia');
insert into Paises (id, Nombre) values (461, 'Paraguay');
insert into Paises (id, Nombre) values (462, 'Portugal');
insert into Paises (id, Nombre) values (463, 'Canada');
insert into Paises (id, Nombre) values (464, 'Indonesia');
insert into Paises (id, Nombre) values (465, 'Brazil');
insert into Paises (id, Nombre) values (466, 'South Africa');
insert into Paises (id, Nombre) values (467, 'Belarus');
insert into Paises (id, Nombre) values (468, 'Indonesia');
insert into Paises (id, Nombre) values (469, 'Czech Republic');
insert into Paises (id, Nombre) values (470, 'Sweden');
insert into Paises (id, Nombre) values (471, 'United Kingdom');
insert into Paises (id, Nombre) values (472, 'Sweden');
insert into Paises (id, Nombre) values (473, 'Peru');
insert into Paises (id, Nombre) values (474, 'Russia');
insert into Paises (id, Nombre) values (475, 'Brazil');
insert into Paises (id, Nombre) values (476, 'Czech Republic');
insert into Paises (id, Nombre) values (477, 'China');
insert into Paises (id, Nombre) values (478, 'Indonesia');
insert into Paises (id, Nombre) values (479, 'China');
insert into Paises (id, Nombre) values (480, 'China');
insert into Paises (id, Nombre) values (481, 'Portugal');
insert into Paises (id, Nombre) values (482, 'China');
insert into Paises (id, Nombre) values (483, 'China');
insert into Paises (id, Nombre) values (484, 'Portugal');
insert into Paises (id, Nombre) values (485, 'Russia');
insert into Paises (id, Nombre) values (486, 'France');
insert into Paises (id, Nombre) values (487, 'Ethiopia');
insert into Paises (id, Nombre) values (488, 'Mexico');
insert into Paises (id, Nombre) values (489, 'China');
insert into Paises (id, Nombre) values (490, 'Sweden');
insert into Paises (id, Nombre) values (491, 'Philippines');
insert into Paises (id, Nombre) values (492, 'Russia');
insert into Paises (id, Nombre) values (493, 'Poland');
insert into Paises (id, Nombre) values (494, 'Canada');
insert into Paises (id, Nombre) values (495, 'Honduras');
insert into Paises (id, Nombre) values (496, 'Portugal');
insert into Paises (id, Nombre) values (497, 'Indonesia');
insert into Paises (id, Nombre) values (498, 'Vietnam');
insert into Paises (id, Nombre) values (499, 'Nigeria');
insert into Paises (id, Nombre) values (500, 'Czech Republic');

-- InserciÛn de datos de ciudades
insert into Ciudades (id, Nombre, ID_pais) values (1, 'Moriya', 1);
insert into Ciudades (id, Nombre, ID_pais) values (2, 'Shicong', 2);
insert into Ciudades (id, Nombre, ID_pais) values (3, 'Tilburg', 3);
insert into Ciudades (id, Nombre, ID_pais) values (4, 'Alquerubim', 4);
insert into Ciudades (id, Nombre, ID_pais) values (5, 'P√©rigueux', 5);
insert into Ciudades (id, Nombre, ID_pais) values (6, 'Qingping', 6);
insert into Ciudades (id, Nombre, ID_pais) values (7, 'Banjar Buahan', 7);
insert into Ciudades (id, Nombre, ID_pais) values (8, 'Lubacz√≥w', 8);
insert into Ciudades (id, Nombre, ID_pais) values (9, 'Kamennyye Potoki', 9);
insert into Ciudades (id, Nombre, ID_pais) values (10, 'Wantan', 10);
insert into Ciudades (id, Nombre, ID_pais) values (11, 'Jarƒ?nwƒ?la', 11);
insert into Ciudades (id, Nombre, ID_pais) values (12, 'Satinka', 12);
insert into Ciudades (id, Nombre, ID_pais) values (13, 'Wodzis≈Çaw ≈ölƒÖski', 13);
insert into Ciudades (id, Nombre, ID_pais) values (14, 'Nanzhen', 14);
insert into Ciudades (id, Nombre, ID_pais) values (15, 'Chengbei', 15);
insert into Ciudades (id, Nombre, ID_pais) values (16, 'Chengbei', 16);
insert into Ciudades (id, Nombre, ID_pais) values (17, 'Nkurenkuru', 17);
insert into Ciudades (id, Nombre, ID_pais) values (18, 'Tanjungbahagia', 18);
insert into Ciudades (id, Nombre, ID_pais) values (19, 'Chengbei', 19);
insert into Ciudades (id, Nombre, ID_pais) values (20, 'Ustrzyki Dolne', 20);
insert into Ciudades (id, Nombre, ID_pais) values (21, 'K√∂ln', 21);
insert into Ciudades (id, Nombre, ID_pais) values (22, 'Dob≈ôany', 22);
insert into Ciudades (id, Nombre, ID_pais) values (23, 'Lille', 23);
insert into Ciudades (id, Nombre, ID_pais) values (24, '√Ñngelholm', 24);
insert into Ciudades (id, Nombre, ID_pais) values (25, 'Parang', 25);
insert into Ciudades (id, Nombre, ID_pais) values (26, 'Lagny-sur-Marne', 26);
insert into Ciudades (id, Nombre, ID_pais) values (27, 'Majur', 27);
insert into Ciudades (id, Nombre, ID_pais) values (28, 'Longtian', 28);
insert into Ciudades (id, Nombre, ID_pais) values (29, 'Feondari', 29);
insert into Ciudades (id, Nombre, ID_pais) values (30, 'Evinayong', 30);
insert into Ciudades (id, Nombre, ID_pais) values (31, 'Dongsheng', 31);
insert into Ciudades (id, Nombre, ID_pais) values (32, 'Quime', 32);
insert into Ciudades (id, Nombre, ID_pais) values (33, 'Hongqiao', 33);
insert into Ciudades (id, Nombre, ID_pais) values (34, 'Manassas', 34);
insert into Ciudades (id, Nombre, ID_pais) values (35, 'Huanglong', 35);
insert into Ciudades (id, Nombre, ID_pais) values (36, 'Fredericton', 36);
insert into Ciudades (id, Nombre, ID_pais) values (37, 'Dewetsdorp', 37);
insert into Ciudades (id, Nombre, ID_pais) values (38, 'Svetlyy', 38);
insert into Ciudades (id, Nombre, ID_pais) values (39, 'Th·ªã Tr·∫•n Than Uy√™n', 39);
insert into Ciudades (id, Nombre, ID_pais) values (40, 'Huhe', 40);
insert into Ciudades (id, Nombre, ID_pais) values (41, 'Wolfsberg', 41);
insert into Ciudades (id, Nombre, ID_pais) values (42, 'Chum Phae', 42);
insert into Ciudades (id, Nombre, ID_pais) values (43, 'San Jose', 43);
insert into Ciudades (id, Nombre, ID_pais) values (44, 'Sunjia Buzi', 44);
insert into Ciudades (id, Nombre, ID_pais) values (45, 'Cileles', 45);
insert into Ciudades (id, Nombre, ID_pais) values (46, 'Fuliang', 46);
insert into Ciudades (id, Nombre, ID_pais) values (47, 'Banjar Sedang', 47);
insert into Ciudades (id, Nombre, ID_pais) values (48, 'Sevsk', 48);
insert into Ciudades (id, Nombre, ID_pais) values (49, 'Kamojimach≈?-j≈?gejima', 49);
insert into Ciudades (id, Nombre, ID_pais) values (50, 'Heret', 50);
insert into Ciudades (id, Nombre, ID_pais) values (51, 'Vostok', 51);
insert into Ciudades (id, Nombre, ID_pais) values (52, 'Tuapukan', 52);
insert into Ciudades (id, Nombre, ID_pais) values (53, 'Zhagang', 53);
insert into Ciudades (id, Nombre, ID_pais) values (54, 'Pananaw', 54);
insert into Ciudades (id, Nombre, ID_pais) values (55, 'Huixing', 55);
insert into Ciudades (id, Nombre, ID_pais) values (56, 'Yelabuga', 56);
insert into Ciudades (id, Nombre, ID_pais) values (57, 'Il‚Äôich√´vo', 57);
insert into Ciudades (id, Nombre, ID_pais) values (58, 'Carrigaline', 58);
insert into Ciudades (id, Nombre, ID_pais) values (59, 'Pingding', 59);
insert into Ciudades (id, Nombre, ID_pais) values (60, 'Hofors', 60);
insert into Ciudades (id, Nombre, ID_pais) values (61, 'Cuogang', 61);
insert into Ciudades (id, Nombre, ID_pais) values (62, 'Bagani', 62);
insert into Ciudades (id, Nombre, ID_pais) values (63, 'El Soberbio', 63);
insert into Ciudades (id, Nombre, ID_pais) values (64, 'Czerwin', 64);
insert into Ciudades (id, Nombre, ID_pais) values (65, 'Wamba', 65);
insert into Ciudades (id, Nombre, ID_pais) values (66, 'Chibombo', 66);
insert into Ciudades (id, Nombre, ID_pais) values (67, 'Derventa', 67);
insert into Ciudades (id, Nombre, ID_pais) values (68, 'Baghlƒ?n', 68);
insert into Ciudades (id, Nombre, ID_pais) values (69, 'Tongshanxiang', 69);
insert into Ciudades (id, Nombre, ID_pais) values (70, 'Limen√°ria', 70);
insert into Ciudades (id, Nombre, ID_pais) values (71, 'Oslo', 71);
insert into Ciudades (id, Nombre, ID_pais) values (72, 'Tambakrejo', 72);
insert into Ciudades (id, Nombre, ID_pais) values (73, 'Xincun', 73);
insert into Ciudades (id, Nombre, ID_pais) values (74, 'Springfield', 74);
insert into Ciudades (id, Nombre, ID_pais) values (75, 'Yangjiao', 75);
insert into Ciudades (id, Nombre, ID_pais) values (76, 'Vide', 76);
insert into Ciudades (id, Nombre, ID_pais) values (77, 'Yongheshi', 77);
insert into Ciudades (id, Nombre, ID_pais) values (78, 'Charlotte Amalie', 78);
insert into Ciudades (id, Nombre, ID_pais) values (79, 'Amberd', 79);
insert into Ciudades (id, Nombre, ID_pais) values (80, 'Lisia G√≥ra', 80);
insert into Ciudades (id, Nombre, ID_pais) values (81, 'Hefei', 81);
insert into Ciudades (id, Nombre, ID_pais) values (82, 'Znamenka', 82);
insert into Ciudades (id, Nombre, ID_pais) values (83, 'Fukagawa', 83);
insert into Ciudades (id, Nombre, ID_pais) values (84, 'Gar√ßa', 84);
insert into Ciudades (id, Nombre, ID_pais) values (85, 'Jendouba', 85);
insert into Ciudades (id, Nombre, ID_pais) values (86, 'Al Qur·∏©', 86);
insert into Ciudades (id, Nombre, ID_pais) values (87, 'Shatrovo', 87);
insert into Ciudades (id, Nombre, ID_pais) values (88, 'Xiwu', 88);
insert into Ciudades (id, Nombre, ID_pais) values (89, 'Sagrada Familia', 89);
insert into Ciudades (id, Nombre, ID_pais) values (90, 'Pesqueira', 90);
insert into Ciudades (id, Nombre, ID_pais) values (91, 'Yuli', 91);
insert into Ciudades (id, Nombre, ID_pais) values (92, 'La√±gub', 92);
insert into Ciudades (id, Nombre, ID_pais) values (93, 'Wenjiao', 93);
insert into Ciudades (id, Nombre, ID_pais) values (94, 'Purorejo', 94);
insert into Ciudades (id, Nombre, ID_pais) values (95, 'Podg√≥rzyn', 95);
insert into Ciudades (id, Nombre, ID_pais) values (96, 'Wilkes Barre', 96);
insert into Ciudades (id, Nombre, ID_pais) values (97, 'Cibogo', 97);
insert into Ciudades (id, Nombre, ID_pais) values (98, 'Afikpo', 98);
insert into Ciudades (id, Nombre, ID_pais) values (99, 'Bijela', 99);
insert into Ciudades (id, Nombre, ID_pais) values (100, 'Apatin', 100);
insert into Ciudades (id, Nombre, ID_pais) values (101, 'Vesele', 101);
insert into Ciudades (id, Nombre, ID_pais) values (102, 'Suwaru', 102);
insert into Ciudades (id, Nombre, ID_pais) values (103, 'Rawa', 103);
insert into Ciudades (id, Nombre, ID_pais) values (104, 'Borova', 104);
insert into Ciudades (id, Nombre, ID_pais) values (105, 'Gaizhou', 105);
insert into Ciudades (id, Nombre, ID_pais) values (106, 'Kebonagung', 106);
insert into Ciudades (id, Nombre, ID_pais) values (107, 'Insua', 107);
insert into Ciudades (id, Nombre, ID_pais) values (108, 'Tiberias', 108);
insert into Ciudades (id, Nombre, ID_pais) values (109, 'Chumen', 109);
insert into Ciudades (id, Nombre, ID_pais) values (110, 'Nara', 110);
insert into Ciudades (id, Nombre, ID_pais) values (111, 'Dayuan', 111);
insert into Ciudades (id, Nombre, ID_pais) values (112, 'Caldas das Taipas', 112);
insert into Ciudades (id, Nombre, ID_pais) values (113, 'Babakan', 113);
insert into Ciudades (id, Nombre, ID_pais) values (114, 'V√§stra Fr√∂lunda', 114);
insert into Ciudades (id, Nombre, ID_pais) values (115, 'Pangkalan Kasai', 115);
insert into Ciudades (id, Nombre, ID_pais) values (116, 'Kayangel', 116);
insert into Ciudades (id, Nombre, ID_pais) values (117, 'Zmeyskaya', 117);
insert into Ciudades (id, Nombre, ID_pais) values (118, 'Huit√°n', 118);
insert into Ciudades (id, Nombre, ID_pais) values (119, 'Dayr Mawƒ?s', 119);
insert into Ciudades (id, Nombre, ID_pais) values (120, 'Qinglung', 120);
insert into Ciudades (id, Nombre, ID_pais) values (121, 'T√°la', 121);
insert into Ciudades (id, Nombre, ID_pais) values (122, 'Melchor de Mencos', 122);
insert into Ciudades (id, Nombre, ID_pais) values (123, 'Plom√°rion', 123);
insert into Ciudades (id, Nombre, ID_pais) values (124, 'Sainte-Martine', 124);
insert into Ciudades (id, Nombre, ID_pais) values (125, 'Cagayan', 125);
insert into Ciudades (id, Nombre, ID_pais) values (126, 'Rostov-na-Donu', 126);
insert into Ciudades (id, Nombre, ID_pais) values (127, 'Troitskoye', 127);
insert into Ciudades (id, Nombre, ID_pais) values (128, 'Wangmo', 128);
insert into Ciudades (id, Nombre, ID_pais) values (129, 'Suwaduk', 129);
insert into Ciudades (id, Nombre, ID_pais) values (130, 'Reszel', 130);
insert into Ciudades (id, Nombre, ID_pais) values (131, 'Seredeyskiy', 131);
insert into Ciudades (id, Nombre, ID_pais) values (132, 'Chornukhy', 132);
insert into Ciudades (id, Nombre, ID_pais) values (133, 'Kadurahayu', 133);
insert into Ciudades (id, Nombre, ID_pais) values (134, 'Sukamahi Satu', 134);
insert into Ciudades (id, Nombre, ID_pais) values (135, 'Divichibazar', 135);
insert into Ciudades (id, Nombre, ID_pais) values (136, 'Cayenne', 136);
insert into Ciudades (id, Nombre, ID_pais) values (137, 'Loukhi', 137);
insert into Ciudades (id, Nombre, ID_pais) values (138, 'Koba', 138);
insert into Ciudades (id, Nombre, ID_pais) values (139, 'Kushk', 139);
insert into Ciudades (id, Nombre, ID_pais) values (140, 'Wang‚Äôer', 140);
insert into Ciudades (id, Nombre, ID_pais) values (141, 'Uglich', 141);
insert into Ciudades (id, Nombre, ID_pais) values (142, 'Leiguan', 142);
insert into Ciudades (id, Nombre, ID_pais) values (143, 'Kyrenia', 143);
insert into Ciudades (id, Nombre, ID_pais) values (144, 'Port Said', 144);
insert into Ciudades (id, Nombre, ID_pais) values (145, 'Mamonovo', 145);
insert into Ciudades (id, Nombre, ID_pais) values (146, 'Princeton', 146);
insert into Ciudades (id, Nombre, ID_pais) values (147, 'Rio Novo do Sul', 147);
insert into Ciudades (id, Nombre, ID_pais) values (148, 'Shiziqiao', 148);
insert into Ciudades (id, Nombre, ID_pais) values (149, 'Ettal', 149);
insert into Ciudades (id, Nombre, ID_pais) values (150, 'Quimbaya', 150);
insert into Ciudades (id, Nombre, ID_pais) values (151, 'Linqu', 151);
insert into Ciudades (id, Nombre, ID_pais) values (152, 'Dingcheng', 152);
insert into Ciudades (id, Nombre, ID_pais) values (153, 'Sherpur', 153);
insert into Ciudades (id, Nombre, ID_pais) values (154, 'Aveiras de Cima', 154);
insert into Ciudades (id, Nombre, ID_pais) values (155, 'Ichu√±a', 155);
insert into Ciudades (id, Nombre, ID_pais) values (156, 'Pailin', 156);
insert into Ciudades (id, Nombre, ID_pais) values (157, 'Boa Viagem', 157);
insert into Ciudades (id, Nombre, ID_pais) values (158, 'Sorongan', 158);
insert into Ciudades (id, Nombre, ID_pais) values (159, 'Penanggungan', 159);
insert into Ciudades (id, Nombre, ID_pais) values (160, 'Zhoujia', 160);
insert into Ciudades (id, Nombre, ID_pais) values (161, 'Kedungbanteng Krajan', 161);
insert into Ciudades (id, Nombre, ID_pais) values (162, 'Armen', 162);
insert into Ciudades (id, Nombre, ID_pais) values (163, 'Paracatu', 163);
insert into Ciudades (id, Nombre, ID_pais) values (164, 'Bernay', 164);
insert into Ciudades (id, Nombre, ID_pais) values (165, 'Dundrum', 165);
insert into Ciudades (id, Nombre, ID_pais) values (166, 'Dedza', 166);
insert into Ciudades (id, Nombre, ID_pais) values (167, 'Yanzhao', 167);
insert into Ciudades (id, Nombre, ID_pais) values (168, 'Pervomayskoye', 168);
insert into Ciudades (id, Nombre, ID_pais) values (169, 'Hann≈?', 169);
insert into Ciudades (id, Nombre, ID_pais) values (170, 'Banjar Tegal Belodan', 170);
insert into Ciudades (id, Nombre, ID_pais) values (171, 'Kanie', 171);
insert into Ciudades (id, Nombre, ID_pais) values (172, 'Helsingborg', 172);
insert into Ciudades (id, Nombre, ID_pais) values (173, 'Dowr-e Rabƒ?≈£', 173);
insert into Ciudades (id, Nombre, ID_pais) values (174, 'Ni√±os Heroes', 174);
insert into Ciudades (id, Nombre, ID_pais) values (175, 'Knivsta', 175);
insert into Ciudades (id, Nombre, ID_pais) values (176, 'L√©gua', 176);
insert into Ciudades (id, Nombre, ID_pais) values (177, 'Pisang', 177);
insert into Ciudades (id, Nombre, ID_pais) values (178, 'Longchiqiao', 178);
insert into Ciudades (id, Nombre, ID_pais) values (179, 'Ph√∫c Y√™n', 179);
insert into Ciudades (id, Nombre, ID_pais) values (180, 'Dahe', 180);
insert into Ciudades (id, Nombre, ID_pais) values (181, 'Mqabba', 181);
insert into Ciudades (id, Nombre, ID_pais) values (182, 'Huanggang', 182);
insert into Ciudades (id, Nombre, ID_pais) values (183, 'Florida', 183);
insert into Ciudades (id, Nombre, ID_pais) values (184, 'Taksimo', 184);
insert into Ciudades (id, Nombre, ID_pais) values (185, 'Rio Claro', 185);
insert into Ciudades (id, Nombre, ID_pais) values (186, 'Hufang', 186);
insert into Ciudades (id, Nombre, ID_pais) values (187, 'Askeaton', 187);
insert into Ciudades (id, Nombre, ID_pais) values (188, 'Heshui', 188);
insert into Ciudades (id, Nombre, ID_pais) values (189, 'Villa del Rosario', 189);
insert into Ciudades (id, Nombre, ID_pais) values (190, 'Mingguang', 190);
insert into Ciudades (id, Nombre, ID_pais) values (191, 'Pingqiao', 191);
insert into Ciudades (id, Nombre, ID_pais) values (192, 'Faratsiho', 192);
insert into Ciudades (id, Nombre, ID_pais) values (193, 'Kurungannyawa', 193);
insert into Ciudades (id, Nombre, ID_pais) values (194, 'Lanci Satu', 194);
insert into Ciudades (id, Nombre, ID_pais) values (195, 'Ningchegu', 195);
insert into Ciudades (id, Nombre, ID_pais) values (196, 'Jialu', 196);
insert into Ciudades (id, Nombre, ID_pais) values (197, 'Motupe', 197);
insert into Ciudades (id, Nombre, ID_pais) values (198, 'Orangeville', 198);
insert into Ciudades (id, Nombre, ID_pais) values (199, 'Cincinnati', 199);
insert into Ciudades (id, Nombre, ID_pais) values (200, 'Golopau', 200);
insert into Ciudades (id, Nombre, ID_pais) values (201, 'G√∂teborg', 201);
insert into Ciudades (id, Nombre, ID_pais) values (202, 'Ergates', 202);
insert into Ciudades (id, Nombre, ID_pais) values (203, 'Mataquescuintla', 203);
insert into Ciudades (id, Nombre, ID_pais) values (204, 'Catujal Velho', 204);
insert into Ciudades (id, Nombre, ID_pais) values (205, 'Ry≈´≈?', 205);
insert into Ciudades (id, Nombre, ID_pais) values (206, 'Kalej', 206);
insert into Ciudades (id, Nombre, ID_pais) values (207, 'Sake', 207);
insert into Ciudades (id, Nombre, ID_pais) values (208, 'Mengcheng Chengguanzhen', 208);
insert into Ciudades (id, Nombre, ID_pais) values (209, 'Valera', 209);
insert into Ciudades (id, Nombre, ID_pais) values (210, 'Nianba', 210);
insert into Ciudades (id, Nombre, ID_pais) values (211, 'Al ·∏®ayfah', 211);
insert into Ciudades (id, Nombre, ID_pais) values (212, 'Miskolc', 212);
insert into Ciudades (id, Nombre, ID_pais) values (213, 'Banjeru', 213);
insert into Ciudades (id, Nombre, ID_pais) values (214, 'Shangdundu', 214);
insert into Ciudades (id, Nombre, ID_pais) values (215, 'La Virginia', 215);
insert into Ciudades (id, Nombre, ID_pais) values (216, 'Berezna', 216);
insert into Ciudades (id, Nombre, ID_pais) values (217, 'Zhongxing', 217);
insert into Ciudades (id, Nombre, ID_pais) values (218, 'Shenavan', 218);
insert into Ciudades (id, Nombre, ID_pais) values (219, 'Campina Grande', 219);
insert into Ciudades (id, Nombre, ID_pais) values (220, 'Nesterovskaya', 220);
insert into Ciudades (id, Nombre, ID_pais) values (221, 'Hezuoqiao', 221);
insert into Ciudades (id, Nombre, ID_pais) values (222, 'Bankim', 222);
insert into Ciudades (id, Nombre, ID_pais) values (223, 'Lamakera Dua', 223);
insert into Ciudades (id, Nombre, ID_pais) values (224, 'Imulolong', 224);
insert into Ciudades (id, Nombre, ID_pais) values (225, 'Omemee', 225);
insert into Ciudades (id, Nombre, ID_pais) values (226, 'Troms√∏', 226);
insert into Ciudades (id, Nombre, ID_pais) values (227, 'Taiping', 227);
insert into Ciudades (id, Nombre, ID_pais) values (228, 'Syracuse', 228);
insert into Ciudades (id, Nombre, ID_pais) values (229, 'Wa√±gan', 229);
insert into Ciudades (id, Nombre, ID_pais) values (230, 'Jiazi', 230);
insert into Ciudades (id, Nombre, ID_pais) values (231, 'Kasoa', 231);
insert into Ciudades (id, Nombre, ID_pais) values (232, 'Arjawinangun', 232);
insert into Ciudades (id, Nombre, ID_pais) values (233, 'S√≠mantra', 233);
insert into Ciudades (id, Nombre, ID_pais) values (234, 'Selat', 234);
insert into Ciudades (id, Nombre, ID_pais) values (235, 'Wolometang', 235);
insert into Ciudades (id, Nombre, ID_pais) values (236, 'Negreiros', 236);
insert into Ciudades (id, Nombre, ID_pais) values (237, 'Lyon', 237);
insert into Ciudades (id, Nombre, ID_pais) values (238, 'Viƒºƒ?ni', 238);
insert into Ciudades (id, Nombre, ID_pais) values (239, 'Guilhabreu', 239);
insert into Ciudades (id, Nombre, ID_pais) values (240, 'Dumlan', 240);
insert into Ciudades (id, Nombre, ID_pais) values (241, 'Siraway', 241);
insert into Ciudades (id, Nombre, ID_pais) values (242, 'Pathum Rat', 242);
insert into Ciudades (id, Nombre, ID_pais) values (243, 'S√£o Filipe', 243);
insert into Ciudades (id, Nombre, ID_pais) values (244, 'San Francisco', 244);
insert into Ciudades (id, Nombre, ID_pais) values (245, 'Makurdi', 245);
insert into Ciudades (id, Nombre, ID_pais) values (246, 'Tamamura', 246);
insert into Ciudades (id, Nombre, ID_pais) values (247, 'Orleans', 247);
insert into Ciudades (id, Nombre, ID_pais) values (248, 'Itagua√ßu', 248);
insert into Ciudades (id, Nombre, ID_pais) values (249, 'Jiangshan', 249);
insert into Ciudades (id, Nombre, ID_pais) values (250, 'Al Mu≈£ayrifƒ´', 250);
insert into Ciudades (id, Nombre, ID_pais) values (251, 'Lubuagan', 251);
insert into Ciudades (id, Nombre, ID_pais) values (252, 'Blumbang', 252);
insert into Ciudades (id, Nombre, ID_pais) values (253, 'Kufayrit', 253);
insert into Ciudades (id, Nombre, ID_pais) values (254, 'G√∂teborg', 254);
insert into Ciudades (id, Nombre, ID_pais) values (255, 'Saboy√°', 255);
insert into Ciudades (id, Nombre, ID_pais) values (256, 'Cardal', 256);
insert into Ciudades (id, Nombre, ID_pais) values (257, 'Itaberaba', 257);
insert into Ciudades (id, Nombre, ID_pais) values (258, 'Vand≈ìuvre-l√®s-Nancy', 258);
insert into Ciudades (id, Nombre, ID_pais) values (259, 'Paraguar√≠', 259);
insert into Ciudades (id, Nombre, ID_pais) values (260, 'Barbosa', 260);
insert into Ciudades (id, Nombre, ID_pais) values (261, 'Charlotte', 261);
insert into Ciudades (id, Nombre, ID_pais) values (262, 'Lilla Edet', 262);
insert into Ciudades (id, Nombre, ID_pais) values (263, 'Napnapan', 263);
insert into Ciudades (id, Nombre, ID_pais) values (264, 'Kaeng Khoi', 264);
insert into Ciudades (id, Nombre, ID_pais) values (265, '√Ñngelholm', 265);
insert into Ciudades (id, Nombre, ID_pais) values (266, 'Chenjiaba', 266);
insert into Ciudades (id, Nombre, ID_pais) values (267, 'Aubergenville', 267);
insert into Ciudades (id, Nombre, ID_pais) values (268, 'Wugong', 268);
insert into Ciudades (id, Nombre, ID_pais) values (269, 'Huaccana', 269);
insert into Ciudades (id, Nombre, ID_pais) values (270, 'Al Ma·∏©fid', 270);
insert into Ciudades (id, Nombre, ID_pais) values (271, 'Monter√≠a', 271);
insert into Ciudades (id, Nombre, ID_pais) values (272, 'Ostr√≥wek', 272);
insert into Ciudades (id, Nombre, ID_pais) values (273, 'Souq Larb‚Äôa al Gharb', 273);
insert into Ciudades (id, Nombre, ID_pais) values (274, 'Birmingham', 274);
insert into Ciudades (id, Nombre, ID_pais) values (275, 'Le Havre', 275);
insert into Ciudades (id, Nombre, ID_pais) values (276, 'Huineno', 276);
insert into Ciudades (id, Nombre, ID_pais) values (277, 'Henglu', 277);
insert into Ciudades (id, Nombre, ID_pais) values (278, 'Qu√©bec', 278);
insert into Ciudades (id, Nombre, ID_pais) values (279, 'Olsz√≥wka', 279);
insert into Ciudades (id, Nombre, ID_pais) values (280, 'Caopie', 280);
insert into Ciudades (id, Nombre, ID_pais) values (281, 'Kardhiq', 281);
insert into Ciudades (id, Nombre, ID_pais) values (282, 'N√©a Tr√≠glia', 282);
insert into Ciudades (id, Nombre, ID_pais) values (283, 'Beruniy', 283);
insert into Ciudades (id, Nombre, ID_pais) values (284, 'Moshkovo', 284);
insert into Ciudades (id, Nombre, ID_pais) values (285, 'Jinkou', 285);
insert into Ciudades (id, Nombre, ID_pais) values (286, 'Libourne', 286);
insert into Ciudades (id, Nombre, ID_pais) values (287, 'DƒÖbie', 287);
insert into Ciudades (id, Nombre, ID_pais) values (288, 'Nara', 288);
insert into Ciudades (id, Nombre, ID_pais) values (289, 'Aurora', 289);
insert into Ciudades (id, Nombre, ID_pais) values (290, 'Georgiyevsk', 290);
insert into Ciudades (id, Nombre, ID_pais) values (291, 'Bachowice', 291);
insert into Ciudades (id, Nombre, ID_pais) values (292, 'Las Lomas', 292);
insert into Ciudades (id, Nombre, ID_pais) values (293, 'Tha Luang', 293);
insert into Ciudades (id, Nombre, ID_pais) values (294, 'Fershampenuaz', 294);
insert into Ciudades (id, Nombre, ID_pais) values (295, 'Tver', 295);
insert into Ciudades (id, Nombre, ID_pais) values (296, 'Thika', 296);
insert into Ciudades (id, Nombre, ID_pais) values (297, 'Wajak', 297);
insert into Ciudades (id, Nombre, ID_pais) values (298, 'Alkmaar', 298);
insert into Ciudades (id, Nombre, ID_pais) values (299, 'Burqah', 299);
insert into Ciudades (id, Nombre, ID_pais) values (300, 'Jiufeng', 300);
insert into Ciudades (id, Nombre, ID_pais) values (301, 'Antonina', 301);
insert into Ciudades (id, Nombre, ID_pais) values (302, 'Triolet', 302);
insert into Ciudades (id, Nombre, ID_pais) values (303, 'Los Tangos', 303);
insert into Ciudades (id, Nombre, ID_pais) values (304, 'Paprotnia', 304);
insert into Ciudades (id, Nombre, ID_pais) values (305, 'Lengkongjaya', 305);
insert into Ciudades (id, Nombre, ID_pais) values (306, 'Centralniy', 306);
insert into Ciudades (id, Nombre, ID_pais) values (307, 'Xinfeng', 307);
insert into Ciudades (id, Nombre, ID_pais) values (308, 'Subrag', 308);
insert into Ciudades (id, Nombre, ID_pais) values (309, 'Ch·ª£ M·ªõi', 309);
insert into Ciudades (id, Nombre, ID_pais) values (310, 'Hengshan', 310);
insert into Ciudades (id, Nombre, ID_pais) values (311, 'Sonder', 311);
insert into Ciudades (id, Nombre, ID_pais) values (312, 'Aglalana', 312);
insert into Ciudades (id, Nombre, ID_pais) values (313, 'Ul', 313);
insert into Ciudades (id, Nombre, ID_pais) values (314, 'Cergy-Pontoise', 314);
insert into Ciudades (id, Nombre, ID_pais) values (315, 'Roche Terre', 315);
insert into Ciudades (id, Nombre, ID_pais) values (316, 'Petrodvorets', 316);
insert into Ciudades (id, Nombre, ID_pais) values (317, 'Nosy Varika', 317);
insert into Ciudades (id, Nombre, ID_pais) values (318, 'Bells Corners', 318);
insert into Ciudades (id, Nombre, ID_pais) values (319, 'Haokou', 319);
insert into Ciudades (id, Nombre, ID_pais) values (320, 'Rafael Perazza', 320);
insert into Ciudades (id, Nombre, ID_pais) values (321, 'El Aguilar', 321);
insert into Ciudades (id, Nombre, ID_pais) values (322, 'Svetlyy', 322);
insert into Ciudades (id, Nombre, ID_pais) values (323, 'Rous√≠nov', 323);
insert into Ciudades (id, Nombre, ID_pais) values (324, 'Lillooet', 324);
insert into Ciudades (id, Nombre, ID_pais) values (325, 'Dadapan', 325);
insert into Ciudades (id, Nombre, ID_pais) values (326, 'Karata', 326);
insert into Ciudades (id, Nombre, ID_pais) values (327, 'Pejek', 327);
insert into Ciudades (id, Nombre, ID_pais) values (328, 'Abricots', 328);
insert into Ciudades (id, Nombre, ID_pais) values (329, 'Tran√•s', 329);
insert into Ciudades (id, Nombre, ID_pais) values (330, 'Pa√±gobilian', 330);
insert into Ciudades (id, Nombre, ID_pais) values (331, 'Savelugu', 331);
insert into Ciudades (id, Nombre, ID_pais) values (332, 'Emalgolin Mongolzuxiang', 332);
insert into Ciudades (id, Nombre, ID_pais) values (333, 'Rio Negrinho', 333);
insert into Ciudades (id, Nombre, ID_pais) values (334, 'Bloomington', 334);
insert into Ciudades (id, Nombre, ID_pais) values (335, 'Xingtai', 335);
insert into Ciudades (id, Nombre, ID_pais) values (336, 'Kyzylzhar', 336);
insert into Ciudades (id, Nombre, ID_pais) values (337, 'Caldas da Felgueira', 337);
insert into Ciudades (id, Nombre, ID_pais) values (338, 'Madrid', 338);
insert into Ciudades (id, Nombre, ID_pais) values (339, 'K√∏benhavn', 339);
insert into Ciudades (id, Nombre, ID_pais) values (340, 'Parady≈º', 340);
insert into Ciudades (id, Nombre, ID_pais) values (341, 'Hehe', 341);
insert into Ciudades (id, Nombre, ID_pais) values (342, 'Ben√© Beraq', 342);
insert into Ciudades (id, Nombre, ID_pais) values (343, 'Devesa', 343);
insert into Ciudades (id, Nombre, ID_pais) values (344, 'Siraway', 344);
insert into Ciudades (id, Nombre, ID_pais) values (345, 'Dongning', 345);
insert into Ciudades (id, Nombre, ID_pais) values (346, 'Naryn', 346);
insert into Ciudades (id, Nombre, ID_pais) values (347, 'Seixo da Beira', 347);
insert into Ciudades (id, Nombre, ID_pais) values (348, 'Krapina', 348);
insert into Ciudades (id, Nombre, ID_pais) values (349, 'Kamyshevatskaya', 349);
insert into Ciudades (id, Nombre, ID_pais) values (350, 'Itamb√©', 350);
insert into Ciudades (id, Nombre, ID_pais) values (351, 'Pravda', 351);
insert into Ciudades (id, Nombre, ID_pais) values (352, 'Topola', 352);
insert into Ciudades (id, Nombre, ID_pais) values (353, 'Torres Vedras', 353);
insert into Ciudades (id, Nombre, ID_pais) values (354, 'Melbourne', 354);
insert into Ciudades (id, Nombre, ID_pais) values (355, 'Zheshart', 355);
insert into Ciudades (id, Nombre, ID_pais) values (356, 'Qiancheng', 356);
insert into Ciudades (id, Nombre, ID_pais) values (357, 'Al Mƒ?likƒ´yah', 357);
insert into Ciudades (id, Nombre, ID_pais) values (358, 'Bastia', 358);
insert into Ciudades (id, Nombre, ID_pais) values (359, 'Davydovo', 359);
insert into Ciudades (id, Nombre, ID_pais) values (360, 'Przasnysz', 360);
insert into Ciudades (id, Nombre, ID_pais) values (361, 'Ampasimanolotra', 361);
insert into Ciudades (id, Nombre, ID_pais) values (362, 'San Isidro', 362);
insert into Ciudades (id, Nombre, ID_pais) values (363, 'Islamey', 363);
insert into Ciudades (id, Nombre, ID_pais) values (364, 'Casal do Sapo', 364);
insert into Ciudades (id, Nombre, ID_pais) values (365, 'Oklahoma City', 365);
insert into Ciudades (id, Nombre, ID_pais) values (366, 'Rukunlima Bawah', 366);
insert into Ciudades (id, Nombre, ID_pais) values (367, 'Cerrito', 367);
insert into Ciudades (id, Nombre, ID_pais) values (368, 'Miskolc', 368);
insert into Ciudades (id, Nombre, ID_pais) values (369, 'Hengshi', 369);
insert into Ciudades (id, Nombre, ID_pais) values (370, 'Taodian', 370);
insert into Ciudades (id, Nombre, ID_pais) values (371, 'Xifangcheng', 371);
insert into Ciudades (id, Nombre, ID_pais) values (372, 'Toledo', 372);
insert into Ciudades (id, Nombre, ID_pais) values (373, 'Yeshan', 373);
insert into Ciudades (id, Nombre, ID_pais) values (374, 'Huangzhai', 374);
insert into Ciudades (id, Nombre, ID_pais) values (375, 'Jajar', 375);
insert into Ciudades (id, Nombre, ID_pais) values (376, 'Farƒ´dpur', 376);
insert into Ciudades (id, Nombre, ID_pais) values (377, 'Pampanito', 377);
insert into Ciudades (id, Nombre, ID_pais) values (378, 'Pekan', 378);
insert into Ciudades (id, Nombre, ID_pais) values (379, 'Doumen', 379);
insert into Ciudades (id, Nombre, ID_pais) values (380, 'Huangqu', 380);
insert into Ciudades (id, Nombre, ID_pais) values (381, 'Shilong', 381);
insert into Ciudades (id, Nombre, ID_pais) values (382, 'Tulusmulyo', 382);
insert into Ciudades (id, Nombre, ID_pais) values (383, 'Daytona Beach', 383);
insert into Ciudades (id, Nombre, ID_pais) values (384, 'Ma≈Ça Wie≈õ', 384);
insert into Ciudades (id, Nombre, ID_pais) values (385, 'Saguenay', 385);
insert into Ciudades (id, Nombre, ID_pais) values (386, 'Dimona', 386);
insert into Ciudades (id, Nombre, ID_pais) values (387, 'Kainan', 387);
insert into Ciudades (id, Nombre, ID_pais) values (388, 'Chexi', 388);
insert into Ciudades (id, Nombre, ID_pais) values (389, 'Sunagawa', 389);
insert into Ciudades (id, Nombre, ID_pais) values (390, 'Sabangan', 390);
insert into Ciudades (id, Nombre, ID_pais) values (391, 'Wonodadi', 391);
insert into Ciudades (id, Nombre, ID_pais) values (392, 'Kruty', 392);
insert into Ciudades (id, Nombre, ID_pais) values (393, 'Itoman', 393);
insert into Ciudades (id, Nombre, ID_pais) values (394, 'ƒÄdam', 394);
insert into Ciudades (id, Nombre, ID_pais) values (395, 'Noginsk-9', 395);
insert into Ciudades (id, Nombre, ID_pais) values (396, 'Imsida', 396);
insert into Ciudades (id, Nombre, ID_pais) values (397, 'Uryupinsk', 397);
insert into Ciudades (id, Nombre, ID_pais) values (398, 'Hualongyan', 398);
insert into Ciudades (id, Nombre, ID_pais) values (399, 'Jincheng', 399);
insert into Ciudades (id, Nombre, ID_pais) values (400, 'Zhujiang', 400);
insert into Ciudades (id, Nombre, ID_pais) values (401, 'Marcos', 401);
insert into Ciudades (id, Nombre, ID_pais) values (402, 'Kapyl‚Äô', 402);
insert into Ciudades (id, Nombre, ID_pais) values (403, 'Orangeville', 403);
insert into Ciudades (id, Nombre, ID_pais) values (404, 'Maiwang', 404);
insert into Ciudades (id, Nombre, ID_pais) values (405, 'Fairview', 405);
insert into Ciudades (id, Nombre, ID_pais) values (406, 'Midland', 406);
insert into Ciudades (id, Nombre, ID_pais) values (407, 'Baiquesi', 407);
insert into Ciudades (id, Nombre, ID_pais) values (408, 'Konyshevka', 408);
insert into Ciudades (id, Nombre, ID_pais) values (409, 'Batangafo', 409);
insert into Ciudades (id, Nombre, ID_pais) values (410, 'Jingkou', 410);
insert into Ciudades (id, Nombre, ID_pais) values (411, 'Jinsha', 411);
insert into Ciudades (id, Nombre, ID_pais) values (412, 'Valuyki', 412);
insert into Ciudades (id, Nombre, ID_pais) values (413, 'San Pedro', 413);
insert into Ciudades (id, Nombre, ID_pais) values (414, 'Youwarou', 414);
insert into Ciudades (id, Nombre, ID_pais) values (415, 'Yumbel', 415);
insert into Ciudades (id, Nombre, ID_pais) values (416, 'Rozhdestveno', 416);
insert into Ciudades (id, Nombre, ID_pais) values (417, 'eMbalenhle', 417);
insert into Ciudades (id, Nombre, ID_pais) values (418, 'Yuantan', 418);
insert into Ciudades (id, Nombre, ID_pais) values (419, 'Santiago', 419);
insert into Ciudades (id, Nombre, ID_pais) values (420, 'Klinan', 420);
insert into Ciudades (id, Nombre, ID_pais) values (421, 'Jarƒ?nwƒ?la', 421);
insert into Ciudades (id, Nombre, ID_pais) values (422, 'Kwale', 422);
insert into Ciudades (id, Nombre, ID_pais) values (423, 'Al Jabƒ´n', 423);
insert into Ciudades (id, Nombre, ID_pais) values (424, 'Makr√Ωgialos', 424);
insert into Ciudades (id, Nombre, ID_pais) values (425, 'Apengjiang', 425);
insert into Ciudades (id, Nombre, ID_pais) values (426, 'Purabaya', 426);
insert into Ciudades (id, Nombre, ID_pais) values (427, 'Hedian', 427);
insert into Ciudades (id, Nombre, ID_pais) values (428, 'Shreveport', 428);
insert into Ciudades (id, Nombre, ID_pais) values (429, 'Greensboro', 429);
insert into Ciudades (id, Nombre, ID_pais) values (430, 'Gahe', 430);
insert into Ciudades (id, Nombre, ID_pais) values (431, 'Cuauhtemoc', 431);
insert into Ciudades (id, Nombre, ID_pais) values (432, 'Sk√§nninge', 432);
insert into Ciudades (id, Nombre, ID_pais) values (433, 'San Miguel', 433);
insert into Ciudades (id, Nombre, ID_pais) values (434, 'Xinmin', 434);
insert into Ciudades (id, Nombre, ID_pais) values (435, 'Nueve de Julio', 435);
insert into Ciudades (id, Nombre, ID_pais) values (436, 'Jandaia do Sul', 436);
insert into Ciudades (id, Nombre, ID_pais) values (437, 'Chimbas', 437);
insert into Ciudades (id, Nombre, ID_pais) values (438, 'Limanowa', 438);
insert into Ciudades (id, Nombre, ID_pais) values (439, 'Hewa', 439);
insert into Ciudades (id, Nombre, ID_pais) values (440, 'Yicheng', 440);
insert into Ciudades (id, Nombre, ID_pais) values (441, 'Qalandiyƒ?', 441);
insert into Ciudades (id, Nombre, ID_pais) values (442, 'Renhe', 442);
insert into Ciudades (id, Nombre, ID_pais) values (443, 'San Carlos', 443);
insert into Ciudades (id, Nombre, ID_pais) values (444, 'Cr√©teil', 444);
insert into Ciudades (id, Nombre, ID_pais) values (445, 'Keleng', 445);
insert into Ciudades (id, Nombre, ID_pais) values (446, 'Massy', 446);
insert into Ciudades (id, Nombre, ID_pais) values (447, 'Mikul√°≈°ovice', 447);
insert into Ciudades (id, Nombre, ID_pais) values (448, 'Tongbang', 448);
insert into Ciudades (id, Nombre, ID_pais) values (449, 'Mishima', 449);
insert into Ciudades (id, Nombre, ID_pais) values (450, 'Gorgƒ?n', 450);
insert into Ciudades (id, Nombre, ID_pais) values (451, 'S√£o Mateus do Maranh√£o', 451);
insert into Ciudades (id, Nombre, ID_pais) values (452, 'Obrera', 452);
insert into Ciudades (id, Nombre, ID_pais) values (453, 'Dengfeng', 453);
insert into Ciudades (id, Nombre, ID_pais) values (454, 'Saint Augustine', 454);
insert into Ciudades (id, Nombre, ID_pais) values (455, 'Sarimukti Kaler', 455);
insert into Ciudades (id, Nombre, ID_pais) values (456, 'Empore√≠o', 456);
insert into Ciudades (id, Nombre, ID_pais) values (457, 'Newbiggin', 457);
insert into Ciudades (id, Nombre, ID_pais) values (458, 'Ping‚Äôan', 458);
insert into Ciudades (id, Nombre, ID_pais) values (459, 'Niugan', 459);
insert into Ciudades (id, Nombre, ID_pais) values (460, 'Bichura', 460);
insert into Ciudades (id, Nombre, ID_pais) values (461, 'Capim Grosso', 461);
insert into Ciudades (id, Nombre, ID_pais) values (462, 'Zhouzhuang', 462);
insert into Ciudades (id, Nombre, ID_pais) values (463, 'Zhovkva', 463);
insert into Ciudades (id, Nombre, ID_pais) values (464, 'Rychwa≈Ç', 464);
insert into Ciudades (id, Nombre, ID_pais) values (465, 'San Antonio', 465);
insert into Ciudades (id, Nombre, ID_pais) values (466, 'Zhugang', 466);
insert into Ciudades (id, Nombre, ID_pais) values (467, 'Karangharjo', 467);
insert into Ciudades (id, Nombre, ID_pais) values (468, 'Benjam√≠n Aceval', 468);
insert into Ciudades (id, Nombre, ID_pais) values (469, 'Fengyang', 469);
insert into Ciudades (id, Nombre, ID_pais) values (470, 'Santo Domingo', 470);
insert into Ciudades (id, Nombre, ID_pais) values (471, 'Irving', 471);
insert into Ciudades (id, Nombre, ID_pais) values (472, 'Samho-rodongjagu', 472);
insert into Ciudades (id, Nombre, ID_pais) values (473, 'Yulin', 473);
insert into Ciudades (id, Nombre, ID_pais) values (474, 'Jatake', 474);
insert into Ciudades (id, Nombre, ID_pais) values (475, 'San Juan Atit√°n', 475);
insert into Ciudades (id, Nombre, ID_pais) values (476, 'Vila Verde', 476);
insert into Ciudades (id, Nombre, ID_pais) values (477, 'Radimƒõ≈ô', 477);
insert into Ciudades (id, Nombre, ID_pais) values (478, 'Xaysetha', 478);
insert into Ciudades (id, Nombre, ID_pais) values (479, 'Mahuta', 479);
insert into Ciudades (id, Nombre, ID_pais) values (480, 'Ningyuan', 480);
insert into Ciudades (id, Nombre, ID_pais) values (481, 'Kitob', 481);
insert into Ciudades (id, Nombre, ID_pais) values (482, 'N√°vs√≠ u Jablunkova', 482);
insert into Ciudades (id, Nombre, ID_pais) values (483, 'Kemb√©', 483);
insert into Ciudades (id, Nombre, ID_pais) values (484, 'Bardo', 484);
insert into Ciudades (id, Nombre, ID_pais) values (485, 'Sofo-Birnin-Gwari', 485);
insert into Ciudades (id, Nombre, ID_pais) values (486, 'Guanyinsi', 486);
insert into Ciudades (id, Nombre, ID_pais) values (487, 'Xinkaikou', 487);
insert into Ciudades (id, Nombre, ID_pais) values (488, 'Getung', 488);
insert into Ciudades (id, Nombre, ID_pais) values (489, 'Bila Krynytsya', 489);
insert into Ciudades (id, Nombre, ID_pais) values (490, 'Dubreuil', 490);
insert into Ciudades (id, Nombre, ID_pais) values (491, 'Pekan', 491);
insert into Ciudades (id, Nombre, ID_pais) values (492, 'Grand Junction', 492);
insert into Ciudades (id, Nombre, ID_pais) values (493, 'Staryy Krym', 493);
insert into Ciudades (id, Nombre, ID_pais) values (494, 'Shiniujiang', 494);
insert into Ciudades (id, Nombre, ID_pais) values (495, 'Shizuoka-shi', 495);
insert into Ciudades (id, Nombre, ID_pais) values (496, 'Geidam', 496);
insert into Ciudades (id, Nombre, ID_pais) values (497, 'Tapado', 497);
insert into Ciudades (id, Nombre, ID_pais) values (498, 'Bagani', 498);
insert into Ciudades (id, Nombre, ID_pais) values (499, '≈ªarki', 499);
insert into Ciudades (id, Nombre, ID_pais) values (500, 'Yat√©-Barrage', 500);

-- InserciÛn de compaÒias
insert into Companias (id, Nombre, Direccion) values (1, 'Twimm', '4 6th Drive');
insert into Companias (id, Nombre, Direccion) values (2, 'Feedspan', '137 Schmedeman Hill');
insert into Companias (id, Nombre, Direccion) values (3, 'Brainsphere', '953 Shopko Terrace');
insert into Companias (id, Nombre, Direccion) values (4, 'Oloo', '4 Lighthouse Bay Plaza');
insert into Companias (id, Nombre, Direccion) values (5, 'Quatz', '89 School Drive');
insert into Companias (id, Nombre, Direccion) values (6, 'Jetpulse', '5 Buhler Road');
insert into Companias (id, Nombre, Direccion) values (7, 'Tagfeed', '6 Shopko Circle');
insert into Companias (id, Nombre, Direccion) values (8, 'Geba', '968 Union Place');
insert into Companias (id, Nombre, Direccion) values (9, 'Meemm', '57445 Service Pass');
insert into Companias (id, Nombre, Direccion) values (10, 'Jabbercube', '25486 Cascade Plaza');
insert into Companias (id, Nombre, Direccion) values (11, 'Buzzdog', '78440 Corscot Circle');
insert into Companias (id, Nombre, Direccion) values (12, 'Jetwire', '5473 Burrows Drive');
insert into Companias (id, Nombre, Direccion) values (13, 'Thoughtstorm', '81 Shasta Way');
insert into Companias (id, Nombre, Direccion) values (14, 'Twitterworks', '54 Warbler Alley');
insert into Companias (id, Nombre, Direccion) values (15, 'Chatterbridge', '5561 Main Park');
insert into Companias (id, Nombre, Direccion) values (16, 'Rooxo', '1254 Shelley Circle');
insert into Companias (id, Nombre, Direccion) values (17, 'Lazz', '88044 Arizona Park');
insert into Companias (id, Nombre, Direccion) values (18, 'Zoonder', '37 Barnett Circle');
insert into Companias (id, Nombre, Direccion) values (19, 'Yoveo', '840 Schlimgen Place');
insert into Companias (id, Nombre, Direccion) values (20, 'Fatz', '6491 Butternut Terrace');
insert into Companias (id, Nombre, Direccion) values (21, 'Skyble', '30 Browning Parkway');
insert into Companias (id, Nombre, Direccion) values (22, 'Tagtune', '7 Claremont Parkway');
insert into Companias (id, Nombre, Direccion) values (23, 'Quire', '9629 Eastwood Court');
insert into Companias (id, Nombre, Direccion) values (24, 'Vidoo', '2 Victoria Parkway');
insert into Companias (id, Nombre, Direccion) values (25, 'Oyoyo', '57335 Caliangt Point');
insert into Companias (id, Nombre, Direccion) values (26, 'Omba', '919 Arkansas Drive');
insert into Companias (id, Nombre, Direccion) values (27, 'Fatz', '770 Elmside Lane');
insert into Companias (id, Nombre, Direccion) values (28, 'Roomm', '7273 Hauk Terrace');
insert into Companias (id, Nombre, Direccion) values (29, 'Browsedrive', '7 Hanson Court');
insert into Companias (id, Nombre, Direccion) values (30, 'Feedspan', '34 Elgar Park');
insert into Companias (id, Nombre, Direccion) values (31, 'Twinder', '7717 Kinsman Terrace');
insert into Companias (id, Nombre, Direccion) values (32, 'Plajo', '477 Orin Point');
insert into Companias (id, Nombre, Direccion) values (33, 'Dynabox', '84 Anniversary Road');
insert into Companias (id, Nombre, Direccion) values (34, 'Oyoyo', '806 Bowman Terrace');
insert into Companias (id, Nombre, Direccion) values (35, 'Gevee', '750 Luster Court');
insert into Companias (id, Nombre, Direccion) values (36, 'Yombu', '50 Hermina Alley');
insert into Companias (id, Nombre, Direccion) values (37, 'Skalith', '133 Summer Ridge Place');
insert into Companias (id, Nombre, Direccion) values (38, 'Gabspot', '5661 3rd Park');
insert into Companias (id, Nombre, Direccion) values (39, 'Gabspot', '6201 Susan Place');
insert into Companias (id, Nombre, Direccion) values (40, 'Jetpulse', '8 Arizona Drive');
insert into Companias (id, Nombre, Direccion) values (41, 'Divanoodle', '55761 Nova Terrace');
insert into Companias (id, Nombre, Direccion) values (42, 'Leenti', '6558 Sauthoff Lane');
insert into Companias (id, Nombre, Direccion) values (43, 'Kamba', '29337 Village Green Parkway');
insert into Companias (id, Nombre, Direccion) values (44, 'Dazzlesphere', '8422 Rockefeller Avenue');
insert into Companias (id, Nombre, Direccion) values (45, 'Browsetype', '67055 Manley Parkway');
insert into Companias (id, Nombre, Direccion) values (46, 'Eamia', '19 Killdeer Point');
insert into Companias (id, Nombre, Direccion) values (47, 'Trudeo', '5 Prairie Rose Center');
insert into Companias (id, Nombre, Direccion) values (48, 'Yadel', '40825 Maywood Pass');
insert into Companias (id, Nombre, Direccion) values (49, 'Kwimbee', '67 Melvin Parkway');
insert into Companias (id, Nombre, Direccion) values (50, 'Kayveo', '87880 Jenna Terrace');
insert into Companias (id, Nombre, Direccion) values (51, 'Zoombeat', '3 Forster Place');
insert into Companias (id, Nombre, Direccion) values (52, 'Edgeify', '949 Mayfield Street');
insert into Companias (id, Nombre, Direccion) values (53, 'Yamia', '6 Gulseth Place');
insert into Companias (id, Nombre, Direccion) values (54, 'Divape', '4761 Briar Crest Way');
insert into Companias (id, Nombre, Direccion) values (55, 'Zoomzone', '227 Arrowood Terrace');
insert into Companias (id, Nombre, Direccion) values (56, 'Miboo', '7581 Gulseth Plaza');
insert into Companias (id, Nombre, Direccion) values (57, 'Gabvine', '695 Merchant Center');
insert into Companias (id, Nombre, Direccion) values (58, 'Skiba', '89 North Junction');
insert into Companias (id, Nombre, Direccion) values (59, 'Shufflester', '26 Evergreen Terrace');
insert into Companias (id, Nombre, Direccion) values (60, 'Kamba', '0 Bluejay Point');
insert into Companias (id, Nombre, Direccion) values (61, 'Skinte', '92 Springs Plaza');
insert into Companias (id, Nombre, Direccion) values (62, 'Rhyloo', '9804 Bashford Street');
insert into Companias (id, Nombre, Direccion) values (63, 'Jabberbean', '949 Cherokee Plaza');
insert into Companias (id, Nombre, Direccion) values (64, 'Kimia', '31249 Oxford Pass');
insert into Companias (id, Nombre, Direccion) values (65, 'Yombu', '42119 Acker Parkway');
insert into Companias (id, Nombre, Direccion) values (66, 'Twimm', '316 Sloan Trail');
insert into Companias (id, Nombre, Direccion) values (67, 'Kwideo', '681 Blue Bill Park Place');
insert into Companias (id, Nombre, Direccion) values (68, 'Quatz', '6188 Norway Maple Plaza');
insert into Companias (id, Nombre, Direccion) values (69, 'Agivu', '53058 Pearson Street');
insert into Companias (id, Nombre, Direccion) values (70, 'Skilith', '07016 Granby Pass');
insert into Companias (id, Nombre, Direccion) values (71, 'Feedfire', '9 Loeprich Circle');
insert into Companias (id, Nombre, Direccion) values (72, 'Flashset', '9 Bellgrove Road');
insert into Companias (id, Nombre, Direccion) values (73, 'Meemm', '561 Grasskamp Plaza');
insert into Companias (id, Nombre, Direccion) values (74, 'Bluezoom', '3188 Quincy Place');
insert into Companias (id, Nombre, Direccion) values (75, 'Oyoloo', '6121 Prairie Rose Junction');
insert into Companias (id, Nombre, Direccion) values (76, 'Lazz', '6 Stone Corner Plaza');
insert into Companias (id, Nombre, Direccion) values (77, 'Twitterwire', '0065 West Place');
insert into Companias (id, Nombre, Direccion) values (78, 'Mita', '09588 Pennsylvania Pass');
insert into Companias (id, Nombre, Direccion) values (79, 'Plambee', '37 Westridge Pass');
insert into Companias (id, Nombre, Direccion) values (80, 'Buzzbean', '0 Harper Avenue');
insert into Companias (id, Nombre, Direccion) values (81, 'Divavu', '25 Dottie Alley');
insert into Companias (id, Nombre, Direccion) values (82, 'Feedspan', '6 Roxbury Street');
insert into Companias (id, Nombre, Direccion) values (83, 'Skidoo', '41 Judy Street');
insert into Companias (id, Nombre, Direccion) values (84, 'Mynte', '953 Onsgard Point');
insert into Companias (id, Nombre, Direccion) values (85, 'Trunyx', '001 Melby Street');
insert into Companias (id, Nombre, Direccion) values (86, 'Brightbean', '57 Kinsman Parkway');
insert into Companias (id, Nombre, Direccion) values (87, 'Twimbo', '4922 Sloan Circle');
insert into Companias (id, Nombre, Direccion) values (88, 'Feednation', '2 Clove Place');
insert into Companias (id, Nombre, Direccion) values (89, 'Flashdog', '17 Sachs Street');
insert into Companias (id, Nombre, Direccion) values (90, 'Reallinks', '985 Northwestern Parkway');
insert into Companias (id, Nombre, Direccion) values (91, 'Yozio', '10164 Merrick Pass');
insert into Companias (id, Nombre, Direccion) values (92, 'Gigabox', '830 Dottie Court');
insert into Companias (id, Nombre, Direccion) values (93, 'Photolist', '0 Westerfield Place');
insert into Companias (id, Nombre, Direccion) values (94, 'Blogspan', '889 Schurz Junction');
insert into Companias (id, Nombre, Direccion) values (95, 'Jabbertype', '35 Thierer Trail');
insert into Companias (id, Nombre, Direccion) values (96, 'Avavee', '7936 Hollow Ridge Alley');
insert into Companias (id, Nombre, Direccion) values (97, 'Yakijo', '44 5th Street');
insert into Companias (id, Nombre, Direccion) values (98, 'Browsecat', '4123 Miller Drive');
insert into Companias (id, Nombre, Direccion) values (99, 'Thoughtmix', '1 Westend Crossing');
insert into Companias (id, Nombre, Direccion) values (100, 'Livetube', '614 Cody Park');
insert into Companias (id, Nombre, Direccion) values (101, 'Flashpoint', '661 Mayfield Street');
insert into Companias (id, Nombre, Direccion) values (102, 'Ntags', '54125 Huxley Way');
insert into Companias (id, Nombre, Direccion) values (103, 'Kwimbee', '9 Anderson Terrace');
insert into Companias (id, Nombre, Direccion) values (104, 'Edgepulse', '8 Northport Drive');
insert into Companias (id, Nombre, Direccion) values (105, 'Ooba', '4108 Banding Plaza');
insert into Companias (id, Nombre, Direccion) values (106, 'Roomm', '256 8th Avenue');
insert into Companias (id, Nombre, Direccion) values (107, 'Tambee', '1292 Victoria Road');
insert into Companias (id, Nombre, Direccion) values (108, 'Twitterworks', '93 Union Parkway');
insert into Companias (id, Nombre, Direccion) values (109, 'Ozu', '740 Meadow Vale Plaza');
insert into Companias (id, Nombre, Direccion) values (110, 'Yodo', '02 Corry Place');
insert into Companias (id, Nombre, Direccion) values (111, 'Skyble', '7608 Carey Crossing');
insert into Companias (id, Nombre, Direccion) values (112, 'Nlounge', '91309 Orin Park');
insert into Companias (id, Nombre, Direccion) values (113, 'Voonyx', '4 Twin Pines Hill');
insert into Companias (id, Nombre, Direccion) values (114, 'Midel', '0 Hoffman Junction');
insert into Companias (id, Nombre, Direccion) values (115, 'Blogspan', '2 Bayside Park');
insert into Companias (id, Nombre, Direccion) values (116, 'Zoombox', '69461 Toban Avenue');
insert into Companias (id, Nombre, Direccion) values (117, 'Flashspan', '08 Upham Way');
insert into Companias (id, Nombre, Direccion) values (118, 'Yacero', '67 David Hill');
insert into Companias (id, Nombre, Direccion) values (119, 'Bluezoom', '50164 Southridge Hill');
insert into Companias (id, Nombre, Direccion) values (120, 'Shufflester', '36 Orin Drive');
insert into Companias (id, Nombre, Direccion) values (121, 'Browsebug', '6 Vermont Court');
insert into Companias (id, Nombre, Direccion) values (122, 'Photobean', '40 Russell Way');
insert into Companias (id, Nombre, Direccion) values (123, 'Buzzster', '2561 Fairview Pass');
insert into Companias (id, Nombre, Direccion) values (124, 'Skinder', '86546 Sutherland Trail');
insert into Companias (id, Nombre, Direccion) values (125, 'Skajo', '96655 Bluejay Crossing');
insert into Companias (id, Nombre, Direccion) values (126, 'Ozu', '77 Texas Alley');
insert into Companias (id, Nombre, Direccion) values (127, 'Digitube', '78 Hollow Ridge Center');
insert into Companias (id, Nombre, Direccion) values (128, 'Oyoyo', '0645 Shopko Trail');
insert into Companias (id, Nombre, Direccion) values (129, 'Fivebridge', '93088 Knutson Circle');
insert into Companias (id, Nombre, Direccion) values (130, 'Ooba', '19277 Kedzie Point');
insert into Companias (id, Nombre, Direccion) values (131, 'Plajo', '5 Debra Terrace');
insert into Companias (id, Nombre, Direccion) values (132, 'Oyope', '43420 Dorton Court');
insert into Companias (id, Nombre, Direccion) values (133, 'Quinu', '5 Esker Avenue');
insert into Companias (id, Nombre, Direccion) values (134, 'Linktype', '3497 Donald Drive');
insert into Companias (id, Nombre, Direccion) values (135, 'Divape', '1592 Westend Pass');
insert into Companias (id, Nombre, Direccion) values (136, 'Jaxnation', '4254 Northfield Point');
insert into Companias (id, Nombre, Direccion) values (137, 'Ainyx', '5 Anniversary Circle');
insert into Companias (id, Nombre, Direccion) values (138, 'Gigashots', '5 Hayes Crossing');
insert into Companias (id, Nombre, Direccion) values (139, 'Quinu', '6752 Golden Leaf Hill');
insert into Companias (id, Nombre, Direccion) values (140, 'Eare', '57 Twin Pines Avenue');
insert into Companias (id, Nombre, Direccion) values (141, 'Centidel', '2 Bluestem Pass');
insert into Companias (id, Nombre, Direccion) values (142, 'Rhyzio', '130 Merrick Avenue');
insert into Companias (id, Nombre, Direccion) values (143, 'Thoughtblab', '7530 High Crossing Trail');
insert into Companias (id, Nombre, Direccion) values (144, 'Rhyloo', '97218 Tennessee Street');
insert into Companias (id, Nombre, Direccion) values (145, 'Meembee', '7 Mayfield Circle');
insert into Companias (id, Nombre, Direccion) values (146, 'Meetz', '70599 Waxwing Court');
insert into Companias (id, Nombre, Direccion) values (147, 'Edgeify', '532 Hoepker Street');
insert into Companias (id, Nombre, Direccion) values (148, 'Kare', '29 Westridge Alley');
insert into Companias (id, Nombre, Direccion) values (149, 'Skidoo', '7371 American Ash Street');
insert into Companias (id, Nombre, Direccion) values (150, 'Vitz', '01 Melody Trail');
insert into Companias (id, Nombre, Direccion) values (151, 'Avaveo', '00402 Blackbird Crossing');
insert into Companias (id, Nombre, Direccion) values (152, 'Topdrive', '92650 Carey Junction');
insert into Companias (id, Nombre, Direccion) values (153, 'Oyoloo', '236 John Wall Alley');
insert into Companias (id, Nombre, Direccion) values (154, 'Voonyx', '79 Cardinal Pass');
insert into Companias (id, Nombre, Direccion) values (155, 'Innotype', '92492 Logan Junction');
insert into Companias (id, Nombre, Direccion) values (156, 'Pixonyx', '808 Little Fleur Road');
insert into Companias (id, Nombre, Direccion) values (157, 'Edgeclub', '1867 American Drive');
insert into Companias (id, Nombre, Direccion) values (158, 'Topicshots', '45423 Twin Pines Road');
insert into Companias (id, Nombre, Direccion) values (159, 'Vipe', '2 Montana Center');
insert into Companias (id, Nombre, Direccion) values (160, 'Skiba', '4877 Warner Circle');
insert into Companias (id, Nombre, Direccion) values (161, 'Yakijo', '69064 Bartillon Avenue');
insert into Companias (id, Nombre, Direccion) values (162, 'Linkbridge', '512 Rusk Alley');
insert into Companias (id, Nombre, Direccion) values (163, 'Twinder', '206 Sachtjen Trail');
insert into Companias (id, Nombre, Direccion) values (164, 'Skyba', '4037 Bluestem Avenue');
insert into Companias (id, Nombre, Direccion) values (165, 'Reallinks', '817 Brentwood Circle');
insert into Companias (id, Nombre, Direccion) values (166, 'Ntags', '37192 Sullivan Road');
insert into Companias (id, Nombre, Direccion) values (167, 'Zoomlounge', '998 Larry Place');
insert into Companias (id, Nombre, Direccion) values (168, 'Zoovu', '57 Straubel Avenue');
insert into Companias (id, Nombre, Direccion) values (169, 'Bubblemix', '2425 Summerview Point');
insert into Companias (id, Nombre, Direccion) values (170, 'LiveZ', '9 Hintze Center');
insert into Companias (id, Nombre, Direccion) values (171, 'Aivee', '84 Saint Paul Trail');
insert into Companias (id, Nombre, Direccion) values (172, 'Twitterwire', '44864 Farmco Park');
insert into Companias (id, Nombre, Direccion) values (173, 'Cogibox', '2 Mcguire Terrace');
insert into Companias (id, Nombre, Direccion) values (174, 'Youopia', '2 Merry Street');
insert into Companias (id, Nombre, Direccion) values (175, 'Kamba', '31 Paget Place');
insert into Companias (id, Nombre, Direccion) values (176, 'Brainbox', '405 Harper Trail');
insert into Companias (id, Nombre, Direccion) values (177, 'Meevee', '485 Knutson Place');
insert into Companias (id, Nombre, Direccion) values (178, 'Trudeo', '3295 Dunning Way');
insert into Companias (id, Nombre, Direccion) values (179, 'Vitz', '63699 Carberry Crossing');
insert into Companias (id, Nombre, Direccion) values (180, 'Vitz', '0 Oneill Pass');
insert into Companias (id, Nombre, Direccion) values (181, 'Fivechat', '195 Main Circle');
insert into Companias (id, Nombre, Direccion) values (182, 'Camimbo', '6620 Laurel Plaza');
insert into Companias (id, Nombre, Direccion) values (183, 'Viva', '8121 Arkansas Park');
insert into Companias (id, Nombre, Direccion) values (184, 'Tazzy', '120 Westridge Road');
insert into Companias (id, Nombre, Direccion) values (185, 'Agivu', '9 8th Point');
insert into Companias (id, Nombre, Direccion) values (186, 'Jabbersphere', '88901 Hollow Ridge Pass');
insert into Companias (id, Nombre, Direccion) values (187, 'Zoovu', '3 Golf Crossing');
insert into Companias (id, Nombre, Direccion) values (188, 'Dynabox', '8072 Dexter Hill');
insert into Companias (id, Nombre, Direccion) values (189, 'Meembee', '37 Fairview Street');
insert into Companias (id, Nombre, Direccion) values (190, 'Riffwire', '3783 Sherman Park');
insert into Companias (id, Nombre, Direccion) values (191, 'Youopia', '03936 Steensland Court');
insert into Companias (id, Nombre, Direccion) values (192, 'Eimbee', '44384 Algoma Hill');
insert into Companias (id, Nombre, Direccion) values (193, 'Fivechat', '9 Montana Avenue');
insert into Companias (id, Nombre, Direccion) values (194, 'Demizz', '041 Rigney Street');
insert into Companias (id, Nombre, Direccion) values (195, 'Riffwire', '2216 Holmberg Circle');
insert into Companias (id, Nombre, Direccion) values (196, 'Bluejam', '734 Eagan Place');
insert into Companias (id, Nombre, Direccion) values (197, 'Blogtags', '3093 Onsgard Crossing');
insert into Companias (id, Nombre, Direccion) values (198, 'Livetube', '941 Mallory Way');
insert into Companias (id, Nombre, Direccion) values (199, 'Browsetype', '98226 Pennsylvania Lane');
insert into Companias (id, Nombre, Direccion) values (200, 'Vipe', '86 Pine View Plaza');
insert into Companias (id, Nombre, Direccion) values (201, 'Meetz', '012 Lotheville Trail');
insert into Companias (id, Nombre, Direccion) values (202, 'Dabfeed', '42521 Lindbergh Avenue');
insert into Companias (id, Nombre, Direccion) values (203, 'Yodo', '2367 Helena Court');
insert into Companias (id, Nombre, Direccion) values (204, 'Vinder', '886 Elka Circle');
insert into Companias (id, Nombre, Direccion) values (205, 'Thoughtbridge', '9225 Lighthouse Bay Alley');
insert into Companias (id, Nombre, Direccion) values (206, 'Tagopia', '482 Bay Terrace');
insert into Companias (id, Nombre, Direccion) values (207, 'Innojam', '7668 Gulseth Hill');
insert into Companias (id, Nombre, Direccion) values (208, 'Trilith', '9527 Summer Ridge Street');
insert into Companias (id, Nombre, Direccion) values (209, 'Dabvine', '4504 Rigney Center');
insert into Companias (id, Nombre, Direccion) values (210, 'Skynoodle', '031 Melvin Court');
insert into Companias (id, Nombre, Direccion) values (211, 'Zoomdog', '4 Fairfield Alley');
insert into Companias (id, Nombre, Direccion) values (212, 'Skivee', '19 School Park');
insert into Companias (id, Nombre, Direccion) values (213, 'Babbleopia', '76 Muir Crossing');
insert into Companias (id, Nombre, Direccion) values (214, 'Trunyx', '42341 Dexter Lane');
insert into Companias (id, Nombre, Direccion) values (215, 'Topiczoom', '3 Lighthouse Bay Lane');
insert into Companias (id, Nombre, Direccion) values (216, 'Voolia', '0 Declaration Pass');
insert into Companias (id, Nombre, Direccion) values (217, 'Vitz', '522 Quincy Lane');
insert into Companias (id, Nombre, Direccion) values (218, 'Kwilith', '46 Manley Terrace');
insert into Companias (id, Nombre, Direccion) values (219, 'Shuffletag', '1163 Montana Park');
insert into Companias (id, Nombre, Direccion) values (220, 'Rhybox', '3001 Eagan Circle');
insert into Companias (id, Nombre, Direccion) values (221, 'Meevee', '1180 Grover Drive');
insert into Companias (id, Nombre, Direccion) values (222, 'Tanoodle', '46 Carey Trail');
insert into Companias (id, Nombre, Direccion) values (223, 'Voonyx', '24 Onsgard Lane');
insert into Companias (id, Nombre, Direccion) values (224, 'Vinder', '603 Bluejay Drive');
insert into Companias (id, Nombre, Direccion) values (225, 'Pixoboo', '09 Columbus Street');
insert into Companias (id, Nombre, Direccion) values (226, 'Youspan', '042 Birchwood Junction');
insert into Companias (id, Nombre, Direccion) values (227, 'Demimbu', '84 Crescent Oaks Avenue');
insert into Companias (id, Nombre, Direccion) values (228, 'Myworks', '6755 Elka Center');
insert into Companias (id, Nombre, Direccion) values (229, 'Cogibox', '52 Hansons Junction');
insert into Companias (id, Nombre, Direccion) values (230, 'Dynabox', '9 Bayside Parkway');
insert into Companias (id, Nombre, Direccion) values (231, 'Twinder', '2 Sommers Terrace');
insert into Companias (id, Nombre, Direccion) values (232, 'Centimia', '448 Cascade Trail');
insert into Companias (id, Nombre, Direccion) values (233, 'Chatterbridge', '7424 Judy Trail');
insert into Companias (id, Nombre, Direccion) values (234, 'Centimia', '042 Springs Terrace');
insert into Companias (id, Nombre, Direccion) values (235, 'Vitz', '320 Atwood Lane');
insert into Companias (id, Nombre, Direccion) values (236, 'Brainbox', '5003 Oak Trail');
insert into Companias (id, Nombre, Direccion) values (237, 'Meemm', '21210 Ronald Regan Pass');
insert into Companias (id, Nombre, Direccion) values (238, 'Dynazzy', '0 Grim Alley');
insert into Companias (id, Nombre, Direccion) values (239, 'Buzzdog', '80 Portage Point');
insert into Companias (id, Nombre, Direccion) values (240, 'Oloo', '23 Jenna Parkway');
insert into Companias (id, Nombre, Direccion) values (241, 'Rhybox', '01 Ramsey Parkway');
insert into Companias (id, Nombre, Direccion) values (242, 'Gigashots', '2 Crownhardt Road');
insert into Companias (id, Nombre, Direccion) values (243, 'Jabberstorm', '0 Annamark Drive');
insert into Companias (id, Nombre, Direccion) values (244, 'Blogspan', '728 Reindahl Lane');
insert into Companias (id, Nombre, Direccion) values (245, 'Tavu', '53247 Homewood Street');
insert into Companias (id, Nombre, Direccion) values (246, 'Roodel', '02 Oak Center');
insert into Companias (id, Nombre, Direccion) values (247, 'Tanoodle', '60256 Red Cloud Parkway');
insert into Companias (id, Nombre, Direccion) values (248, 'Zava', '83840 Warrior Park');
insert into Companias (id, Nombre, Direccion) values (249, 'Ozu', '7663 Ronald Regan Way');
insert into Companias (id, Nombre, Direccion) values (250, 'Babbleblab', '40806 Columbus Avenue');
insert into Companias (id, Nombre, Direccion) values (251, 'Kwideo', '9605 Park Meadow Plaza');
insert into Companias (id, Nombre, Direccion) values (252, 'Katz', '8 Crownhardt Park');
insert into Companias (id, Nombre, Direccion) values (253, 'Tazz', '054 Laurel Place');
insert into Companias (id, Nombre, Direccion) values (254, 'Twinder', '38 Golf Course Place');
insert into Companias (id, Nombre, Direccion) values (255, 'Topdrive', '2602 Jenifer Point');
insert into Companias (id, Nombre, Direccion) values (256, 'Fivebridge', '77649 West Road');
insert into Companias (id, Nombre, Direccion) values (257, 'Kayveo', '90 Memorial Avenue');
insert into Companias (id, Nombre, Direccion) values (258, 'Izio', '08 Badeau Park');
insert into Companias (id, Nombre, Direccion) values (259, 'Digitube', '364 Sutherland Circle');
insert into Companias (id, Nombre, Direccion) values (260, 'Meeveo', '4 Crescent Oaks Lane');
insert into Companias (id, Nombre, Direccion) values (261, 'Agimba', '1533 Rutledge Point');
insert into Companias (id, Nombre, Direccion) values (262, 'Jaloo', '34034 Golf Course Point');
insert into Companias (id, Nombre, Direccion) values (263, 'Oozz', '9012 Arrowood Crossing');
insert into Companias (id, Nombre, Direccion) values (264, 'Zoombox', '2 Mesta Park');
insert into Companias (id, Nombre, Direccion) values (265, 'Agivu', '4630 Melrose Circle');
insert into Companias (id, Nombre, Direccion) values (266, 'Oyope', '8 Pennsylvania Parkway');
insert into Companias (id, Nombre, Direccion) values (267, 'Twimm', '4 Forest Pass');
insert into Companias (id, Nombre, Direccion) values (268, 'Vinder', '22 Barnett Alley');
insert into Companias (id, Nombre, Direccion) values (269, 'Browsetype', '71 Old Shore Parkway');
insert into Companias (id, Nombre, Direccion) values (270, 'Ailane', '061 7th Circle');
insert into Companias (id, Nombre, Direccion) values (271, 'Feednation', '717 Buhler Park');
insert into Companias (id, Nombre, Direccion) values (272, 'Nlounge', '0 Stone Corner Crossing');
insert into Companias (id, Nombre, Direccion) values (273, 'Dynazzy', '423 Lyons Circle');
insert into Companias (id, Nombre, Direccion) values (274, 'Avamm', '285 Bunker Hill Hill');
insert into Companias (id, Nombre, Direccion) values (275, 'Browseblab', '7548 Sundown Avenue');
insert into Companias (id, Nombre, Direccion) values (276, 'Meevee', '0980 Onsgard Park');
insert into Companias (id, Nombre, Direccion) values (277, 'Jaxnation', '98 American Center');
insert into Companias (id, Nombre, Direccion) values (278, 'Vinder', '513 Harbort Circle');
insert into Companias (id, Nombre, Direccion) values (279, 'Babblestorm', '703 Almo Trail');
insert into Companias (id, Nombre, Direccion) values (280, 'Thoughtmix', '5 Debs Pass');
insert into Companias (id, Nombre, Direccion) values (281, 'Lazzy', '806 Boyd Street');
insert into Companias (id, Nombre, Direccion) values (282, 'Zoovu', '2 Bashford Way');
insert into Companias (id, Nombre, Direccion) values (283, 'Zazio', '0094 Cody Lane');
insert into Companias (id, Nombre, Direccion) values (284, 'Tagopia', '64 Carpenter Terrace');
insert into Companias (id, Nombre, Direccion) values (285, 'Oozz', '1781 Dixon Trail');
insert into Companias (id, Nombre, Direccion) values (286, 'Topicstorm', '40 Melvin Lane');
insert into Companias (id, Nombre, Direccion) values (287, 'Yata', '4 Bowman Court');
insert into Companias (id, Nombre, Direccion) values (288, 'Photolist', '37 Killdeer Street');
insert into Companias (id, Nombre, Direccion) values (289, 'Yodel', '50090 Oxford Circle');
insert into Companias (id, Nombre, Direccion) values (290, 'Yakidoo', '7 Elka Lane');
insert into Companias (id, Nombre, Direccion) values (291, 'Twitterlist', '89401 Nova Hill');
insert into Companias (id, Nombre, Direccion) values (292, 'Yodoo', '5 Menomonie Plaza');
insert into Companias (id, Nombre, Direccion) values (293, 'Realbuzz', '6 Clarendon Circle');
insert into Companias (id, Nombre, Direccion) values (294, 'Avavee', '9 Becker Junction');
insert into Companias (id, Nombre, Direccion) values (295, 'Vimbo', '63 Oak Valley Circle');
insert into Companias (id, Nombre, Direccion) values (296, 'Photobug', '161 Farmco Drive');
insert into Companias (id, Nombre, Direccion) values (297, 'Dynabox', '85312 Burning Wood Court');
insert into Companias (id, Nombre, Direccion) values (298, 'Avavee', '8096 Dennis Lane');
insert into Companias (id, Nombre, Direccion) values (299, 'Topdrive', '628 Golf Center');
insert into Companias (id, Nombre, Direccion) values (300, 'Thoughtstorm', '59 Grayhawk Circle');
insert into Companias (id, Nombre, Direccion) values (301, 'Feedspan', '6664 Atwood Court');
insert into Companias (id, Nombre, Direccion) values (302, 'Avavee', '0149 Hauk Alley');
insert into Companias (id, Nombre, Direccion) values (303, 'Rooxo', '5 Farwell Point');
insert into Companias (id, Nombre, Direccion) values (304, 'Centimia', '5628 Schiller Court');
insert into Companias (id, Nombre, Direccion) values (305, 'Leenti', '270 Stephen Street');
insert into Companias (id, Nombre, Direccion) values (306, 'Youbridge', '5770 7th Plaza');
insert into Companias (id, Nombre, Direccion) values (307, 'Skilith', '33572 Orin Pass');
insert into Companias (id, Nombre, Direccion) values (308, 'Layo', '3900 Hanover Street');
insert into Companias (id, Nombre, Direccion) values (309, 'Kaymbo', '1 Farmco Alley');
insert into Companias (id, Nombre, Direccion) values (310, 'Edgepulse', '76467 Crownhardt Pass');
insert into Companias (id, Nombre, Direccion) values (311, 'Photofeed', '0606 Helena Trail');
insert into Companias (id, Nombre, Direccion) values (312, 'Kwilith', '8 Mayfield Way');
insert into Companias (id, Nombre, Direccion) values (313, 'Brainsphere', '68 Kropf Way');
insert into Companias (id, Nombre, Direccion) values (314, 'Oyoloo', '37673 Moland Way');
insert into Companias (id, Nombre, Direccion) values (315, 'Kazio', '5 Bellgrove Parkway');
insert into Companias (id, Nombre, Direccion) values (316, 'Voomm', '7365 Mcbride Road');
insert into Companias (id, Nombre, Direccion) values (317, 'Thoughtbridge', '6 Mcguire Point');
insert into Companias (id, Nombre, Direccion) values (318, 'Blogpad', '55 Maryland Trail');
insert into Companias (id, Nombre, Direccion) values (319, 'Voonte', '65592 Mesta Park');
insert into Companias (id, Nombre, Direccion) values (320, 'Roomm', '28 David Parkway');
insert into Companias (id, Nombre, Direccion) values (321, 'Quire', '18 Arrowood Park');
insert into Companias (id, Nombre, Direccion) values (322, 'Yodoo', '14 Reindahl Park');
insert into Companias (id, Nombre, Direccion) values (323, 'Yombu', '0321 Dottie Parkway');
insert into Companias (id, Nombre, Direccion) values (324, 'Quamba', '462 Clarendon Junction');
insert into Companias (id, Nombre, Direccion) values (325, 'Photobean', '8 Crownhardt Pass');
insert into Companias (id, Nombre, Direccion) values (326, 'Chatterbridge', '821 Grasskamp Hill');
insert into Companias (id, Nombre, Direccion) values (327, 'Babbleopia', '287 Dunning Avenue');
insert into Companias (id, Nombre, Direccion) values (328, 'Twitternation', '6521 Merchant Point');
insert into Companias (id, Nombre, Direccion) values (329, 'Riffwire', '1 7th Crossing');
insert into Companias (id, Nombre, Direccion) values (330, 'Topiczoom', '871 Prairie Rose Pass');
insert into Companias (id, Nombre, Direccion) values (331, 'Meembee', '9 Norway Maple Avenue');
insert into Companias (id, Nombre, Direccion) values (332, 'Browsebug', '8 Park Meadow Lane');
insert into Companias (id, Nombre, Direccion) values (333, 'Trudeo', '7338 Forest Dale Parkway');
insert into Companias (id, Nombre, Direccion) values (334, 'Kazu', '4 Truax Street');
insert into Companias (id, Nombre, Direccion) values (335, 'Linklinks', '642 Bartelt Crossing');
insert into Companias (id, Nombre, Direccion) values (336, 'Oodoo', '584 Weeping Birch Drive');
insert into Companias (id, Nombre, Direccion) values (337, 'Twinder', '98 Loomis Drive');
insert into Companias (id, Nombre, Direccion) values (338, 'Jayo', '230 Dixon Place');
insert into Companias (id, Nombre, Direccion) values (339, 'Meejo', '7569 Brickson Park Crossing');
insert into Companias (id, Nombre, Direccion) values (340, 'Yodoo', '3 Forest Street');
insert into Companias (id, Nombre, Direccion) values (341, 'Browseblab', '1429 Linden Lane');
insert into Companias (id, Nombre, Direccion) values (342, 'Zooxo', '9899 Oriole Point');
insert into Companias (id, Nombre, Direccion) values (343, 'Geba', '4 5th Terrace');
insert into Companias (id, Nombre, Direccion) values (344, 'Omba', '79 Monica Junction');
insert into Companias (id, Nombre, Direccion) values (345, 'Bluezoom', '0 4th Drive');
insert into Companias (id, Nombre, Direccion) values (346, 'Skyvu', '4 Meadow Valley Junction');
insert into Companias (id, Nombre, Direccion) values (347, 'Voonix', '0 Miller Plaza');
insert into Companias (id, Nombre, Direccion) values (348, 'Shuffledrive', '1461 Carioca Trail');
insert into Companias (id, Nombre, Direccion) values (349, 'Babbleopia', '85770 Golden Leaf Pass');
insert into Companias (id, Nombre, Direccion) values (350, 'Teklist', '057 Truax Crossing');
insert into Companias (id, Nombre, Direccion) values (351, 'Realbridge', '92702 Morningstar Trail');
insert into Companias (id, Nombre, Direccion) values (352, 'Trudoo', '6640 Coolidge Pass');
insert into Companias (id, Nombre, Direccion) values (353, 'Oyoloo', '1962 Lawn Crossing');
insert into Companias (id, Nombre, Direccion) values (354, 'Jayo', '14980 Fallview Junction');
insert into Companias (id, Nombre, Direccion) values (355, 'Jabbertype', '6 Lien Plaza');
insert into Companias (id, Nombre, Direccion) values (356, 'Yodoo', '715 Nancy Street');
insert into Companias (id, Nombre, Direccion) values (357, 'Edgewire', '65 Logan Drive');
insert into Companias (id, Nombre, Direccion) values (358, 'Skaboo', '5569 Mandrake Drive');
insert into Companias (id, Nombre, Direccion) values (359, 'Meevee', '044 Lerdahl Pass');
insert into Companias (id, Nombre, Direccion) values (360, 'Youfeed', '38252 Transport Circle');
insert into Companias (id, Nombre, Direccion) values (361, 'Einti', '45309 Goodland Junction');
insert into Companias (id, Nombre, Direccion) values (362, 'Wikido', '83921 Thierer Place');
insert into Companias (id, Nombre, Direccion) values (363, 'Mymm', '92093 Crowley Place');
insert into Companias (id, Nombre, Direccion) values (364, 'Blognation', '36 Graedel Pass');
insert into Companias (id, Nombre, Direccion) values (365, 'Quimm', '3 Schurz Circle');
insert into Companias (id, Nombre, Direccion) values (366, 'Feedfire', '23430 Carioca Circle');
insert into Companias (id, Nombre, Direccion) values (367, 'Einti', '30 Little Fleur Way');
insert into Companias (id, Nombre, Direccion) values (368, 'Topicblab', '72 Vera Way');
insert into Companias (id, Nombre, Direccion) values (369, 'Gigashots', '2448 Banding Crossing');
insert into Companias (id, Nombre, Direccion) values (370, 'Zoovu', '7470 Kenwood Center');
insert into Companias (id, Nombre, Direccion) values (371, 'Ailane', '97 Center Pass');
insert into Companias (id, Nombre, Direccion) values (372, 'Rhyloo', '7610 Butternut Drive');
insert into Companias (id, Nombre, Direccion) values (373, 'Zava', '7 Fairfield Trail');
insert into Companias (id, Nombre, Direccion) values (374, 'Fivechat', '9827 Birchwood Pass');
insert into Companias (id, Nombre, Direccion) values (375, 'Omba', '1 Shoshone Hill');
insert into Companias (id, Nombre, Direccion) values (376, 'Youopia', '7362 Kennedy Court');
insert into Companias (id, Nombre, Direccion) values (377, 'Babblestorm', '8511 Forster Plaza');
insert into Companias (id, Nombre, Direccion) values (378, 'Wordtune', '990 Dixon Crossing');
insert into Companias (id, Nombre, Direccion) values (379, 'Vimbo', '39321 Londonderry Pass');
insert into Companias (id, Nombre, Direccion) values (380, 'Bubblebox', '1 Lakewood Gardens Parkway');
insert into Companias (id, Nombre, Direccion) values (381, 'Yoveo', '85099 Delladonna Road');
insert into Companias (id, Nombre, Direccion) values (382, 'Skyndu', '9185 Loeprich Road');
insert into Companias (id, Nombre, Direccion) values (383, 'Rhyzio', '3 Bayside Trail');
insert into Companias (id, Nombre, Direccion) values (384, 'Dabfeed', '814 Muir Way');
insert into Companias (id, Nombre, Direccion) values (385, 'Jaxbean', '667 Nevada Pass');
insert into Companias (id, Nombre, Direccion) values (386, 'Oyonder', '4952 Namekagon Terrace');
insert into Companias (id, Nombre, Direccion) values (387, 'Viva', '16717 Carpenter Center');
insert into Companias (id, Nombre, Direccion) values (388, 'Chatterpoint', '23 Colorado Center');
insert into Companias (id, Nombre, Direccion) values (389, 'Skilith', '07 4th Place');
insert into Companias (id, Nombre, Direccion) values (390, 'Babbleset', '8871 Bluejay Lane');
insert into Companias (id, Nombre, Direccion) values (391, 'Tazzy', '9673 Clove Pass');
insert into Companias (id, Nombre, Direccion) values (392, 'Voonder', '8465 Ridgeway Pass');
insert into Companias (id, Nombre, Direccion) values (393, 'Devcast', '14 Waubesa Street');
insert into Companias (id, Nombre, Direccion) values (394, 'Meejo', '0 Westerfield Lane');
insert into Companias (id, Nombre, Direccion) values (395, 'Feedbug', '39864 Dayton Alley');
insert into Companias (id, Nombre, Direccion) values (396, 'Wordtune', '9924 Anderson Parkway');
insert into Companias (id, Nombre, Direccion) values (397, 'Quamba', '693 Hallows Lane');
insert into Companias (id, Nombre, Direccion) values (398, 'Divavu', '80 Canary Plaza');
insert into Companias (id, Nombre, Direccion) values (399, 'Latz', '2696 Arizona Park');
insert into Companias (id, Nombre, Direccion) values (400, 'Voolia', '021 Bultman Center');
insert into Companias (id, Nombre, Direccion) values (401, 'Ainyx', '573 Schurz Plaza');
insert into Companias (id, Nombre, Direccion) values (402, 'Mynte', '64 Algoma Hill');
insert into Companias (id, Nombre, Direccion) values (403, 'Quinu', '3964 Buell Alley');
insert into Companias (id, Nombre, Direccion) values (404, 'Kwilith', '17474 Bunker Hill Hill');
insert into Companias (id, Nombre, Direccion) values (405, 'Snaptags', '1070 Colorado Street');
insert into Companias (id, Nombre, Direccion) values (406, 'Youopia', '147 Mcguire Trail');
insert into Companias (id, Nombre, Direccion) values (407, 'Livepath', '45441 Hoffman Avenue');
insert into Companias (id, Nombre, Direccion) values (408, 'Tazz', '4 Namekagon Pass');
insert into Companias (id, Nombre, Direccion) values (409, 'Zoombox', '02 Ryan Circle');
insert into Companias (id, Nombre, Direccion) values (410, 'Tekfly', '669 Bartillon Drive');
insert into Companias (id, Nombre, Direccion) values (411, 'Photojam', '22427 Springs Crossing');
insert into Companias (id, Nombre, Direccion) values (412, 'Shufflebeat', '04409 Dwight Terrace');
insert into Companias (id, Nombre, Direccion) values (413, 'Pixoboo', '87783 Myrtle Parkway');
insert into Companias (id, Nombre, Direccion) values (414, 'Zoomlounge', '07847 Victoria Crossing');
insert into Companias (id, Nombre, Direccion) values (415, 'Eayo', '574 Crescent Oaks Pass');
insert into Companias (id, Nombre, Direccion) values (416, 'Zoonoodle', '62 Welch Avenue');
insert into Companias (id, Nombre, Direccion) values (417, 'Edgetag', '88437 Longview Plaza');
insert into Companias (id, Nombre, Direccion) values (418, 'Browsezoom', '1166 Weeping Birch Hill');
insert into Companias (id, Nombre, Direccion) values (419, 'Yombu', '017 Ramsey Way');
insert into Companias (id, Nombre, Direccion) values (420, 'Photobean', '672 Messerschmidt Drive');
insert into Companias (id, Nombre, Direccion) values (421, 'Skiba', '52448 Oak Street');
insert into Companias (id, Nombre, Direccion) values (422, 'Photojam', '90 Mosinee Place');
insert into Companias (id, Nombre, Direccion) values (423, 'Oyoba', '29 Londonderry Center');
insert into Companias (id, Nombre, Direccion) values (424, 'Cogidoo', '809 Everett Hill');
insert into Companias (id, Nombre, Direccion) values (425, 'Skippad', '54 John Wall Way');
insert into Companias (id, Nombre, Direccion) values (426, 'Gabtype', '165 Mendota Circle');
insert into Companias (id, Nombre, Direccion) values (427, 'Wikibox', '7123 Becker Point');
insert into Companias (id, Nombre, Direccion) values (428, 'Dabshots', '0 Riverside Terrace');
insert into Companias (id, Nombre, Direccion) values (429, 'Quatz', '73 Superior Road');
insert into Companias (id, Nombre, Direccion) values (430, 'Abata', '8 Continental Way');
insert into Companias (id, Nombre, Direccion) values (431, 'Kayveo', '52402 Springview Court');
insert into Companias (id, Nombre, Direccion) values (432, 'Realcube', '3 Fallview Pass');
insert into Companias (id, Nombre, Direccion) values (433, 'Brightbean', '12 Columbus Street');
insert into Companias (id, Nombre, Direccion) values (434, 'Oodoo', '6156 Portage Road');
insert into Companias (id, Nombre, Direccion) values (435, 'Skinder', '3 Randy Way');
insert into Companias (id, Nombre, Direccion) values (436, 'Browseblab', '5447 Bay Center');
insert into Companias (id, Nombre, Direccion) values (437, 'Myworks', '16 Talisman Alley');
insert into Companias (id, Nombre, Direccion) values (438, 'Ooba', '989 Sycamore Trail');
insert into Companias (id, Nombre, Direccion) values (439, 'Skyba', '540 Meadow Valley Lane');
insert into Companias (id, Nombre, Direccion) values (440, 'Tagchat', '775 Lillian Circle');
insert into Companias (id, Nombre, Direccion) values (441, 'Youbridge', '7186 Debra Circle');
insert into Companias (id, Nombre, Direccion) values (442, 'Kwilith', '77 Graceland Place');
insert into Companias (id, Nombre, Direccion) values (443, 'Agimba', '4145 Green Court');
insert into Companias (id, Nombre, Direccion) values (444, 'Gabtune', '2747 Red Cloud Street');
insert into Companias (id, Nombre, Direccion) values (445, 'Eidel', '02274 Carberry Trail');
insert into Companias (id, Nombre, Direccion) values (446, 'Twitterlist', '5447 Blackbird Place');
insert into Companias (id, Nombre, Direccion) values (447, 'Jatri', '6 Logan Center');
insert into Companias (id, Nombre, Direccion) values (448, 'Quimba', '37829 Hanover Parkway');
insert into Companias (id, Nombre, Direccion) values (449, 'Shuffletag', '26591 Bartelt Junction');
insert into Companias (id, Nombre, Direccion) values (450, 'Jaxnation', '89 Northridge Lane');
insert into Companias (id, Nombre, Direccion) values (451, 'Latz', '99 Summer Ridge Plaza');
insert into Companias (id, Nombre, Direccion) values (452, 'Zoonoodle', '239 Anniversary Plaza');
insert into Companias (id, Nombre, Direccion) values (453, 'Camido', '47 Village Green Road');
insert into Companias (id, Nombre, Direccion) values (454, 'Wikizz', '5 Graceland Way');
insert into Companias (id, Nombre, Direccion) values (455, 'Dynabox', '26 Stuart Drive');
insert into Companias (id, Nombre, Direccion) values (456, 'Eadel', '60368 Portage Way');
insert into Companias (id, Nombre, Direccion) values (457, 'Feedmix', '938 3rd Park');
insert into Companias (id, Nombre, Direccion) values (458, 'Flipstorm', '77141 Mayer Junction');
insert into Companias (id, Nombre, Direccion) values (459, 'Edgeblab', '29342 Scott Terrace');
insert into Companias (id, Nombre, Direccion) values (460, 'Latz', '49 Forster Hill');
insert into Companias (id, Nombre, Direccion) values (461, 'Browsedrive', '59 Sage Lane');
insert into Companias (id, Nombre, Direccion) values (462, 'Zoomdog', '75135 Spenser Crossing');
insert into Companias (id, Nombre, Direccion) values (463, 'Kwideo', '30612 Walton Point');
insert into Companias (id, Nombre, Direccion) values (464, 'Babbleset', '10323 Riverside Center');
insert into Companias (id, Nombre, Direccion) values (465, 'Jabbersphere', '66049 Del Mar Road');
insert into Companias (id, Nombre, Direccion) values (466, 'Einti', '9088 Jana Hill');
insert into Companias (id, Nombre, Direccion) values (467, 'Tagopia', '68783 Sherman Park');
insert into Companias (id, Nombre, Direccion) values (468, 'Zoonder', '407 Thackeray Plaza');
insert into Companias (id, Nombre, Direccion) values (469, 'Abatz', '1 Melby Trail');
insert into Companias (id, Nombre, Direccion) values (470, 'Eimbee', '12 Continental Avenue');
insert into Companias (id, Nombre, Direccion) values (471, 'Digitube', '60 Warbler Way');
insert into Companias (id, Nombre, Direccion) values (472, 'Eadel', '3989 Dakota Lane');
insert into Companias (id, Nombre, Direccion) values (473, 'Vidoo', '927 Redwing Junction');
insert into Companias (id, Nombre, Direccion) values (474, 'Thoughtstorm', '2 Crowley Place');
insert into Companias (id, Nombre, Direccion) values (475, 'Feednation', '75604 Fulton Center');
insert into Companias (id, Nombre, Direccion) values (476, 'Buzzdog', '13696 Sachtjen Street');
insert into Companias (id, Nombre, Direccion) values (477, 'Skaboo', '632 Melrose Circle');
insert into Companias (id, Nombre, Direccion) values (478, 'JumpXS', '781 Oneill Parkway');
insert into Companias (id, Nombre, Direccion) values (479, 'Photobug', '17126 Mandrake Circle');
insert into Companias (id, Nombre, Direccion) values (480, 'Jabbersphere', '280 Arrowood Hill');
insert into Companias (id, Nombre, Direccion) values (481, 'Quinu', '48288 Elmside Place');
insert into Companias (id, Nombre, Direccion) values (482, 'Skynoodle', '572 Butterfield Center');
insert into Companias (id, Nombre, Direccion) values (483, 'Digitube', '98893 Annamark Trail');
insert into Companias (id, Nombre, Direccion) values (484, 'Realcube', '96 Farwell Way');
insert into Companias (id, Nombre, Direccion) values (485, 'Browsebug', '78307 Riverside Circle');
insert into Companias (id, Nombre, Direccion) values (486, 'Brainverse', '86 Pleasure Place');
insert into Companias (id, Nombre, Direccion) values (487, 'Skyba', '1041 Blackbird Terrace');
insert into Companias (id, Nombre, Direccion) values (488, 'Ainyx', '21651 Lawn Trail');
insert into Companias (id, Nombre, Direccion) values (489, 'Photofeed', '75 Oak Valley Drive');
insert into Companias (id, Nombre, Direccion) values (490, 'Zoozzy', '062 Schurz Circle');
insert into Companias (id, Nombre, Direccion) values (491, 'Kwinu', '289 Dayton Alley');
insert into Companias (id, Nombre, Direccion) values (492, 'Skippad', '231 Waubesa Trail');
insert into Companias (id, Nombre, Direccion) values (493, 'Tazz', '6 Kinsman Trail');
insert into Companias (id, Nombre, Direccion) values (494, 'Twiyo', '06 Larry Junction');
insert into Companias (id, Nombre, Direccion) values (495, 'Babbleopia', '0 Lakewood Junction');
insert into Companias (id, Nombre, Direccion) values (496, 'Oyoyo', '874 Shopko Road');
insert into Companias (id, Nombre, Direccion) values (497, 'Skimia', '0 Karstens Lane');
insert into Companias (id, Nombre, Direccion) values (498, 'Bluejam', '4944 Loftsgordon Lane');
insert into Companias (id, Nombre, Direccion) values (499, 'Gigashots', '2740 Boyd Terrace');
insert into Companias (id, Nombre, Direccion) values (500, 'Jatri', '854 Manley Alley');

-- InserciÛn de Clientes
insert into Clientes (id, Nombre, Lenguaje, Foto, Celular, Email1, Email2, Codigo_invitacion, Indicador_recibos, ID_pais, ID_Compania) values (1, 'Kelley Simister', 'Assamese', 'http://dummyimage.com/122x169.jpg/ff4444/ffffff', '6743351151', 'ksimister0@economist.com', 'ksimister0@imageshack.us', 10055644, 1, 1, 1);
insert into Clientes (id, Nombre, Lenguaje, Foto, Celular, Email1, Email2, Codigo_invitacion, Indicador_recibos, ID_pais, ID_Compania) values (2, 'Hiram Terney', 'Zulu', 'http://dummyimage.com/151x101.png/ff4444/ffffff', '6747204637', 'hterney1@moonfruit.com', 'hterney1@census.gov', 10477794, 1, 2, 2);
insert into Clientes (id, Nombre, Lenguaje, Foto, Celular, Email1, Email2, Codigo_invitacion, Indicador_recibos, ID_pais, ID_Compania) values (3, 'Orren Seger', 'Kannada', 'http://dummyimage.com/167x163.jpg/5fa2dd/ffffff', '7629431615', 'oseger2@hp.com', 'oseger2@alexa.com', 10148651, 1, 3, 3);
insert into Clientes (id, Nombre, Lenguaje, Foto, Celular, Email1, Email2, Codigo_invitacion, Indicador_recibos, ID_pais, ID_Compania) values (4, 'Alejandra Gerbel', 'Nepali', 'http://dummyimage.com/155x196.png/cc0000/ffffff', '2013258371', 'agerbel3@wordpress.org', 'agerbel3@aboutads.info', 10388970, 1, 4, 4);
insert into Clientes (id, Nombre, Lenguaje, Foto, Celular, Email1, Email2, Codigo_invitacion, Indicador_recibos, ID_pais, ID_Compania) values (5, 'Agosto Lyes', 'Kurdish', 'http://dummyimage.com/198x151.jpg/dddddd/000000', '3373913239', 'alyes4@alibaba.com', 'alyes4@theatlantic.com', 10163761, 0, 5, 5);
insert into Clientes (id, Nombre, Lenguaje, Foto, Celular, Email1, Email2, Codigo_invitacion, Indicador_recibos, ID_pais, ID_Compania) values (6, 'Karry Seally', 'Catalan', 'http://dummyimage.com/238x218.png/ff4444/ffffff', '9172115888', 'kseally5@freewebs.com', 'kseally5@desdev.cn', 10296244, 1, 6, 6);
insert into Clientes (id, Nombre, Lenguaje, Foto, Celular, Email1, Email2, Codigo_invitacion, Indicador_recibos, ID_pais, ID_Compania) values (7, 'Kale Fallawe', 'Mƒ?ori', 'http://dummyimage.com/196x146.bmp/ff4444/ffffff', '1798372485', 'kfallawe6@bandcamp.com', 'kfallawe6@usda.gov', 10067417, 0, 7, 7);
insert into Clientes (id, Nombre, Lenguaje, Foto, Celular, Email1, Email2, Codigo_invitacion, Indicador_recibos, ID_pais, ID_Compania) values (8, 'Augy Butterly', 'Czech', 'http://dummyimage.com/231x217.bmp/ff4444/ffffff', '9533481643', 'abutterly7@paypal.com', 'abutterly7@multiply.com', 10936164, 0, 8, 8);
insert into Clientes (id, Nombre, Lenguaje, Foto, Celular, Email1, Email2, Codigo_invitacion, Indicador_recibos, ID_pais, ID_Compania) values (9, 'Karla Spikins', 'Haitian Creole', 'http://dummyimage.com/146x103.bmp/ff4444/ffffff', '3309164875', 'kspikins8@walmart.com', 'kspikins8@symantec.com', 10346614, 0, 9, 9);
insert into Clientes (id, Nombre, Lenguaje, Foto, Celular, Email1, Email2, Codigo_invitacion, Indicador_recibos, ID_pais, ID_Compania) values (10, 'Ely Titherington', 'Spanish', 'http://dummyimage.com/106x125.png/ff4444/ffffff', '9182855637', 'etitherington9@stumbleupon.com', 'etitherington9@vistaprint.com', 10525591, 0, 10, 10);
insert into Clientes (id, Nombre, Lenguaje, Foto, Celular, Email1, Email2, Codigo_invitacion, Indicador_recibos, ID_pais, ID_Compania) values (11, 'Babette Chiese', 'Bislama', 'http://dummyimage.com/198x166.bmp/cc0000/ffffff', '8443445772', 'bchiesea@goodreads.com', 'bchiesea@huffingtonpost.com', 10984157, 0, 11, 11);
insert into Clientes (id, Nombre, Lenguaje, Foto, Celular, Email1, Email2, Codigo_invitacion, Indicador_recibos, ID_pais, ID_Compania) values (12, 'Baxie Zoanetti', 'Finnish', 'http://dummyimage.com/132x209.png/5fa2dd/ffffff', '3568851648', 'bzoanettib@adobe.com', 'bzoanettib@arstechnica.com', 10725343, 1, 12, 12);
insert into Clientes (id, Nombre, Lenguaje, Foto, Celular, Email1, Email2, Codigo_invitacion, Indicador_recibos, ID_pais, ID_Compania) values (13, 'Kelcey Poletto', 'Oriya', 'http://dummyimage.com/155x136.jpg/dddddd/000000', '6023415055', 'kpolettoc@timesonline.co.uk', 'kpolettoc@eepurl.com', 10972840, 0, 13, 13);
insert into Clientes (id, Nombre, Lenguaje, Foto, Celular, Email1, Email2, Codigo_invitacion, Indicador_recibos, ID_pais, ID_Compania) values (14, 'Krispin Ely', 'Tetum', 'http://dummyimage.com/187x125.bmp/ff4444/ffffff', '2029610380', 'kelyd@newyorker.com', 'kelyd@surveymonkey.com', 10749509, 0, 14, 14);
insert into Clientes (id, Nombre, Lenguaje, Foto, Celular, Email1, Email2, Codigo_invitacion, Indicador_recibos, ID_pais, ID_Compania) values (15, 'Gorden Trice', 'Punjabi', 'http://dummyimage.com/192x129.jpg/5fa2dd/ffffff', '1443355250', 'gtricee@npr.org', 'gtricee@smh.com.au', 10930644, 0, 15, 15);
insert into Clientes (id, Nombre, Lenguaje, Foto, Celular, Email1, Email2, Codigo_invitacion, Indicador_recibos, ID_pais, ID_Compania) values (16, 'Sydelle Josephs', 'Korean', 'http://dummyimage.com/200x133.png/cc0000/ffffff', '7692255077', 'sjosephsf@techcrunch.com', 'sjosephsf@hugedomains.com', 10954585, 1, 16, 16);
insert into Clientes (id, Nombre, Lenguaje, Foto, Celular, Email1, Email2, Codigo_invitacion, Indicador_recibos, ID_pais, ID_Compania) values (17, 'Hurleigh Bolton', 'Kannada', 'http://dummyimage.com/153x237.bmp/cc0000/ffffff', '1207833384', 'hboltong@tamu.edu', 'hboltong@ed.gov', 10791720, 0, 17, 17);
insert into Clientes (id, Nombre, Lenguaje, Foto, Celular, Email1, Email2, Codigo_invitacion, Indicador_recibos, ID_pais, ID_Compania) values (18, 'Tyrus Mechem', 'Ndebele', 'http://dummyimage.com/203x220.png/5fa2dd/ffffff', '9564930292', 'tmechemh@acquirethisname.com', 'tmechemh@squarespace.com', 10021527, 0, 18, 18);
insert into Clientes (id, Nombre, Lenguaje, Foto, Celular, Email1, Email2, Codigo_invitacion, Indicador_recibos, ID_pais, ID_Compania) values (19, 'Bamby Ulyatt', 'New Zealand Sign Language', 'http://dummyimage.com/121x216.jpg/ff4444/ffffff', '7132413246', 'bulyatti@cloudflare.com', 'bulyatti@vinaora.com', 10704877, 0, 19, 19);
insert into Clientes (id, Nombre, Lenguaje, Foto, Celular, Email1, Email2, Codigo_invitacion, Indicador_recibos, ID_pais, ID_Compania) values (20, 'Randie Ruhben', 'Portuguese', 'http://dummyimage.com/154x226.jpg/ff4444/ffffff', '8339584574', 'rruhbenj@blog.com', 'rruhbenj@twitpic.com', 10237780, 0, 20, 20);
insert into Clientes (id, Nombre, Lenguaje, Foto, Celular, Email1, Email2, Codigo_invitacion, Indicador_recibos, ID_pais, ID_Compania) values (21, 'Salome Brocklesby', 'Kyrgyz', 'http://dummyimage.com/162x151.jpg/5fa2dd/ffffff', '5785047192', 'sbrocklesbyk@hp.com', 'sbrocklesbyk@yahoo.co.jp', 10950807, 1, 21, 21);
insert into Clientes (id, Nombre, Lenguaje, Foto, Celular, Email1, Email2, Codigo_invitacion, Indicador_recibos, ID_pais, ID_Compania) values (22, 'Allie O''Scannill', 'Oriya', 'http://dummyimage.com/150x239.jpg/dddddd/000000', '2095327569', 'aoscannilll@amazon.co.jp', 'aoscannilll@weebly.com', 10460558, 0, 22, 22);
insert into Clientes (id, Nombre, Lenguaje, Foto, Celular, Email1, Email2, Codigo_invitacion, Indicador_recibos, ID_pais, ID_Compania) values (23, 'Lyell Dommersen', 'Lao', 'http://dummyimage.com/237x138.png/dddddd/000000', '1637362082', 'ldommersenm@upenn.edu', 'ldommersenm@parallels.com', 10427645, 0, 23, 23);
insert into Clientes (id, Nombre, Lenguaje, Foto, Celular, Email1, Email2, Codigo_invitacion, Indicador_recibos, ID_pais, ID_Compania) values (24, 'Larine Darwin', 'Malagasy', 'http://dummyimage.com/176x157.png/cc0000/ffffff', '9019095296', 'ldarwinn@japanpost.jp', 'ldarwinn@fema.gov', 10094088, 1, 24, 24);
insert into Clientes (id, Nombre, Lenguaje, Foto, Celular, Email1, Email2, Codigo_invitacion, Indicador_recibos, ID_pais, ID_Compania) values (25, 'Genevieve Bendin', 'Burmese', 'http://dummyimage.com/196x133.bmp/ff4444/ffffff', '8882796674', 'gbendino@si.edu', 'gbendino@purevolume.com', 10268233, 1, 25, 25);
insert into Clientes (id, Nombre, Lenguaje, Foto, Celular, Email1, Email2, Codigo_invitacion, Indicador_recibos, ID_pais, ID_Compania) values (26, 'Olag Haney', 'Tetum', 'http://dummyimage.com/248x188.png/ff4444/ffffff', '7769566991', 'ohaneyp@shop-pro.jp', 'ohaneyp@examiner.com', 10378285, 1, 26, 26);
insert into Clientes (id, Nombre, Lenguaje, Foto, Celular, Email1, Email2, Codigo_invitacion, Indicador_recibos, ID_pais, ID_Compania) values (27, 'Bette-ann Klimpt', 'Nepali', 'http://dummyimage.com/243x243.png/cc0000/ffffff', '4923370347', 'bklimptq@myspace.com', 'bklimptq@github.com', 10800241, 1, 27, 27);
insert into Clientes (id, Nombre, Lenguaje, Foto, Celular, Email1, Email2, Codigo_invitacion, Indicador_recibos, ID_pais, ID_Compania) values (28, 'Victoria Foat', 'Kashmiri', 'http://dummyimage.com/130x188.png/5fa2dd/ffffff', '4529418845', 'vfoatr@bloomberg.com', 'vfoatr@blog.com', 10503252, 0, 28, 28);
insert into Clientes (id, Nombre, Lenguaje, Foto, Celular, Email1, Email2, Codigo_invitacion, Indicador_recibos, ID_pais, ID_Compania) values (29, 'Lowrance Stanbro', 'Dari', 'http://dummyimage.com/144x206.png/ff4444/ffffff', '5994604153', 'lstanbros@state.gov', 'lstanbros@symantec.com', 10517440, 1, 29, 29);
insert into Clientes (id, Nombre, Lenguaje, Foto, Celular, Email1, Email2, Codigo_invitacion, Indicador_recibos, ID_pais, ID_Compania) values (30, 'Elena Worboys', 'Montenegrin', 'http://dummyimage.com/143x214.png/ff4444/ffffff', '4146184108', 'eworboyst@weibo.com', 'eworboyst@phpbb.com', 10338497, 1, 30, 30);
insert into Clientes (id, Nombre, Lenguaje, Foto, Celular, Email1, Email2, Codigo_invitacion, Indicador_recibos, ID_pais, ID_Compania) values (31, 'Timi Hensmans', 'Bislama', 'http://dummyimage.com/125x164.bmp/5fa2dd/ffffff', '9096364331', 'thensmansu@nbcnews.com', 'thensmansu@huffingtonpost.com', 10615123, 0, 31, 31);
insert into Clientes (id, Nombre, Lenguaje, Foto, Celular, Email1, Email2, Codigo_invitacion, Indicador_recibos, ID_pais, ID_Compania) values (32, 'Zechariah Chillingsworth', 'Quechua', 'http://dummyimage.com/166x161.png/dddddd/000000', '8143179619', 'zchillingsworthv@reverbnation.com', 'zchillingsworthv@360.cn', 10290853, 1, 32, 32);
insert into Clientes (id, Nombre, Lenguaje, Foto, Celular, Email1, Email2, Codigo_invitacion, Indicador_recibos, ID_pais, ID_Compania) values (33, 'Worthington Radleigh', 'Assamese', 'http://dummyimage.com/249x212.bmp/dddddd/000000', '2409473657', 'wradleighw@networksolutions.com', 'wradleighw@omniture.com', 10671967, 1, 33, 33);
insert into Clientes (id, Nombre, Lenguaje, Foto, Celular, Email1, Email2, Codigo_invitacion, Indicador_recibos, ID_pais, ID_Compania) values (34, 'Skylar Cammacke', 'Kurdish', 'http://dummyimage.com/215x165.png/cc0000/ffffff', '3226681370', 'scammackex@unblog.fr', 'scammackex@dot.gov', 10211068, 1, 34, 34);
insert into Clientes (id, Nombre, Lenguaje, Foto, Celular, Email1, Email2, Codigo_invitacion, Indicador_recibos, ID_pais, ID_Compania) values (35, 'Mycah Helmke', 'Sotho', 'http://dummyimage.com/123x248.png/ff4444/ffffff', '7911074227', 'mhelmkey@edublogs.org', 'mhelmkey@seesaa.net', 10610282, 1, 35, 35);
insert into Clientes (id, Nombre, Lenguaje, Foto, Celular, Email1, Email2, Codigo_invitacion, Indicador_recibos, ID_pais, ID_Compania) values (36, 'Jess Siely', 'Romanian', 'http://dummyimage.com/204x197.bmp/cc0000/ffffff', '2147111615', 'jsielyz@timesonline.co.uk', 'jsielyz@baidu.com', 10884647, 1, 36, 36);
insert into Clientes (id, Nombre, Lenguaje, Foto, Celular, Email1, Email2, Codigo_invitacion, Indicador_recibos, ID_pais, ID_Compania) values (37, 'Mattie Braunton', 'Czech', 'http://dummyimage.com/183x167.jpg/dddddd/000000', '8653701618', 'mbraunton10@w3.org', 'mbraunton10@usatoday.com', 10470570, 0, 37, 37);
insert into Clientes (id, Nombre, Lenguaje, Foto, Celular, Email1, Email2, Codigo_invitacion, Indicador_recibos, ID_pais, ID_Compania) values (38, 'Benedikt Hurnell', 'Belarusian', 'http://dummyimage.com/166x117.jpg/cc0000/ffffff', '9847510483', 'bhurnell11@reverbnation.com', 'bhurnell11@bravesites.com', 10307965, 1, 38, 38);
insert into Clientes (id, Nombre, Lenguaje, Foto, Celular, Email1, Email2, Codigo_invitacion, Indicador_recibos, ID_pais, ID_Compania) values (39, 'Kyle Smithend', 'Albanian', 'http://dummyimage.com/211x131.png/cc0000/ffffff', '3585462618', 'ksmithend12@seattletimes.com', 'ksmithend12@ebay.co.uk', 10596948, 0, 39, 39);
insert into Clientes (id, Nombre, Lenguaje, Foto, Celular, Email1, Email2, Codigo_invitacion, Indicador_recibos, ID_pais, ID_Compania) values (40, 'Lorilyn Kabos', 'Dzongkha', 'http://dummyimage.com/137x230.bmp/5fa2dd/ffffff', '5484716597', 'lkabos13@miitbeian.gov.cn', 'lkabos13@lulu.com', 10496937, 0, 40, 40);
insert into Clientes (id, Nombre, Lenguaje, Foto, Celular, Email1, Email2, Codigo_invitacion, Indicador_recibos, ID_pais, ID_Compania) values (41, 'Zarla Loreit', 'New Zealand Sign Language', 'http://dummyimage.com/205x156.png/ff4444/ffffff', '4707177164', 'zloreit14@cdbaby.com', 'zloreit14@parallels.com', 10220540, 1, 41, 41);
insert into Clientes (id, Nombre, Lenguaje, Foto, Celular, Email1, Email2, Codigo_invitacion, Indicador_recibos, ID_pais, ID_Compania) values (42, 'Galven Perin', 'Mƒ?ori', 'http://dummyimage.com/244x163.bmp/dddddd/000000', '6624706858', 'gperin15@cbc.ca', 'gperin15@elegantthemes.com', 10967321, 1, 42, 42);
insert into Clientes (id, Nombre, Lenguaje, Foto, Celular, Email1, Email2, Codigo_invitacion, Indicador_recibos, ID_pais, ID_Compania) values (43, 'Tonya Dodshon', 'Latvian', 'http://dummyimage.com/138x103.bmp/ff4444/ffffff', '2459519914', 'tdodshon16@guardian.co.uk', 'tdodshon16@soup.io', 10102261, 0, 43, 43);
insert into Clientes (id, Nombre, Lenguaje, Foto, Celular, Email1, Email2, Codigo_invitacion, Indicador_recibos, ID_pais, ID_Compania) values (44, 'Ursula Bibbie', 'Tajik', 'http://dummyimage.com/235x198.jpg/cc0000/ffffff', '8847500214', 'ubibbie17@craigslist.org', 'ubibbie17@globo.com', 10566731, 1, 44, 44);
insert into Clientes (id, Nombre, Lenguaje, Foto, Celular, Email1, Email2, Codigo_invitacion, Indicador_recibos, ID_pais, ID_Compania) values (45, 'Gerald Fandrey', 'Chinese', 'http://dummyimage.com/150x135.jpg/ff4444/ffffff', '2193467123', 'gfandrey18@networkadvertising.org', 'gfandrey18@webnode.com', 10509339, 1, 45, 45);
insert into Clientes (id, Nombre, Lenguaje, Foto, Celular, Email1, Email2, Codigo_invitacion, Indicador_recibos, ID_pais, ID_Compania) values (46, 'Klement Manifold', 'Latvian', 'http://dummyimage.com/205x220.png/cc0000/ffffff', '6071185047', 'kmanifold19@barnesandnoble.com', 'kmanifold19@dropbox.com', 10091494, 0, 46, 46);
insert into Clientes (id, Nombre, Lenguaje, Foto, Celular, Email1, Email2, Codigo_invitacion, Indicador_recibos, ID_pais, ID_Compania) values (47, 'Briano Ewert', 'Finnish', 'http://dummyimage.com/143x108.jpg/5fa2dd/ffffff', '8024773876', 'bewert1a@chicagotribune.com', 'bewert1a@51.la', 10980840, 1, 47, 47);
insert into Clientes (id, Nombre, Lenguaje, Foto, Celular, Email1, Email2, Codigo_invitacion, Indicador_recibos, ID_pais, ID_Compania) values (48, 'Terrye Paulitschke', 'Malayalam', 'http://dummyimage.com/231x128.bmp/ff4444/ffffff', '3209457033', 'tpaulitschke1b@state.gov', 'tpaulitschke1b@sfgate.com', 10505690, 0, 48, 48);
insert into Clientes (id, Nombre, Lenguaje, Foto, Celular, Email1, Email2, Codigo_invitacion, Indicador_recibos, ID_pais, ID_Compania) values (49, 'Dru Woodage', 'Azeri', 'http://dummyimage.com/145x103.bmp/cc0000/ffffff', '5696283124', 'dwoodage1c@flickr.com', 'dwoodage1c@npr.org', 10002757, 1, 49, 49);
insert into Clientes (id, Nombre, Lenguaje, Foto, Celular, Email1, Email2, Codigo_invitacion, Indicador_recibos, ID_pais, ID_Compania) values (50, 'Nealy Parmby', 'Nepali', 'http://dummyimage.com/164x140.bmp/ff4444/ffffff', '2561159476', 'nparmby1d@sohu.com', 'nparmby1d@nih.gov', 10013099, 0, 50, 50);
insert into Clientes (id, Nombre, Lenguaje, Foto, Celular, Email1, Email2, Codigo_invitacion, Indicador_recibos, ID_pais, ID_Compania) values (51, 'Celestia Nettleship', 'Spanish', 'http://dummyimage.com/170x206.bmp/5fa2dd/ffffff', '3286213454', 'cnettleship1e@people.com.cn', 'cnettleship1e@tripadvisor.com', 10982421, 1, 51, 51);
insert into Clientes (id, Nombre, Lenguaje, Foto, Celular, Email1, Email2, Codigo_invitacion, Indicador_recibos, ID_pais, ID_Compania) values (52, 'Ilse Marsy', 'Danish', 'http://dummyimage.com/241x236.bmp/dddddd/000000', '9892248288', 'imarsy1f@va.gov', 'imarsy1f@opensource.org', 10986435, 0, 52, 52);
insert into Clientes (id, Nombre, Lenguaje, Foto, Celular, Email1, Email2, Codigo_invitacion, Indicador_recibos, ID_pais, ID_Compania) values (53, 'Hollis Askaw', 'Estonian', 'http://dummyimage.com/216x236.png/ff4444/ffffff', '9629546752', 'haskaw1g@cnn.com', 'haskaw1g@istockphoto.com', 10270048, 0, 53, 53);
insert into Clientes (id, Nombre, Lenguaje, Foto, Celular, Email1, Email2, Codigo_invitacion, Indicador_recibos, ID_pais, ID_Compania) values (54, 'Danielle Guerola', 'Aymara', 'http://dummyimage.com/209x111.png/dddddd/000000', '4305582300', 'dguerola1h@goo.ne.jp', 'dguerola1h@google.ru', 10323071, 1, 54, 54);
insert into Clientes (id, Nombre, Lenguaje, Foto, Celular, Email1, Email2, Codigo_invitacion, Indicador_recibos, ID_pais, ID_Compania) values (55, 'Batsheva Erlam', 'Hungarian', 'http://dummyimage.com/131x141.bmp/5fa2dd/ffffff', '4013409284', 'berlam1i@fotki.com', 'berlam1i@squarespace.com', 10048345, 0, 55, 55);
insert into Clientes (id, Nombre, Lenguaje, Foto, Celular, Email1, Email2, Codigo_invitacion, Indicador_recibos, ID_pais, ID_Compania) values (56, 'Joela Treasaden', 'Tamil', 'http://dummyimage.com/212x243.jpg/ff4444/ffffff', '4859917956', 'jtreasaden1j@e-recht24.de', 'jtreasaden1j@4shared.com', 10290900, 1, 56, 56);
insert into Clientes (id, Nombre, Lenguaje, Foto, Celular, Email1, Email2, Codigo_invitacion, Indicador_recibos, ID_pais, ID_Compania) values (57, 'Nelly Fulks', 'Malay', 'http://dummyimage.com/143x129.bmp/ff4444/ffffff', '5445954568', 'nfulks1k@patch.com', 'nfulks1k@mail.ru', 10851689, 1, 57, 57);
insert into Clientes (id, Nombre, Lenguaje, Foto, Celular, Email1, Email2, Codigo_invitacion, Indicador_recibos, ID_pais, ID_Compania) values (58, 'Syman Olman', 'Kannada', 'http://dummyimage.com/105x181.png/cc0000/ffffff', '8452935126', 'solman1l@dot.gov', 'solman1l@skype.com', 10657415, 0, 58, 58);
insert into Clientes (id, Nombre, Lenguaje, Foto, Celular, Email1, Email2, Codigo_invitacion, Indicador_recibos, ID_pais, ID_Compania) values (59, 'Faustine Bloodworth', 'Persian', 'http://dummyimage.com/205x198.bmp/ff4444/ffffff', '2734866016', 'fbloodworth1m@furl.net', 'fbloodworth1m@unicef.org', 10644400, 1, 59, 59);
insert into Clientes (id, Nombre, Lenguaje, Foto, Celular, Email1, Email2, Codigo_invitacion, Indicador_recibos, ID_pais, ID_Compania) values (60, 'Nathalia Gurery', 'Italian', 'http://dummyimage.com/198x114.jpg/5fa2dd/ffffff', '5124098106', 'ngurery1n@eventbrite.com', 'ngurery1n@eepurl.com', 10982783, 1, 60, 60);
insert into Clientes (id, Nombre, Lenguaje, Foto, Celular, Email1, Email2, Codigo_invitacion, Indicador_recibos, ID_pais, ID_Compania) values (61, 'Zelma Morant', 'Burmese', 'http://dummyimage.com/175x165.jpg/cc0000/ffffff', '9467817231', 'zmorant1o@slate.com', 'zmorant1o@rediff.com', 10762010, 1, 61, 61);
insert into Clientes (id, Nombre, Lenguaje, Foto, Celular, Email1, Email2, Codigo_invitacion, Indicador_recibos, ID_pais, ID_Compania) values (62, 'Lyndy McVity', 'Spanish', 'http://dummyimage.com/204x153.bmp/cc0000/ffffff', '8262699458', 'lmcvity1p@columbia.edu', 'lmcvity1p@cbslocal.com', 10400953, 0, 62, 62);
insert into Clientes (id, Nombre, Lenguaje, Foto, Celular, Email1, Email2, Codigo_invitacion, Indicador_recibos, ID_pais, ID_Compania) values (63, 'Marcie Worsnip', 'Moldovan', 'http://dummyimage.com/193x228.bmp/5fa2dd/ffffff', '5993209725', 'mworsnip1q@amazon.co.jp', 'mworsnip1q@fc2.com', 10300400, 1, 63, 63);
insert into Clientes (id, Nombre, Lenguaje, Foto, Celular, Email1, Email2, Codigo_invitacion, Indicador_recibos, ID_pais, ID_Compania) values (64, 'Ly Ambler', 'Lao', 'http://dummyimage.com/121x112.bmp/5fa2dd/ffffff', '3001232620', 'lambler1r@nyu.edu', 'lambler1r@disqus.com', 10718483, 1, 64, 64);
insert into Clientes (id, Nombre, Lenguaje, Foto, Celular, Email1, Email2, Codigo_invitacion, Indicador_recibos, ID_pais, ID_Compania) values (65, 'Norry Le Blond', 'French', 'http://dummyimage.com/183x206.png/cc0000/ffffff', '9716244033', 'nle1s@hc360.com', 'nle1s@guardian.co.uk', 10859953, 0, 65, 65);
insert into Clientes (id, Nombre, Lenguaje, Foto, Celular, Email1, Email2, Codigo_invitacion, Indicador_recibos, ID_pais, ID_Compania) values (66, 'Michaela Abelwhite', 'Northern Sotho', 'http://dummyimage.com/124x157.bmp/5fa2dd/ffffff', '4152034151', 'mabelwhite1t@goo.ne.jp', 'mabelwhite1t@mapy.cz', 10999323, 1, 66, 66);
insert into Clientes (id, Nombre, Lenguaje, Foto, Celular, Email1, Email2, Codigo_invitacion, Indicador_recibos, ID_pais, ID_Compania) values (67, 'Codi Tilte', 'Korean', 'http://dummyimage.com/157x172.bmp/dddddd/000000', '4705839538', 'ctilte1u@imgur.com', 'ctilte1u@theguardian.com', 10435971, 1, 67, 67);
insert into Clientes (id, Nombre, Lenguaje, Foto, Celular, Email1, Email2, Codigo_invitacion, Indicador_recibos, ID_pais, ID_Compania) values (68, 'Benjie Alcock', 'Tsonga', 'http://dummyimage.com/183x174.jpg/ff4444/ffffff', '2457532315', 'balcock1v@ezinearticles.com', 'balcock1v@wunderground.com', 10260440, 0, 68, 68);
insert into Clientes (id, Nombre, Lenguaje, Foto, Celular, Email1, Email2, Codigo_invitacion, Indicador_recibos, ID_pais, ID_Compania) values (69, 'Alexine Gavozzi', 'Bengali', 'http://dummyimage.com/201x154.png/5fa2dd/ffffff', '3209872498', 'agavozzi1w@skyrock.com', 'agavozzi1w@yelp.com', 10317561, 0, 69, 69);
insert into Clientes (id, Nombre, Lenguaje, Foto, Celular, Email1, Email2, Codigo_invitacion, Indicador_recibos, ID_pais, ID_Compania) values (70, 'Katina Zotto', 'Czech', 'http://dummyimage.com/124x152.bmp/dddddd/000000', '4312292559', 'kzotto1x@aboutads.info', 'kzotto1x@wunderground.com', 10539464, 0, 70, 70);
insert into Clientes (id, Nombre, Lenguaje, Foto, Celular, Email1, Email2, Codigo_invitacion, Indicador_recibos, ID_pais, ID_Compania) values (71, 'Link Moodycliffe', 'Kashmiri', 'http://dummyimage.com/134x105.bmp/dddddd/000000', '7522297220', 'lmoodycliffe1y@issuu.com', 'lmoodycliffe1y@independent.co.uk', 10947242, 0, 71, 71);
insert into Clientes (id, Nombre, Lenguaje, Foto, Celular, Email1, Email2, Codigo_invitacion, Indicador_recibos, ID_pais, ID_Compania) values (72, 'Marthena Ickowics', 'Bengali', 'http://dummyimage.com/126x151.bmp/cc0000/ffffff', '2599111067', 'mickowics1z@elpais.com', 'mickowics1z@liveinternet.ru', 10918971, 0, 72, 72);
insert into Clientes (id, Nombre, Lenguaje, Foto, Celular, Email1, Email2, Codigo_invitacion, Indicador_recibos, ID_pais, ID_Compania) values (73, 'Brittany Keitch', 'Papiamento', 'http://dummyimage.com/227x192.png/ff4444/ffffff', '3606988255', 'bkeitch20@google.ca', 'bkeitch20@eepurl.com', 10504820, 0, 73, 73);
insert into Clientes (id, Nombre, Lenguaje, Foto, Celular, Email1, Email2, Codigo_invitacion, Indicador_recibos, ID_pais, ID_Compania) values (74, 'Leonid Maffeo', 'Guaran√≠', 'http://dummyimage.com/102x171.bmp/5fa2dd/ffffff', '2582140034', 'lmaffeo21@google.com', 'lmaffeo21@usgs.gov', 10314839, 1, 74, 74);
insert into Clientes (id, Nombre, Lenguaje, Foto, Celular, Email1, Email2, Codigo_invitacion, Indicador_recibos, ID_pais, ID_Compania) values (75, 'Casey Bridle', 'Kannada', 'http://dummyimage.com/133x149.png/ff4444/ffffff', '3384177215', 'cbridle22@shinystat.com', 'cbridle22@plala.or.jp', 10108684, 0, 75, 75);
insert into Clientes (id, Nombre, Lenguaje, Foto, Celular, Email1, Email2, Codigo_invitacion, Indicador_recibos, ID_pais, ID_Compania) values (76, 'Cindee Izkoveski', 'Icelandic', 'http://dummyimage.com/196x250.bmp/dddddd/000000', '4756142776', 'cizkoveski23@theglobeandmail.com', 'cizkoveski23@spotify.com', 10670731, 0, 76, 76);
insert into Clientes (id, Nombre, Lenguaje, Foto, Celular, Email1, Email2, Codigo_invitacion, Indicador_recibos, ID_pais, ID_Compania) values (77, 'Shermy Thorby', 'Quechua', 'http://dummyimage.com/232x107.jpg/dddddd/000000', '1446198248', 'sthorby24@uiuc.edu', 'sthorby24@ed.gov', 10646860, 1, 77, 77);
insert into Clientes (id, Nombre, Lenguaje, Foto, Celular, Email1, Email2, Codigo_invitacion, Indicador_recibos, ID_pais, ID_Compania) values (78, 'Katerina Stratley', 'Luxembourgish', 'http://dummyimage.com/208x205.bmp/dddddd/000000', '7317958991', 'kstratley25@infoseek.co.jp', 'kstratley25@icq.com', 10405801, 0, 78, 78);
insert into Clientes (id, Nombre, Lenguaje, Foto, Celular, Email1, Email2, Codigo_invitacion, Indicador_recibos, ID_pais, ID_Compania) values (79, 'Johnette Magarrell', 'Somali', 'http://dummyimage.com/105x146.png/dddddd/000000', '9015141333', 'jmagarrell26@amazon.co.jp', 'jmagarrell26@bandcamp.com', 10687059, 0, 79, 79);
insert into Clientes (id, Nombre, Lenguaje, Foto, Celular, Email1, Email2, Codigo_invitacion, Indicador_recibos, ID_pais, ID_Compania) values (80, 'Alix Bartol', 'Quechua', 'http://dummyimage.com/223x240.png/dddddd/000000', '7104391192', 'abartol27@usatoday.com', 'abartol27@phoca.cz', 10414898, 0, 80, 80);
insert into Clientes (id, Nombre, Lenguaje, Foto, Celular, Email1, Email2, Codigo_invitacion, Indicador_recibos, ID_pais, ID_Compania) values (81, 'Maegan Canedo', 'Norwegian', 'http://dummyimage.com/145x153.jpg/5fa2dd/ffffff', '5946683393', 'mcanedo28@ifeng.com', 'mcanedo28@apple.com', 10699269, 1, 81, 81);
insert into Clientes (id, Nombre, Lenguaje, Foto, Celular, Email1, Email2, Codigo_invitacion, Indicador_recibos, ID_pais, ID_Compania) values (82, 'Myrtle Borth', 'Tok Pisin', 'http://dummyimage.com/104x115.bmp/5fa2dd/ffffff', '6683661815', 'mborth29@businessweek.com', 'mborth29@dedecms.com', 10844061, 1, 82, 82);
insert into Clientes (id, Nombre, Lenguaje, Foto, Celular, Email1, Email2, Codigo_invitacion, Indicador_recibos, ID_pais, ID_Compania) values (83, 'Lodovico Collman', 'Arabic', 'http://dummyimage.com/177x242.png/ff4444/ffffff', '8209786632', 'lcollman2a@addtoany.com', 'lcollman2a@biglobe.ne.jp', 10466900, 1, 83, 83);
insert into Clientes (id, Nombre, Lenguaje, Foto, Celular, Email1, Email2, Codigo_invitacion, Indicador_recibos, ID_pais, ID_Compania) values (84, 'Kenn Carrivick', 'Pashto', 'http://dummyimage.com/229x140.jpg/5fa2dd/ffffff', '4136713257', 'kcarrivick2b@unesco.org', 'kcarrivick2b@thetimes.co.uk', 10825611, 1, 84, 84);
insert into Clientes (id, Nombre, Lenguaje, Foto, Celular, Email1, Email2, Codigo_invitacion, Indicador_recibos, ID_pais, ID_Compania) values (85, 'Constancia Roust', 'Estonian', 'http://dummyimage.com/222x177.png/ff4444/ffffff', '5094451482', 'croust2c@1und1.de', 'croust2c@google.com.br', 10205484, 0, 85, 85);
insert into Clientes (id, Nombre, Lenguaje, Foto, Celular, Email1, Email2, Codigo_invitacion, Indicador_recibos, ID_pais, ID_Compania) values (86, 'Faulkner Storm', 'English', 'http://dummyimage.com/108x173.png/cc0000/ffffff', '6183338157', 'fstorm2d@devhub.com', 'fstorm2d@bloomberg.com', 10548608, 0, 86, 86);
insert into Clientes (id, Nombre, Lenguaje, Foto, Celular, Email1, Email2, Codigo_invitacion, Indicador_recibos, ID_pais, ID_Compania) values (87, 'Ase Ruller', 'Telugu', 'http://dummyimage.com/246x175.bmp/cc0000/ffffff', '6077383014', 'aruller2e@wikispaces.com', 'aruller2e@w3.org', 10255699, 0, 87, 87);
insert into Clientes (id, Nombre, Lenguaje, Foto, Celular, Email1, Email2, Codigo_invitacion, Indicador_recibos, ID_pais, ID_Compania) values (88, 'Kitti Hewson', 'Greek', 'http://dummyimage.com/186x186.png/ff4444/ffffff', '2142816982', 'khewson2f@google.com.br', 'khewson2f@pbs.org', 10033209, 0, 88, 88);
insert into Clientes (id, Nombre, Lenguaje, Foto, Celular, Email1, Email2, Codigo_invitacion, Indicador_recibos, ID_pais, ID_Compania) values (89, 'Toma Wreakes', 'Hindi', 'http://dummyimage.com/169x246.bmp/5fa2dd/ffffff', '6581296717', 'twreakes2g@squidoo.com', 'twreakes2g@examiner.com', 10979187, 0, 89, 89);
insert into Clientes (id, Nombre, Lenguaje, Foto, Celular, Email1, Email2, Codigo_invitacion, Indicador_recibos, ID_pais, ID_Compania) values (90, 'Colleen Boylan', 'Telugu', 'http://dummyimage.com/206x138.bmp/ff4444/ffffff', '9823619752', 'cboylan2h@dot.gov', 'cboylan2h@imageshack.us', 10141393, 1, 90, 90);
insert into Clientes (id, Nombre, Lenguaje, Foto, Celular, Email1, Email2, Codigo_invitacion, Indicador_recibos, ID_pais, ID_Compania) values (91, 'Royal Pauwel', 'Portuguese', 'http://dummyimage.com/249x153.jpg/ff4444/ffffff', '4634973506', 'rpauwel2i@livejournal.com', 'rpauwel2i@freewebs.com', 10542325, 1, 91, 91);
insert into Clientes (id, Nombre, Lenguaje, Foto, Celular, Email1, Email2, Codigo_invitacion, Indicador_recibos, ID_pais, ID_Compania) values (92, 'Bree Pyne', 'Japanese', 'http://dummyimage.com/219x146.bmp/ff4444/ffffff', '1928982906', 'bpyne2j@oaic.gov.au', 'bpyne2j@apple.com', 10807682, 0, 92, 92);
insert into Clientes (id, Nombre, Lenguaje, Foto, Celular, Email1, Email2, Codigo_invitacion, Indicador_recibos, ID_pais, ID_Compania) values (93, 'Nap Tanslie', 'Tok Pisin', 'http://dummyimage.com/207x229.png/ff4444/ffffff', '7707478105', 'ntanslie2k@list-manage.com', 'ntanslie2k@mlb.com', 10669040, 0, 93, 93);
insert into Clientes (id, Nombre, Lenguaje, Foto, Celular, Email1, Email2, Codigo_invitacion, Indicador_recibos, ID_pais, ID_Compania) values (94, 'Onida Apted', 'Persian', 'http://dummyimage.com/124x132.jpg/cc0000/ffffff', '7868848690', 'oapted2l@biglobe.ne.jp', 'oapted2l@liveinternet.ru', 10884179, 0, 94, 94);
insert into Clientes (id, Nombre, Lenguaje, Foto, Celular, Email1, Email2, Codigo_invitacion, Indicador_recibos, ID_pais, ID_Compania) values (95, 'Marcie Westmoreland', 'Luxembourgish', 'http://dummyimage.com/234x158.jpg/5fa2dd/ffffff', '1627570575', 'mwestmoreland2m@yellowbook.com', 'mwestmoreland2m@geocities.com', 10030089, 1, 95, 95);
insert into Clientes (id, Nombre, Lenguaje, Foto, Celular, Email1, Email2, Codigo_invitacion, Indicador_recibos, ID_pais, ID_Compania) values (96, 'Mitchael Mollett', 'Catalan', 'http://dummyimage.com/122x135.png/5fa2dd/ffffff', '1475675758', 'mmollett2n@pagesperso-orange.fr', 'mmollett2n@alexa.com', 10496750, 0, 96, 96);
insert into Clientes (id, Nombre, Lenguaje, Foto, Celular, Email1, Email2, Codigo_invitacion, Indicador_recibos, ID_pais, ID_Compania) values (97, 'Dominga Vatini', 'Georgian', 'http://dummyimage.com/178x231.bmp/5fa2dd/ffffff', '4376423725', 'dvatini2o@simplemachines.org', 'dvatini2o@walmart.com', 10796643, 1, 97, 97);
insert into Clientes (id, Nombre, Lenguaje, Foto, Celular, Email1, Email2, Codigo_invitacion, Indicador_recibos, ID_pais, ID_Compania) values (98, 'Lorens Mattimoe', 'Malayalam', 'http://dummyimage.com/134x201.png/dddddd/000000', '8706220512', 'lmattimoe2p@bigcartel.com', 'lmattimoe2p@blogtalkradio.com', 10414995, 0, 98, 98);
insert into Clientes (id, Nombre, Lenguaje, Foto, Celular, Email1, Email2, Codigo_invitacion, Indicador_recibos, ID_pais, ID_Compania) values (99, 'Essy Holtom', 'Guaran√≠', 'http://dummyimage.com/163x247.bmp/ff4444/ffffff', '9859464041', 'eholtom2q@domainmarket.com', 'eholtom2q@linkedin.com', 10884637, 0, 99, 99);
insert into Clientes (id, Nombre, Lenguaje, Foto, Celular, Email1, Email2, Codigo_invitacion, Indicador_recibos, ID_pais, ID_Compania) values (100, 'Andrew Petrollo', 'Marathi', 'http://dummyimage.com/230x245.jpg/ff4444/ffffff', '8102646560', 'apetrollo2r@deliciousdays.com', 'apetrollo2r@utexas.edu', 10424878, 1, 100, 100);
insert into Clientes (id, Nombre, Lenguaje, Foto, Celular, Email1, Email2, Codigo_invitacion, Indicador_recibos, ID_pais, ID_Compania) values (101, 'Alf Lanfranchi', 'Portuguese', 'http://dummyimage.com/247x221.bmp/dddddd/000000', '7926666095', 'alanfranchi2s@gmpg.org', 'alanfranchi2s@google.ca', 10366349, 0, 101, 101);
insert into Clientes (id, Nombre, Lenguaje, Foto, Celular, Email1, Email2, Codigo_invitacion, Indicador_recibos, ID_pais, ID_Compania) values (102, 'Ania McConville', 'Kurdish', 'http://dummyimage.com/214x103.bmp/ff4444/ffffff', '1508705884', 'amcconville2t@yolasite.com', 'amcconville2t@mashable.com', 10911439, 0, 102, 102);
insert into Clientes (id, Nombre, Lenguaje, Foto, Celular, Email1, Email2, Codigo_invitacion, Indicador_recibos, ID_pais, ID_Compania) values (103, 'Dodi Van der Kruis', 'Kashmiri', 'http://dummyimage.com/152x173.jpg/ff4444/ffffff', '6441055220', 'dvan2u@wired.com', 'dvan2u@exblog.jp', 10156505, 1, 103, 103);
insert into Clientes (id, Nombre, Lenguaje, Foto, Celular, Email1, Email2, Codigo_invitacion, Indicador_recibos, ID_pais, ID_Compania) values (104, 'Celene Szubert', 'Estonian', 'http://dummyimage.com/167x104.bmp/dddddd/000000', '2628246264', 'cszubert2v@tripod.com', 'cszubert2v@prweb.com', 10393021, 0, 104, 104);
insert into Clientes (id, Nombre, Lenguaje, Foto, Celular, Email1, Email2, Codigo_invitacion, Indicador_recibos, ID_pais, ID_Compania) values (105, 'Cilka Karpman', 'Afrikaans', 'http://dummyimage.com/223x180.png/5fa2dd/ffffff', '4014597112', 'ckarpman2w@friendfeed.com', 'ckarpman2w@de.vu', 10644740, 1, 105, 105);
insert into Clientes (id, Nombre, Lenguaje, Foto, Celular, Email1, Email2, Codigo_invitacion, Indicador_recibos, ID_pais, ID_Compania) values (106, 'Ethelin Trouncer', 'Marathi', 'http://dummyimage.com/182x207.jpg/cc0000/ffffff', '8167759652', 'etrouncer2x@printfriendly.com', 'etrouncer2x@un.org', 10866410, 0, 106, 106);
insert into Clientes (id, Nombre, Lenguaje, Foto, Celular, Email1, Email2, Codigo_invitacion, Indicador_recibos, ID_pais, ID_Compania) values (107, 'Odie Pringuer', 'Lao', 'http://dummyimage.com/160x107.png/ff4444/ffffff', '6973644938', 'opringuer2y@multiply.com', 'opringuer2y@feedburner.com', 10873325, 0, 107, 107);
insert into Clientes (id, Nombre, Lenguaje, Foto, Celular, Email1, Email2, Codigo_invitacion, Indicador_recibos, ID_pais, ID_Compania) values (108, 'Domeniga Lusgdin', 'Polish', 'http://dummyimage.com/184x165.png/cc0000/ffffff', '6555619861', 'dlusgdin2z@bandcamp.com', 'dlusgdin2z@house.gov', 10755546, 0, 108, 108);
insert into Clientes (id, Nombre, Lenguaje, Foto, Celular, Email1, Email2, Codigo_invitacion, Indicador_recibos, ID_pais, ID_Compania) values (109, 'Hildegarde Busby', 'Kannada', 'http://dummyimage.com/175x246.jpg/dddddd/000000', '4607137058', 'hbusby30@gnu.org', 'hbusby30@timesonline.co.uk', 10665952, 1, 109, 109);
insert into Clientes (id, Nombre, Lenguaje, Foto, Celular, Email1, Email2, Codigo_invitacion, Indicador_recibos, ID_pais, ID_Compania) values (110, 'Roldan Platfoot', 'Oriya', 'http://dummyimage.com/242x200.bmp/dddddd/000000', '6047388789', 'rplatfoot31@godaddy.com', 'rplatfoot31@last.fm', 10851183, 0, 110, 110);
insert into Clientes (id, Nombre, Lenguaje, Foto, Celular, Email1, Email2, Codigo_invitacion, Indicador_recibos, ID_pais, ID_Compania) values (111, 'Cordie Shearsby', 'Guaran√≠', 'http://dummyimage.com/151x186.bmp/dddddd/000000', '7507404012', 'cshearsby32@mapy.cz', 'cshearsby32@cnbc.com', 10425560, 1, 111, 111);
insert into Clientes (id, Nombre, Lenguaje, Foto, Celular, Email1, Email2, Codigo_invitacion, Indicador_recibos, ID_pais, ID_Compania) values (112, 'Frank Fortescue', 'Mongolian', 'http://dummyimage.com/229x103.bmp/5fa2dd/ffffff', '7604984677', 'ffortescue33@unc.edu', 'ffortescue33@livejournal.com', 10068700, 0, 112, 112);
insert into Clientes (id, Nombre, Lenguaje, Foto, Celular, Email1, Email2, Codigo_invitacion, Indicador_recibos, ID_pais, ID_Compania) values (113, 'Newton McIlreavy', 'Armenian', 'http://dummyimage.com/116x234.png/dddddd/000000', '4319151025', 'nmcilreavy34@seesaa.net', 'nmcilreavy34@1688.com', 10020446, 0, 113, 113);
insert into Clientes (id, Nombre, Lenguaje, Foto, Celular, Email1, Email2, Codigo_invitacion, Indicador_recibos, ID_pais, ID_Compania) values (114, 'Paco O''Kinneally', 'Bulgarian', 'http://dummyimage.com/195x203.jpg/5fa2dd/ffffff', '9423446586', 'pokinneally35@ebay.co.uk', 'pokinneally35@businessinsider.com', 10032196, 1, 114, 114);
insert into Clientes (id, Nombre, Lenguaje, Foto, Celular, Email1, Email2, Codigo_invitacion, Indicador_recibos, ID_pais, ID_Compania) values (115, 'Rozalin Paulin', 'Indonesian', 'http://dummyimage.com/204x236.png/cc0000/ffffff', '3216783385', 'rpaulin36@apache.org', 'rpaulin36@google.co.jp', 10064284, 0, 115, 115);
insert into Clientes (id, Nombre, Lenguaje, Foto, Celular, Email1, Email2, Codigo_invitacion, Indicador_recibos, ID_pais, ID_Compania) values (116, 'Judd Spincke', 'Thai', 'http://dummyimage.com/145x223.png/5fa2dd/ffffff', '5061567149', 'jspincke37@shutterfly.com', 'jspincke37@baidu.com', 10645106, 1, 116, 116);
insert into Clientes (id, Nombre, Lenguaje, Foto, Celular, Email1, Email2, Codigo_invitacion, Indicador_recibos, ID_pais, ID_Compania) values (117, 'Allyson Kirkbright', 'Persian', 'http://dummyimage.com/165x145.bmp/5fa2dd/ffffff', '2212845274', 'akirkbright38@vistaprint.com', 'akirkbright38@sfgate.com', 10205998, 0, 117, 117);
insert into Clientes (id, Nombre, Lenguaje, Foto, Celular, Email1, Email2, Codigo_invitacion, Indicador_recibos, ID_pais, ID_Compania) values (118, 'Myrta Maling', 'Finnish', 'http://dummyimage.com/167x188.png/5fa2dd/ffffff', '6133056154', 'mmaling39@arizona.edu', 'mmaling39@yolasite.com', 10354033, 0, 118, 118);
insert into Clientes (id, Nombre, Lenguaje, Foto, Celular, Email1, Email2, Codigo_invitacion, Indicador_recibos, ID_pais, ID_Compania) values (119, 'Minnaminnie Benn', 'Somali', 'http://dummyimage.com/214x142.bmp/5fa2dd/ffffff', '3655740714', 'mbenn3a@topsy.com', 'mbenn3a@ucsd.edu', 10528099, 1, 119, 119);
insert into Clientes (id, Nombre, Lenguaje, Foto, Celular, Email1, Email2, Codigo_invitacion, Indicador_recibos, ID_pais, ID_Compania) values (120, 'Babbette Letchmore', 'Japanese', 'http://dummyimage.com/152x185.png/ff4444/ffffff', '1345937299', 'bletchmore3b@about.com', 'bletchmore3b@dyndns.org', 10202533, 1, 120, 120);
insert into Clientes (id, Nombre, Lenguaje, Foto, Celular, Email1, Email2, Codigo_invitacion, Indicador_recibos, ID_pais, ID_Compania) values (121, 'Valli Rigler', 'Norwegian', 'http://dummyimage.com/218x119.jpg/cc0000/ffffff', '5309032214', 'vrigler3c@github.com', 'vrigler3c@walmart.com', 10000874, 0, 121, 121);
insert into Clientes (id, Nombre, Lenguaje, Foto, Celular, Email1, Email2, Codigo_invitacion, Indicador_recibos, ID_pais, ID_Compania) values (122, 'Marrilee Mayler', 'Punjabi', 'http://dummyimage.com/168x115.jpg/ff4444/ffffff', '2356724455', 'mmayler3d@typepad.com', 'mmayler3d@foxnews.com', 10923096, 1, 122, 122);
insert into Clientes (id, Nombre, Lenguaje, Foto, Celular, Email1, Email2, Codigo_invitacion, Indicador_recibos, ID_pais, ID_Compania) values (123, 'Berty Barracks', 'French', 'http://dummyimage.com/186x189.png/5fa2dd/ffffff', '9014552645', 'bbarracks3e@drupal.org', 'bbarracks3e@eventbrite.com', 10212425, 0, 123, 123);
insert into Clientes (id, Nombre, Lenguaje, Foto, Celular, Email1, Email2, Codigo_invitacion, Indicador_recibos, ID_pais, ID_Compania) values (124, 'Jayne Grindlay', 'German', 'http://dummyimage.com/194x171.jpg/dddddd/000000', '6831229838', 'jgrindlay3f@pcworld.com', 'jgrindlay3f@blinklist.com', 10150735, 0, 124, 124);
insert into Clientes (id, Nombre, Lenguaje, Foto, Celular, Email1, Email2, Codigo_invitacion, Indicador_recibos, ID_pais, ID_Compania) values (125, 'Bernardina Crang', 'Macedonian', 'http://dummyimage.com/183x216.bmp/cc0000/ffffff', '5408123070', 'bcrang3g@loc.gov', 'bcrang3g@rakuten.co.jp', 10831440, 0, 125, 125);
insert into Clientes (id, Nombre, Lenguaje, Foto, Celular, Email1, Email2, Codigo_invitacion, Indicador_recibos, ID_pais, ID_Compania) values (126, 'Charlton Spores', 'Ndebele', 'http://dummyimage.com/217x219.bmp/ff4444/ffffff', '4073358683', 'cspores3h@webmd.com', 'cspores3h@bloglovin.com', 10350519, 1, 126, 126);
insert into Clientes (id, Nombre, Lenguaje, Foto, Celular, Email1, Email2, Codigo_invitacion, Indicador_recibos, ID_pais, ID_Compania) values (127, 'Sela Angerstein', 'Arabic', 'http://dummyimage.com/132x151.bmp/ff4444/ffffff', '3112031310', 'sangerstein3i@princeton.edu', 'sangerstein3i@cdbaby.com', 10905089, 0, 127, 127);
insert into Clientes (id, Nombre, Lenguaje, Foto, Celular, Email1, Email2, Codigo_invitacion, Indicador_recibos, ID_pais, ID_Compania) values (128, 'Felisha Moylan', 'Romanian', 'http://dummyimage.com/204x233.jpg/ff4444/ffffff', '6474654417', 'fmoylan3j@zdnet.com', 'fmoylan3j@prnewswire.com', 10062506, 0, 128, 128);
insert into Clientes (id, Nombre, Lenguaje, Foto, Celular, Email1, Email2, Codigo_invitacion, Indicador_recibos, ID_pais, ID_Compania) values (129, 'Katuscha Weatherby', 'Romanian', 'http://dummyimage.com/207x172.png/ff4444/ffffff', '6663809079', 'kweatherby3k@ftc.gov', 'kweatherby3k@linkedin.com', 10205155, 1, 129, 129);
insert into Clientes (id, Nombre, Lenguaje, Foto, Celular, Email1, Email2, Codigo_invitacion, Indicador_recibos, ID_pais, ID_Compania) values (130, 'Pamelina Maxworthy', 'Korean', 'http://dummyimage.com/233x112.jpg/cc0000/ffffff', '4812118713', 'pmaxworthy3l@ask.com', 'pmaxworthy3l@yolasite.com', 10317522, 0, 130, 130);
insert into Clientes (id, Nombre, Lenguaje, Foto, Celular, Email1, Email2, Codigo_invitacion, Indicador_recibos, ID_pais, ID_Compania) values (131, 'Itch Sclater', 'Khmer', 'http://dummyimage.com/206x237.bmp/ff4444/ffffff', '2551423483', 'isclater3m@google.es', 'isclater3m@hao123.com', 10603084, 0, 131, 131);
insert into Clientes (id, Nombre, Lenguaje, Foto, Celular, Email1, Email2, Codigo_invitacion, Indicador_recibos, ID_pais, ID_Compania) values (132, 'Gardy Cuesta', 'Armenian', 'http://dummyimage.com/160x156.jpg/cc0000/ffffff', '6247741676', 'gcuesta3n@gov.uk', 'gcuesta3n@merriam-webster.com', 10862655, 0, 132, 132);
insert into Clientes (id, Nombre, Lenguaje, Foto, Celular, Email1, Email2, Codigo_invitacion, Indicador_recibos, ID_pais, ID_Compania) values (133, 'Cornie Willshere', 'Latvian', 'http://dummyimage.com/154x208.jpg/5fa2dd/ffffff', '7414536967', 'cwillshere3o@hostgator.com', 'cwillshere3o@skyrock.com', 10510675, 0, 133, 133);
insert into Clientes (id, Nombre, Lenguaje, Foto, Celular, Email1, Email2, Codigo_invitacion, Indicador_recibos, ID_pais, ID_Compania) values (134, 'Callida Olyunin', 'Bengali', 'http://dummyimage.com/117x243.png/5fa2dd/ffffff', '7145385203', 'colyunin3p@imageshack.us', 'colyunin3p@fda.gov', 10562826, 0, 134, 134);
insert into Clientes (id, Nombre, Lenguaje, Foto, Celular, Email1, Email2, Codigo_invitacion, Indicador_recibos, ID_pais, ID_Compania) values (135, 'Zita Sizeland', 'Somali', 'http://dummyimage.com/152x110.jpg/dddddd/000000', '1625198823', 'zsizeland3q@psu.edu', 'zsizeland3q@utexas.edu', 10921751, 0, 135, 135);
insert into Clientes (id, Nombre, Lenguaje, Foto, Celular, Email1, Email2, Codigo_invitacion, Indicador_recibos, ID_pais, ID_Compania) values (136, 'Philomena Ambrogetti', 'Kurdish', 'http://dummyimage.com/211x127.bmp/5fa2dd/ffffff', '9882064619', 'pambrogetti3r@tripadvisor.com', 'pambrogetti3r@behance.net', 10572582, 0, 136, 136);
insert into Clientes (id, Nombre, Lenguaje, Foto, Celular, Email1, Email2, Codigo_invitacion, Indicador_recibos, ID_pais, ID_Compania) values (137, 'Scotty Hise', 'New Zealand Sign Language', 'http://dummyimage.com/249x146.jpg/cc0000/ffffff', '9044633482', 'shise3s@skyrock.com', 'shise3s@pen.io', 10898765, 0, 137, 137);
insert into Clientes (id, Nombre, Lenguaje, Foto, Celular, Email1, Email2, Codigo_invitacion, Indicador_recibos, ID_pais, ID_Compania) values (138, 'Jaime Lembrick', 'Sotho', 'http://dummyimage.com/201x164.bmp/cc0000/ffffff', '8896343105', 'jlembrick3t@ted.com', 'jlembrick3t@gmpg.org', 10524838, 1, 138, 138);
insert into Clientes (id, Nombre, Lenguaje, Foto, Celular, Email1, Email2, Codigo_invitacion, Indicador_recibos, ID_pais, ID_Compania) values (139, 'Wes Tabor', 'Luxembourgish', 'http://dummyimage.com/142x221.jpg/cc0000/ffffff', '5049323947', 'wtabor3u@webnode.com', 'wtabor3u@ca.gov', 10654422, 0, 139, 139);
insert into Clientes (id, Nombre, Lenguaje, Foto, Celular, Email1, Email2, Codigo_invitacion, Indicador_recibos, ID_pais, ID_Compania) values (140, 'Kincaid Branscombe', 'Tsonga', 'http://dummyimage.com/243x223.jpg/dddddd/000000', '2705753836', 'kbranscombe3v@ameblo.jp', 'kbranscombe3v@cbsnews.com', 10502458, 0, 140, 140);
insert into Clientes (id, Nombre, Lenguaje, Foto, Celular, Email1, Email2, Codigo_invitacion, Indicador_recibos, ID_pais, ID_Compania) values (141, 'Annadiana Bortol', 'Thai', 'http://dummyimage.com/123x171.png/cc0000/ffffff', '2886957257', 'abortol3w@behance.net', 'abortol3w@arizona.edu', 10197137, 1, 141, 141);
insert into Clientes (id, Nombre, Lenguaje, Foto, Celular, Email1, Email2, Codigo_invitacion, Indicador_recibos, ID_pais, ID_Compania) values (142, 'Ede Simyson', 'Guaran√≠', 'http://dummyimage.com/192x114.png/cc0000/ffffff', '2403578387', 'esimyson3x@github.io', 'esimyson3x@spotify.com', 10438083, 1, 142, 142);
insert into Clientes (id, Nombre, Lenguaje, Foto, Celular, Email1, Email2, Codigo_invitacion, Indicador_recibos, ID_pais, ID_Compania) values (143, 'Darla Gainsboro', 'New Zealand Sign Language', 'http://dummyimage.com/111x156.bmp/dddddd/000000', '9597299081', 'dgainsboro3y@businessinsider.com', 'dgainsboro3y@delicious.com', 10109781, 1, 143, 143);
insert into Clientes (id, Nombre, Lenguaje, Foto, Celular, Email1, Email2, Codigo_invitacion, Indicador_recibos, ID_pais, ID_Compania) values (144, 'Morgun Chue', 'Dhivehi', 'http://dummyimage.com/168x125.jpg/cc0000/ffffff', '9391610509', 'mchue3z@netvibes.com', 'mchue3z@list-manage.com', 10203241, 1, 144, 144);
insert into Clientes (id, Nombre, Lenguaje, Foto, Celular, Email1, Email2, Codigo_invitacion, Indicador_recibos, ID_pais, ID_Compania) values (145, 'Nickie Platt', 'Armenian', 'http://dummyimage.com/121x133.png/cc0000/ffffff', '6543211810', 'nplatt40@disqus.com', 'nplatt40@odnoklassniki.ru', 10878843, 1, 145, 145);
insert into Clientes (id, Nombre, Lenguaje, Foto, Celular, Email1, Email2, Codigo_invitacion, Indicador_recibos, ID_pais, ID_Compania) values (146, 'Alane Kitcher', 'Malay', 'http://dummyimage.com/236x134.jpg/cc0000/ffffff', '6812604167', 'akitcher41@va.gov', 'akitcher41@apple.com', 10712508, 1, 146, 146);
insert into Clientes (id, Nombre, Lenguaje, Foto, Celular, Email1, Email2, Codigo_invitacion, Indicador_recibos, ID_pais, ID_Compania) values (147, 'Eba Rego', 'Assamese', 'http://dummyimage.com/198x168.png/dddddd/000000', '8532165619', 'erego42@csmonitor.com', 'erego42@rakuten.co.jp', 10559556, 0, 147, 147);
insert into Clientes (id, Nombre, Lenguaje, Foto, Celular, Email1, Email2, Codigo_invitacion, Indicador_recibos, ID_pais, ID_Compania) values (148, 'Francene Pady', 'Persian', 'http://dummyimage.com/197x137.bmp/5fa2dd/ffffff', '2547328238', 'fpady43@pagesperso-orange.fr', 'fpady43@usnews.com', 10014111, 1, 148, 148);
insert into Clientes (id, Nombre, Lenguaje, Foto, Celular, Email1, Email2, Codigo_invitacion, Indicador_recibos, ID_pais, ID_Compania) values (149, 'Vin Rime', 'Romanian', 'http://dummyimage.com/173x177.bmp/ff4444/ffffff', '9013322871', 'vrime44@squidoo.com', 'vrime44@smugmug.com', 10271572, 0, 149, 149);
insert into Clientes (id, Nombre, Lenguaje, Foto, Celular, Email1, Email2, Codigo_invitacion, Indicador_recibos, ID_pais, ID_Compania) values (150, 'Modestine Mertgen', 'Indonesian', 'http://dummyimage.com/132x221.jpg/dddddd/000000', '3181604951', 'mmertgen45@mozilla.org', 'mmertgen45@usnews.com', 10431688, 0, 150, 150);
insert into Clientes (id, Nombre, Lenguaje, Foto, Celular, Email1, Email2, Codigo_invitacion, Indicador_recibos, ID_pais, ID_Compania) values (151, 'Orella Sayer', 'Kurdish', 'http://dummyimage.com/164x246.bmp/cc0000/ffffff', '1072635075', 'osayer46@mayoclinic.com', 'osayer46@flickr.com', 10569873, 1, 151, 151);
insert into Clientes (id, Nombre, Lenguaje, Foto, Celular, Email1, Email2, Codigo_invitacion, Indicador_recibos, ID_pais, ID_Compania) values (152, 'Addia Trasler', 'Romanian', 'http://dummyimage.com/141x145.jpg/cc0000/ffffff', '2139005526', 'atrasler47@google.fr', 'atrasler47@domainmarket.com', 10037997, 1, 152, 152);
insert into Clientes (id, Nombre, Lenguaje, Foto, Celular, Email1, Email2, Codigo_invitacion, Indicador_recibos, ID_pais, ID_Compania) values (153, 'Sigrid Robjant', 'Kashmiri', 'http://dummyimage.com/194x232.jpg/5fa2dd/ffffff', '8504635970', 'srobjant48@ebay.com', 'srobjant48@myspace.com', 10311015, 0, 153, 153);
insert into Clientes (id, Nombre, Lenguaje, Foto, Celular, Email1, Email2, Codigo_invitacion, Indicador_recibos, ID_pais, ID_Compania) values (154, 'Franny Story', 'Indonesian', 'http://dummyimage.com/170x170.jpg/ff4444/ffffff', '2587073985', 'fstory49@epa.gov', 'fstory49@issuu.com', 10237705, 0, 154, 154);
insert into Clientes (id, Nombre, Lenguaje, Foto, Celular, Email1, Email2, Codigo_invitacion, Indicador_recibos, ID_pais, ID_Compania) values (155, 'Doralyn Roe', 'Tok Pisin', 'http://dummyimage.com/245x144.bmp/ff4444/ffffff', '5457649403', 'droe4a@ycombinator.com', 'droe4a@addthis.com', 10407524, 1, 155, 155);
insert into Clientes (id, Nombre, Lenguaje, Foto, Celular, Email1, Email2, Codigo_invitacion, Indicador_recibos, ID_pais, ID_Compania) values (156, 'Rod Hartmann', 'Japanese', 'http://dummyimage.com/200x195.jpg/dddddd/000000', '2489988332', 'rhartmann4b@myspace.com', 'rhartmann4b@ucsd.edu', 10592298, 1, 156, 156);
insert into Clientes (id, Nombre, Lenguaje, Foto, Celular, Email1, Email2, Codigo_invitacion, Indicador_recibos, ID_pais, ID_Compania) values (157, 'Vivianna Samworth', 'Hebrew', 'http://dummyimage.com/195x198.jpg/ff4444/ffffff', '8329819564', 'vsamworth4c@123-reg.co.uk', 'vsamworth4c@tinyurl.com', 10383665, 1, 157, 157);
insert into Clientes (id, Nombre, Lenguaje, Foto, Celular, Email1, Email2, Codigo_invitacion, Indicador_recibos, ID_pais, ID_Compania) values (158, 'Cara Eary', 'Swati', 'http://dummyimage.com/186x206.jpg/cc0000/ffffff', '2278894907', 'ceary4d@cpanel.net', 'ceary4d@ycombinator.com', 10530110, 0, 158, 158);
insert into Clientes (id, Nombre, Lenguaje, Foto, Celular, Email1, Email2, Codigo_invitacion, Indicador_recibos, ID_pais, ID_Compania) values (159, 'Amandie Bevir', 'Somali', 'http://dummyimage.com/237x123.bmp/5fa2dd/ffffff', '3921888328', 'abevir4e@washington.edu', 'abevir4e@ucla.edu', 10563360, 0, 159, 159);
insert into Clientes (id, Nombre, Lenguaje, Foto, Celular, Email1, Email2, Codigo_invitacion, Indicador_recibos, ID_pais, ID_Compania) values (160, 'Lynelle Donne', 'Greek', 'http://dummyimage.com/241x215.png/dddddd/000000', '9373354419', 'ldonne4f@spotify.com', 'ldonne4f@eepurl.com', 10229058, 0, 160, 160);
insert into Clientes (id, Nombre, Lenguaje, Foto, Celular, Email1, Email2, Codigo_invitacion, Indicador_recibos, ID_pais, ID_Compania) values (161, 'Ingrim Vedntyev', 'Thai', 'http://dummyimage.com/246x185.png/dddddd/000000', '7328204714', 'ivedntyev4g@dmoz.org', 'ivedntyev4g@symantec.com', 10138567, 0, 161, 161);
insert into Clientes (id, Nombre, Lenguaje, Foto, Celular, Email1, Email2, Codigo_invitacion, Indicador_recibos, ID_pais, ID_Compania) values (162, 'Doroteya Henrys', 'Northern Sotho', 'http://dummyimage.com/234x105.png/ff4444/ffffff', '5853154411', 'dhenrys4h@sphinn.com', 'dhenrys4h@nhs.uk', 10017999, 1, 162, 162);
insert into Clientes (id, Nombre, Lenguaje, Foto, Celular, Email1, Email2, Codigo_invitacion, Indicador_recibos, ID_pais, ID_Compania) values (163, 'Brinn Gilbee', 'Quechua', 'http://dummyimage.com/127x249.png/cc0000/ffffff', '6776662865', 'bgilbee4i@indiatimes.com', 'bgilbee4i@google.it', 10899596, 0, 163, 163);
insert into Clientes (id, Nombre, Lenguaje, Foto, Celular, Email1, Email2, Codigo_invitacion, Indicador_recibos, ID_pais, ID_Compania) values (164, 'Ddene Winthrop', 'Kurdish', 'http://dummyimage.com/230x244.bmp/5fa2dd/ffffff', '5973376879', 'dwinthrop4j@cnbc.com', 'dwinthrop4j@vinaora.com', 10214640, 0, 164, 164);
insert into Clientes (id, Nombre, Lenguaje, Foto, Celular, Email1, Email2, Codigo_invitacion, Indicador_recibos, ID_pais, ID_Compania) values (165, 'Ramsey Blessed', 'Icelandic', 'http://dummyimage.com/151x233.png/ff4444/ffffff', '3111238352', 'rblessed4k@ycombinator.com', 'rblessed4k@dell.com', 10454643, 1, 165, 165);
insert into Clientes (id, Nombre, Lenguaje, Foto, Celular, Email1, Email2, Codigo_invitacion, Indicador_recibos, ID_pais, ID_Compania) values (166, 'Percy Hewlings', 'Croatian', 'http://dummyimage.com/214x182.bmp/5fa2dd/ffffff', '6011858267', 'phewlings4l@umn.edu', 'phewlings4l@baidu.com', 10512242, 1, 166, 166);
insert into Clientes (id, Nombre, Lenguaje, Foto, Celular, Email1, Email2, Codigo_invitacion, Indicador_recibos, ID_pais, ID_Compania) values (167, 'Ingra Marciek', 'Armenian', 'http://dummyimage.com/233x173.jpg/cc0000/ffffff', '7287269096', 'imarciek4m@last.fm', 'imarciek4m@dagondesign.com', 10444287, 0, 167, 167);
insert into Clientes (id, Nombre, Lenguaje, Foto, Celular, Email1, Email2, Codigo_invitacion, Indicador_recibos, ID_pais, ID_Compania) values (168, 'Sean Slevin', 'New Zealand Sign Language', 'http://dummyimage.com/107x226.png/ff4444/ffffff', '7955508081', 'sslevin4n@nasa.gov', 'sslevin4n@redcross.org', 10162660, 1, 168, 168);
insert into Clientes (id, Nombre, Lenguaje, Foto, Celular, Email1, Email2, Codigo_invitacion, Indicador_recibos, ID_pais, ID_Compania) values (169, 'Laurena Ilyunin', 'Finnish', 'http://dummyimage.com/137x237.jpg/ff4444/ffffff', '7235113972', 'lilyunin4o@jimdo.com', 'lilyunin4o@bloglines.com', 10374529, 1, 169, 169);
insert into Clientes (id, Nombre, Lenguaje, Foto, Celular, Email1, Email2, Codigo_invitacion, Indicador_recibos, ID_pais, ID_Compania) values (170, 'Brittaney Beedham', 'Afrikaans', 'http://dummyimage.com/236x237.bmp/5fa2dd/ffffff', '2392426792', 'bbeedham4p@huffingtonpost.com', 'bbeedham4p@accuweather.com', 10765285, 0, 170, 170);
insert into Clientes (id, Nombre, Lenguaje, Foto, Celular, Email1, Email2, Codigo_invitacion, Indicador_recibos, ID_pais, ID_Compania) values (171, 'Carlota Jury', 'Dzongkha', 'http://dummyimage.com/155x230.png/ff4444/ffffff', '8838488955', 'cjury4q@psu.edu', 'cjury4q@github.com', 10723022, 0, 171, 171);
insert into Clientes (id, Nombre, Lenguaje, Foto, Celular, Email1, Email2, Codigo_invitacion, Indicador_recibos, ID_pais, ID_Compania) values (172, 'Linell Tedridge', 'Chinese', 'http://dummyimage.com/102x250.jpg/dddddd/000000', '9542947168', 'ltedridge4r@ovh.net', 'ltedridge4r@nydailynews.com', 10816664, 1, 172, 172);
insert into Clientes (id, Nombre, Lenguaje, Foto, Celular, Email1, Email2, Codigo_invitacion, Indicador_recibos, ID_pais, ID_Compania) values (173, 'Raye Dohmer', 'Zulu', 'http://dummyimage.com/162x217.bmp/ff4444/ffffff', '6095992770', 'rdohmer4s@baidu.com', 'rdohmer4s@ovh.net', 10607161, 0, 173, 173);
insert into Clientes (id, Nombre, Lenguaje, Foto, Celular, Email1, Email2, Codigo_invitacion, Indicador_recibos, ID_pais, ID_Compania) values (174, 'Eudora Presdie', 'Luxembourgish', 'http://dummyimage.com/138x197.bmp/ff4444/ffffff', '6029491605', 'epresdie4t@unblog.fr', 'epresdie4t@sciencedaily.com', 10808089, 0, 174, 174);
insert into Clientes (id, Nombre, Lenguaje, Foto, Celular, Email1, Email2, Codigo_invitacion, Indicador_recibos, ID_pais, ID_Compania) values (175, 'Arther Laird-Craig', 'Greek', 'http://dummyimage.com/165x110.png/ff4444/ffffff', '9234346540', 'alairdcraig4u@tamu.edu', 'alairdcraig4u@so-net.ne.jp', 10878827, 1, 175, 175);
insert into Clientes (id, Nombre, Lenguaje, Foto, Celular, Email1, Email2, Codigo_invitacion, Indicador_recibos, ID_pais, ID_Compania) values (176, 'Laural Szimoni', 'Macedonian', 'http://dummyimage.com/158x104.png/dddddd/000000', '2786403854', 'lszimoni4v@cafepress.com', 'lszimoni4v@google.cn', 10689697, 0, 176, 176);
insert into Clientes (id, Nombre, Lenguaje, Foto, Celular, Email1, Email2, Codigo_invitacion, Indicador_recibos, ID_pais, ID_Compania) values (177, 'Kimmi Gingedale', 'Arabic', 'http://dummyimage.com/133x112.png/dddddd/000000', '1227794201', 'kgingedale4w@buzzfeed.com', 'kgingedale4w@cnet.com', 10255475, 1, 177, 177);
insert into Clientes (id, Nombre, Lenguaje, Foto, Celular, Email1, Email2, Codigo_invitacion, Indicador_recibos, ID_pais, ID_Compania) values (178, 'Mickey Stelli', 'Bengali', 'http://dummyimage.com/146x178.png/5fa2dd/ffffff', '3488962590', 'mstelli4x@yolasite.com', 'mstelli4x@imageshack.us', 10389501, 1, 178, 178);
insert into Clientes (id, Nombre, Lenguaje, Foto, Celular, Email1, Email2, Codigo_invitacion, Indicador_recibos, ID_pais, ID_Compania) values (179, 'Fredelia Deetlefs', 'Amharic', 'http://dummyimage.com/145x178.jpg/dddddd/000000', '3733898460', 'fdeetlefs4y@bbc.co.uk', 'fdeetlefs4y@blogs.com', 10061148, 0, 179, 179);
insert into Clientes (id, Nombre, Lenguaje, Foto, Celular, Email1, Email2, Codigo_invitacion, Indicador_recibos, ID_pais, ID_Compania) values (180, 'Meaghan Kuhl', 'Malagasy', 'http://dummyimage.com/212x246.bmp/5fa2dd/ffffff', '2236762439', 'mkuhl4z@mysql.com', 'mkuhl4z@telegraph.co.uk', 10659697, 0, 180, 180);
insert into Clientes (id, Nombre, Lenguaje, Foto, Celular, Email1, Email2, Codigo_invitacion, Indicador_recibos, ID_pais, ID_Compania) values (181, 'Stevie Kenneway', 'Moldovan', 'http://dummyimage.com/144x153.jpg/5fa2dd/ffffff', '3406788662', 'skenneway50@cbsnews.com', 'skenneway50@oracle.com', 10792344, 1, 181, 181);
insert into Clientes (id, Nombre, Lenguaje, Foto, Celular, Email1, Email2, Codigo_invitacion, Indicador_recibos, ID_pais, ID_Compania) values (182, 'Ellie Vaulkhard', 'New Zealand Sign Language', 'http://dummyimage.com/227x116.bmp/ff4444/ffffff', '8763140540', 'evaulkhard51@seesaa.net', 'evaulkhard51@dion.ne.jp', 10959129, 0, 182, 182);
insert into Clientes (id, Nombre, Lenguaje, Foto, Celular, Email1, Email2, Codigo_invitacion, Indicador_recibos, ID_pais, ID_Compania) values (183, 'Britt Coltart', 'Assamese', 'http://dummyimage.com/249x162.png/cc0000/ffffff', '4716944774', 'bcoltart52@elpais.com', 'bcoltart52@tiny.cc', 10792233, 1, 183, 183);
insert into Clientes (id, Nombre, Lenguaje, Foto, Celular, Email1, Email2, Codigo_invitacion, Indicador_recibos, ID_pais, ID_Compania) values (184, 'Amalle Breese', 'Luxembourgish', 'http://dummyimage.com/199x220.png/dddddd/000000', '4592910902', 'abreese53@arizona.edu', 'abreese53@go.com', 10884522, 0, 184, 184);
insert into Clientes (id, Nombre, Lenguaje, Foto, Celular, Email1, Email2, Codigo_invitacion, Indicador_recibos, ID_pais, ID_Compania) values (185, 'Rivy Kitchingman', 'Latvian', 'http://dummyimage.com/197x198.png/dddddd/000000', '3691595135', 'rkitchingman54@jugem.jp', 'rkitchingman54@deliciousdays.com', 10397311, 1, 185, 185);
insert into Clientes (id, Nombre, Lenguaje, Foto, Celular, Email1, Email2, Codigo_invitacion, Indicador_recibos, ID_pais, ID_Compania) values (186, 'Eric Sell', 'Malay', 'http://dummyimage.com/162x247.png/5fa2dd/ffffff', '9175658063', 'esell55@hp.com', 'esell55@netvibes.com', 10237149, 1, 186, 186);
insert into Clientes (id, Nombre, Lenguaje, Foto, Celular, Email1, Email2, Codigo_invitacion, Indicador_recibos, ID_pais, ID_Compania) values (187, 'Inger Chill', 'Quechua', 'http://dummyimage.com/128x128.bmp/cc0000/ffffff', '4313494613', 'ichill56@dailymail.co.uk', 'ichill56@bloomberg.com', 10225848, 0, 187, 187);
insert into Clientes (id, Nombre, Lenguaje, Foto, Celular, Email1, Email2, Codigo_invitacion, Indicador_recibos, ID_pais, ID_Compania) values (188, 'Eleanora Tale', 'Assamese', 'http://dummyimage.com/173x166.bmp/dddddd/000000', '6685083095', 'etale57@t-online.de', 'etale57@salon.com', 10329572, 0, 188, 188);
insert into Clientes (id, Nombre, Lenguaje, Foto, Celular, Email1, Email2, Codigo_invitacion, Indicador_recibos, ID_pais, ID_Compania) values (189, 'Reeva Fearney', 'Swedish', 'http://dummyimage.com/160x204.jpg/dddddd/000000', '1591545164', 'rfearney58@google.ca', 'rfearney58@apache.org', 10517428, 1, 189, 189);
insert into Clientes (id, Nombre, Lenguaje, Foto, Celular, Email1, Email2, Codigo_invitacion, Indicador_recibos, ID_pais, ID_Compania) values (190, 'Victor Tearny', 'Indonesian', 'http://dummyimage.com/210x149.png/ff4444/ffffff', '6333215026', 'vtearny59@uol.com.br', 'vtearny59@sohu.com', 10613027, 1, 190, 190);
insert into Clientes (id, Nombre, Lenguaje, Foto, Celular, Email1, Email2, Codigo_invitacion, Indicador_recibos, ID_pais, ID_Compania) values (191, 'Thane Bram', 'Northern Sotho', 'http://dummyimage.com/102x178.png/cc0000/ffffff', '7232469786', 'tbram5a@mashable.com', 'tbram5a@jalbum.net', 10573875, 0, 191, 191);
insert into Clientes (id, Nombre, Lenguaje, Foto, Celular, Email1, Email2, Codigo_invitacion, Indicador_recibos, ID_pais, ID_Compania) values (192, 'Tonia Molden', 'Bulgarian', 'http://dummyimage.com/193x135.bmp/dddddd/000000', '5473466318', 'tmolden5b@virginia.edu', 'tmolden5b@thetimes.co.uk', 10936767, 1, 192, 192);
insert into Clientes (id, Nombre, Lenguaje, Foto, Celular, Email1, Email2, Codigo_invitacion, Indicador_recibos, ID_pais, ID_Compania) values (193, 'Seline Claige', 'Icelandic', 'http://dummyimage.com/234x147.jpg/ff4444/ffffff', '6519408305', 'sclaige5c@hp.com', 'sclaige5c@opera.com', 10117109, 0, 193, 193);
insert into Clientes (id, Nombre, Lenguaje, Foto, Celular, Email1, Email2, Codigo_invitacion, Indicador_recibos, ID_pais, ID_Compania) values (194, 'Dre Mugg', 'Moldovan', 'http://dummyimage.com/152x108.bmp/ff4444/ffffff', '2973658350', 'dmugg5d@mozilla.org', 'dmugg5d@berkeley.edu', 10116546, 0, 194, 194);
insert into Clientes (id, Nombre, Lenguaje, Foto, Celular, Email1, Email2, Codigo_invitacion, Indicador_recibos, ID_pais, ID_Compania) values (195, 'Ced Erley', 'Bengali', 'http://dummyimage.com/130x162.png/5fa2dd/ffffff', '9571032787', 'cerley5e@guardian.co.uk', 'cerley5e@instagram.com', 10221639, 0, 195, 195);
insert into Clientes (id, Nombre, Lenguaje, Foto, Celular, Email1, Email2, Codigo_invitacion, Indicador_recibos, ID_pais, ID_Compania) values (196, 'Jan Minelli', 'Tetum', 'http://dummyimage.com/221x203.png/dddddd/000000', '7907327769', 'jminelli5f@fotki.com', 'jminelli5f@sciencedirect.com', 10403012, 0, 196, 196);
insert into Clientes (id, Nombre, Lenguaje, Foto, Celular, Email1, Email2, Codigo_invitacion, Indicador_recibos, ID_pais, ID_Compania) values (197, 'Gaynor Boreham', 'Romanian', 'http://dummyimage.com/180x161.png/dddddd/000000', '5968001075', 'gboreham5g@mayoclinic.com', 'gboreham5g@stumbleupon.com', 10652956, 1, 197, 197);
insert into Clientes (id, Nombre, Lenguaje, Foto, Celular, Email1, Email2, Codigo_invitacion, Indicador_recibos, ID_pais, ID_Compania) values (198, 'Freddi Ethersey', 'Chinese', 'http://dummyimage.com/229x177.jpg/5fa2dd/ffffff', '3002460182', 'fethersey5h@angelfire.com', 'fethersey5h@hugedomains.com', 10969684, 1, 198, 198);
insert into Clientes (id, Nombre, Lenguaje, Foto, Celular, Email1, Email2, Codigo_invitacion, Indicador_recibos, ID_pais, ID_Compania) values (199, 'Northrop Pidgen', 'Bosnian', 'http://dummyimage.com/182x226.jpg/5fa2dd/ffffff', '3552186325', 'npidgen5i@columbia.edu', 'npidgen5i@amazon.co.jp', 10033920, 0, 199, 199);
insert into Clientes (id, Nombre, Lenguaje, Foto, Celular, Email1, Email2, Codigo_invitacion, Indicador_recibos, ID_pais, ID_Compania) values (200, 'Cazzie Brandli', 'Croatian', 'http://dummyimage.com/143x237.bmp/cc0000/ffffff', '7578029649', 'cbrandli5j@squarespace.com', 'cbrandli5j@eepurl.com', 10670307, 0, 200, 200);
insert into Clientes (id, Nombre, Lenguaje, Foto, Celular, Email1, Email2, Codigo_invitacion, Indicador_recibos, ID_pais, ID_Compania) values (201, 'Twyla Elsey', 'Tok Pisin', 'http://dummyimage.com/203x143.jpg/cc0000/ffffff', '2009371831', 'telsey5k@nsw.gov.au', 'telsey5k@mac.com', 10119727, 0, 201, 201);
insert into Clientes (id, Nombre, Lenguaje, Foto, Celular, Email1, Email2, Codigo_invitacion, Indicador_recibos, ID_pais, ID_Compania) values (202, 'Hendrika Leas', 'Hungarian', 'http://dummyimage.com/200x127.jpg/dddddd/000000', '1637532935', 'hleas5l@ft.com', 'hleas5l@abc.net.au', 10250508, 0, 202, 202);
insert into Clientes (id, Nombre, Lenguaje, Foto, Celular, Email1, Email2, Codigo_invitacion, Indicador_recibos, ID_pais, ID_Compania) values (203, 'Roy Gorthy', 'Finnish', 'http://dummyimage.com/212x102.png/5fa2dd/ffffff', '5022306525', 'rgorthy5m@wp.com', 'rgorthy5m@spiegel.de', 10511890, 1, 203, 203);
insert into Clientes (id, Nombre, Lenguaje, Foto, Celular, Email1, Email2, Codigo_invitacion, Indicador_recibos, ID_pais, ID_Compania) values (204, 'Mill Macy', 'Armenian', 'http://dummyimage.com/213x229.png/ff4444/ffffff', '7813847087', 'mmacy5n@oaic.gov.au', 'mmacy5n@google.de', 10873902, 1, 204, 204);
insert into Clientes (id, Nombre, Lenguaje, Foto, Celular, Email1, Email2, Codigo_invitacion, Indicador_recibos, ID_pais, ID_Compania) values (205, 'Freddie Charlo', 'Malagasy', 'http://dummyimage.com/239x158.jpg/ff4444/ffffff', '8127137270', 'fcharlo5o@zimbio.com', 'fcharlo5o@ftc.gov', 10597441, 0, 205, 205);
insert into Clientes (id, Nombre, Lenguaje, Foto, Celular, Email1, Email2, Codigo_invitacion, Indicador_recibos, ID_pais, ID_Compania) values (206, 'Skelly Cattrell', 'Kannada', 'http://dummyimage.com/170x100.bmp/ff4444/ffffff', '2927428210', 'scattrell5p@exblog.jp', 'scattrell5p@omniture.com', 10331477, 0, 206, 206);
insert into Clientes (id, Nombre, Lenguaje, Foto, Celular, Email1, Email2, Codigo_invitacion, Indicador_recibos, ID_pais, ID_Compania) values (207, 'Dionis Bohin', 'Bosnian', 'http://dummyimage.com/191x110.jpg/ff4444/ffffff', '1934665272', 'dbohin5q@si.edu', 'dbohin5q@etsy.com', 10581428, 0, 207, 207);
insert into Clientes (id, Nombre, Lenguaje, Foto, Celular, Email1, Email2, Codigo_invitacion, Indicador_recibos, ID_pais, ID_Compania) values (208, 'Meredithe Isac', 'Punjabi', 'http://dummyimage.com/103x207.bmp/dddddd/000000', '2513918139', 'misac5r@linkedin.com', 'misac5r@fotki.com', 10695273, 0, 208, 208);
insert into Clientes (id, Nombre, Lenguaje, Foto, Celular, Email1, Email2, Codigo_invitacion, Indicador_recibos, ID_pais, ID_Compania) values (209, 'Merilyn Marrable', 'Assamese', 'http://dummyimage.com/199x116.jpg/dddddd/000000', '3466965901', 'mmarrable5s@fc2.com', 'mmarrable5s@bluehost.com', 10259894, 0, 209, 209);
insert into Clientes (id, Nombre, Lenguaje, Foto, Celular, Email1, Email2, Codigo_invitacion, Indicador_recibos, ID_pais, ID_Compania) values (210, 'Temp Marchington', 'Maltese', 'http://dummyimage.com/151x229.jpg/5fa2dd/ffffff', '2577208460', 'tmarchington5t@samsung.com', 'tmarchington5t@state.tx.us', 10827598, 1, 210, 210);
insert into Clientes (id, Nombre, Lenguaje, Foto, Celular, Email1, Email2, Codigo_invitacion, Indicador_recibos, ID_pais, ID_Compania) values (211, 'Rayna Cowderoy', 'Assamese', 'http://dummyimage.com/211x196.jpg/cc0000/ffffff', '4756606100', 'rcowderoy5u@posterous.com', 'rcowderoy5u@lycos.com', 10773438, 0, 211, 211);
insert into Clientes (id, Nombre, Lenguaje, Foto, Celular, Email1, Email2, Codigo_invitacion, Indicador_recibos, ID_pais, ID_Compania) values (212, 'Farley McWilliams', 'Mongolian', 'http://dummyimage.com/125x230.bmp/dddddd/000000', '5571390712', 'fmcwilliams5v@friendfeed.com', 'fmcwilliams5v@nih.gov', 10371064, 0, 212, 212);
insert into Clientes (id, Nombre, Lenguaje, Foto, Celular, Email1, Email2, Codigo_invitacion, Indicador_recibos, ID_pais, ID_Compania) values (213, 'Lilah Flaubert', 'Moldovan', 'http://dummyimage.com/156x106.png/5fa2dd/ffffff', '4971511719', 'lflaubert5w@bloomberg.com', 'lflaubert5w@yolasite.com', 10885718, 0, 213, 213);
insert into Clientes (id, Nombre, Lenguaje, Foto, Celular, Email1, Email2, Codigo_invitacion, Indicador_recibos, ID_pais, ID_Compania) values (214, 'Noel Copp', 'Dutch', 'http://dummyimage.com/250x101.jpg/cc0000/ffffff', '7867674878', 'ncopp5x@vimeo.com', 'ncopp5x@rambler.ru', 10139707, 1, 214, 214);
insert into Clientes (id, Nombre, Lenguaje, Foto, Celular, Email1, Email2, Codigo_invitacion, Indicador_recibos, ID_pais, ID_Compania) values (215, 'Guillema Metzing', 'Marathi', 'http://dummyimage.com/210x192.png/cc0000/ffffff', '9921165570', 'gmetzing5y@bandcamp.com', 'gmetzing5y@moonfruit.com', 10412157, 0, 215, 215);
insert into Clientes (id, Nombre, Lenguaje, Foto, Celular, Email1, Email2, Codigo_invitacion, Indicador_recibos, ID_pais, ID_Compania) values (216, 'Artemus Howler', 'Tajik', 'http://dummyimage.com/191x226.jpg/5fa2dd/ffffff', '7343217039', 'ahowler5z@tripod.com', 'ahowler5z@arizona.edu', 10102673, 0, 216, 216);
insert into Clientes (id, Nombre, Lenguaje, Foto, Celular, Email1, Email2, Codigo_invitacion, Indicador_recibos, ID_pais, ID_Compania) values (217, 'Sallie Debnam', 'Bosnian', 'http://dummyimage.com/211x161.png/ff4444/ffffff', '6082985787', 'sdebnam60@jimdo.com', 'sdebnam60@businesswire.com', 10253111, 0, 217, 217);
insert into Clientes (id, Nombre, Lenguaje, Foto, Celular, Email1, Email2, Codigo_invitacion, Indicador_recibos, ID_pais, ID_Compania) values (218, 'Herby Broader', 'Albanian', 'http://dummyimage.com/212x243.png/cc0000/ffffff', '8164378777', 'hbroader61@patch.com', 'hbroader61@tiny.cc', 10972333, 1, 218, 218);
insert into Clientes (id, Nombre, Lenguaje, Foto, Celular, Email1, Email2, Codigo_invitacion, Indicador_recibos, ID_pais, ID_Compania) values (219, 'Coriss Pratte', 'Persian', 'http://dummyimage.com/247x181.jpg/dddddd/000000', '8016458902', 'cpratte62@posterous.com', 'cpratte62@ucoz.com', 10305002, 1, 219, 219);
insert into Clientes (id, Nombre, Lenguaje, Foto, Celular, Email1, Email2, Codigo_invitacion, Indicador_recibos, ID_pais, ID_Compania) values (220, 'Welbie Barneville', 'Hungarian', 'http://dummyimage.com/189x111.jpg/5fa2dd/ffffff', '2247825473', 'wbarneville63@hatena.ne.jp', 'wbarneville63@reference.com', 10021965, 0, 220, 220);
insert into Clientes (id, Nombre, Lenguaje, Foto, Celular, Email1, Email2, Codigo_invitacion, Indicador_recibos, ID_pais, ID_Compania) values (221, 'Frants Cutforth', 'Latvian', 'http://dummyimage.com/223x208.jpg/ff4444/ffffff', '3427080166', 'fcutforth64@mapy.cz', 'fcutforth64@fema.gov', 10401698, 0, 221, 221);
insert into Clientes (id, Nombre, Lenguaje, Foto, Celular, Email1, Email2, Codigo_invitacion, Indicador_recibos, ID_pais, ID_Compania) values (222, 'Lonee Brands', 'Malay', 'http://dummyimage.com/243x188.jpg/ff4444/ffffff', '3479075117', 'lbrands65@smugmug.com', 'lbrands65@tumblr.com', 10228075, 1, 222, 222);
insert into Clientes (id, Nombre, Lenguaje, Foto, Celular, Email1, Email2, Codigo_invitacion, Indicador_recibos, ID_pais, ID_Compania) values (223, 'Livvyy Burel', 'Persian', 'http://dummyimage.com/106x164.bmp/cc0000/ffffff', '8922115217', 'lburel66@reddit.com', 'lburel66@infoseek.co.jp', 10913812, 1, 223, 223);
insert into Clientes (id, Nombre, Lenguaje, Foto, Celular, Email1, Email2, Codigo_invitacion, Indicador_recibos, ID_pais, ID_Compania) values (224, 'Sheffie Keasy', 'Bulgarian', 'http://dummyimage.com/184x207.bmp/ff4444/ffffff', '3289630226', 'skeasy67@facebook.com', 'skeasy67@tripadvisor.com', 10772469, 1, 224, 224);
insert into Clientes (id, Nombre, Lenguaje, Foto, Celular, Email1, Email2, Codigo_invitacion, Indicador_recibos, ID_pais, ID_Compania) values (225, 'Graeme Locker', 'Japanese', 'http://dummyimage.com/236x116.bmp/cc0000/ffffff', '9724569313', 'glocker68@wikimedia.org', 'glocker68@yelp.com', 10515334, 1, 225, 225);
insert into Clientes (id, Nombre, Lenguaje, Foto, Celular, Email1, Email2, Codigo_invitacion, Indicador_recibos, ID_pais, ID_Compania) values (226, 'Corbett Heavens', 'Khmer', 'http://dummyimage.com/110x203.jpg/5fa2dd/ffffff', '5433759771', 'cheavens69@stanford.edu', 'cheavens69@mit.edu', 10833376, 0, 226, 226);
insert into Clientes (id, Nombre, Lenguaje, Foto, Celular, Email1, Email2, Codigo_invitacion, Indicador_recibos, ID_pais, ID_Compania) values (227, 'Ethan Sturridge', 'Arabic', 'http://dummyimage.com/241x181.bmp/cc0000/ffffff', '5183335295', 'esturridge6a@amazon.de', 'esturridge6a@jiathis.com', 10658800, 1, 227, 227);
insert into Clientes (id, Nombre, Lenguaje, Foto, Celular, Email1, Email2, Codigo_invitacion, Indicador_recibos, ID_pais, ID_Compania) values (228, 'Ewell Ende', 'Montenegrin', 'http://dummyimage.com/233x236.bmp/5fa2dd/ffffff', '9098468164', 'eende6b@about.com', 'eende6b@bbb.org', 10050495, 0, 228, 228);
insert into Clientes (id, Nombre, Lenguaje, Foto, Celular, Email1, Email2, Codigo_invitacion, Indicador_recibos, ID_pais, ID_Compania) values (229, 'Irwinn Robrose', 'Estonian', 'http://dummyimage.com/104x147.jpg/5fa2dd/ffffff', '1007051657', 'irobrose6c@biblegateway.com', 'irobrose6c@home.pl', 10742587, 0, 229, 229);
insert into Clientes (id, Nombre, Lenguaje, Foto, Celular, Email1, Email2, Codigo_invitacion, Indicador_recibos, ID_pais, ID_Compania) values (230, 'Pren Escala', 'Lao', 'http://dummyimage.com/104x238.jpg/cc0000/ffffff', '4661154228', 'pescala6d@flavors.me', 'pescala6d@altervista.org', 10041867, 0, 230, 230);
insert into Clientes (id, Nombre, Lenguaje, Foto, Celular, Email1, Email2, Codigo_invitacion, Indicador_recibos, ID_pais, ID_Compania) values (231, 'Fredra Croce', 'German', 'http://dummyimage.com/167x242.png/ff4444/ffffff', '7938600277', 'fcroce6e@unblog.fr', 'fcroce6e@eventbrite.com', 10149662, 1, 231, 231);
insert into Clientes (id, Nombre, Lenguaje, Foto, Celular, Email1, Email2, Codigo_invitacion, Indicador_recibos, ID_pais, ID_Compania) values (232, 'Kata Poor', 'West Frisian', 'http://dummyimage.com/126x172.bmp/cc0000/ffffff', '7546360093', 'kpoor6f@netlog.com', 'kpoor6f@cmu.edu', 10896218, 1, 232, 232);
insert into Clientes (id, Nombre, Lenguaje, Foto, Celular, Email1, Email2, Codigo_invitacion, Indicador_recibos, ID_pais, ID_Compania) values (233, 'Smith Sturton', 'Latvian', 'http://dummyimage.com/106x197.bmp/5fa2dd/ffffff', '1921035172', 'ssturton6g@mozilla.com', 'ssturton6g@google.co.jp', 10625631, 1, 233, 233);
insert into Clientes (id, Nombre, Lenguaje, Foto, Celular, Email1, Email2, Codigo_invitacion, Indicador_recibos, ID_pais, ID_Compania) values (234, 'Cassaundra Skipper', 'Kazakh', 'http://dummyimage.com/242x148.png/ff4444/ffffff', '7335538255', 'cskipper6h@seattletimes.com', 'cskipper6h@dailymail.co.uk', 10942804, 0, 234, 234);
insert into Clientes (id, Nombre, Lenguaje, Foto, Celular, Email1, Email2, Codigo_invitacion, Indicador_recibos, ID_pais, ID_Compania) values (235, 'Gretna Lanfare', 'Japanese', 'http://dummyimage.com/187x145.jpg/dddddd/000000', '7739119702', 'glanfare6i@example.com', 'glanfare6i@dmoz.org', 10197916, 0, 235, 235);
insert into Clientes (id, Nombre, Lenguaje, Foto, Celular, Email1, Email2, Codigo_invitacion, Indicador_recibos, ID_pais, ID_Compania) values (236, 'Anastassia Spavon', 'Malay', 'http://dummyimage.com/163x160.jpg/ff4444/ffffff', '8949532596', 'aspavon6j@twitpic.com', 'aspavon6j@artisteer.com', 10350080, 0, 236, 236);
insert into Clientes (id, Nombre, Lenguaje, Foto, Celular, Email1, Email2, Codigo_invitacion, Indicador_recibos, ID_pais, ID_Compania) values (237, 'Francklin Ferneyhough', 'Haitian Creole', 'http://dummyimage.com/186x157.png/dddddd/000000', '7535017662', 'fferneyhough6k@biblegateway.com', 'fferneyhough6k@trellian.com', 10528422, 1, 237, 237);
insert into Clientes (id, Nombre, Lenguaje, Foto, Celular, Email1, Email2, Codigo_invitacion, Indicador_recibos, ID_pais, ID_Compania) values (238, 'Gabbie Yeldon', 'Montenegrin', 'http://dummyimage.com/153x168.jpg/cc0000/ffffff', '1326823193', 'gyeldon6l@opensource.org', 'gyeldon6l@elegantthemes.com', 10816369, 1, 238, 238);
insert into Clientes (id, Nombre, Lenguaje, Foto, Celular, Email1, Email2, Codigo_invitacion, Indicador_recibos, ID_pais, ID_Compania) values (239, 'Emmie McCleverty', 'Hindi', 'http://dummyimage.com/198x205.png/dddddd/000000', '6169921463', 'emccleverty6m@csmonitor.com', 'emccleverty6m@live.com', 10746954, 0, 239, 239);
insert into Clientes (id, Nombre, Lenguaje, Foto, Celular, Email1, Email2, Codigo_invitacion, Indicador_recibos, ID_pais, ID_Compania) values (240, 'Nertie Heditch', 'Georgian', 'http://dummyimage.com/224x214.bmp/ff4444/ffffff', '3819963256', 'nheditch6n@skyrock.com', 'nheditch6n@nydailynews.com', 10655090, 0, 240, 240);
insert into Clientes (id, Nombre, Lenguaje, Foto, Celular, Email1, Email2, Codigo_invitacion, Indicador_recibos, ID_pais, ID_Compania) values (241, 'Katlin Le Provest', 'German', 'http://dummyimage.com/161x230.jpg/dddddd/000000', '6576313109', 'kle6o@unc.edu', 'kle6o@wordpress.org', 10380478, 1, 241, 241);
insert into Clientes (id, Nombre, Lenguaje, Foto, Celular, Email1, Email2, Codigo_invitacion, Indicador_recibos, ID_pais, ID_Compania) values (242, 'Xenia Dancey', 'Azeri', 'http://dummyimage.com/152x161.jpg/5fa2dd/ffffff', '6499161098', 'xdancey6p@liveinternet.ru', 'xdancey6p@jimdo.com', 10908900, 1, 242, 242);
insert into Clientes (id, Nombre, Lenguaje, Foto, Celular, Email1, Email2, Codigo_invitacion, Indicador_recibos, ID_pais, ID_Compania) values (243, 'Shaylynn Jaulmes', 'Punjabi', 'http://dummyimage.com/220x106.png/cc0000/ffffff', '9355186958', 'sjaulmes6q@netscape.com', 'sjaulmes6q@wikipedia.org', 10023383, 0, 243, 243);
insert into Clientes (id, Nombre, Lenguaje, Foto, Celular, Email1, Email2, Codigo_invitacion, Indicador_recibos, ID_pais, ID_Compania) values (244, 'Geoff Bassett', 'Telugu', 'http://dummyimage.com/209x240.png/cc0000/ffffff', '1887377503', 'gbassett6r@senate.gov', 'gbassett6r@telegraph.co.uk', 10470201, 0, 244, 244);
insert into Clientes (id, Nombre, Lenguaje, Foto, Celular, Email1, Email2, Codigo_invitacion, Indicador_recibos, ID_pais, ID_Compania) values (245, 'Marlow Cerman', 'Armenian', 'http://dummyimage.com/108x160.png/ff4444/ffffff', '8027772207', 'mcerman6s@aol.com', 'mcerman6s@columbia.edu', 10553676, 1, 245, 245);
insert into Clientes (id, Nombre, Lenguaje, Foto, Celular, Email1, Email2, Codigo_invitacion, Indicador_recibos, ID_pais, ID_Compania) values (246, 'Wenona Barthram', 'Kurdish', 'http://dummyimage.com/108x164.png/cc0000/ffffff', '3064633084', 'wbarthram6t@quantcast.com', 'wbarthram6t@auda.org.au', 10069485, 0, 246, 246);
insert into Clientes (id, Nombre, Lenguaje, Foto, Celular, Email1, Email2, Codigo_invitacion, Indicador_recibos, ID_pais, ID_Compania) values (247, 'Homer Eich', 'German', 'http://dummyimage.com/172x162.jpg/cc0000/ffffff', '7368510238', 'heich6u@acquirethisname.com', 'heich6u@ft.com', 10575722, 1, 247, 247);
insert into Clientes (id, Nombre, Lenguaje, Foto, Celular, Email1, Email2, Codigo_invitacion, Indicador_recibos, ID_pais, ID_Compania) values (248, 'Cassandry Petters', 'West Frisian', 'http://dummyimage.com/162x157.jpg/ff4444/ffffff', '1638385794', 'cpetters6v@cdc.gov', 'cpetters6v@va.gov', 10524872, 0, 248, 248);
insert into Clientes (id, Nombre, Lenguaje, Foto, Celular, Email1, Email2, Codigo_invitacion, Indicador_recibos, ID_pais, ID_Compania) values (249, 'Eddie Raynham', 'Tsonga', 'http://dummyimage.com/117x194.jpg/dddddd/000000', '7122549899', 'eraynham6w@nasa.gov', 'eraynham6w@guardian.co.uk', 10028659, 0, 249, 249);
insert into Clientes (id, Nombre, Lenguaje, Foto, Celular, Email1, Email2, Codigo_invitacion, Indicador_recibos, ID_pais, ID_Compania) values (250, 'Louise Sherman', 'Assamese', 'http://dummyimage.com/176x179.bmp/5fa2dd/ffffff', '1408697148', 'lsherman6x@cbslocal.com', 'lsherman6x@baidu.com', 10799683, 0, 250, 250);
insert into Clientes (id, Nombre, Lenguaje, Foto, Celular, Email1, Email2, Codigo_invitacion, Indicador_recibos, ID_pais, ID_Compania) values (251, 'Remington Castellani', 'Tok Pisin', 'http://dummyimage.com/242x218.bmp/5fa2dd/ffffff', '2795303248', 'rcastellani6y@icio.us', 'rcastellani6y@mapy.cz', 10528389, 0, 251, 251);
insert into Clientes (id, Nombre, Lenguaje, Foto, Celular, Email1, Email2, Codigo_invitacion, Indicador_recibos, ID_pais, ID_Compania) values (252, 'Gabrielle Fleay', 'Tamil', 'http://dummyimage.com/169x104.jpg/ff4444/ffffff', '8277352108', 'gfleay6z@pcworld.com', 'gfleay6z@sakura.ne.jp', 10863956, 0, 252, 252);
insert into Clientes (id, Nombre, Lenguaje, Foto, Celular, Email1, Email2, Codigo_invitacion, Indicador_recibos, ID_pais, ID_Compania) values (253, 'Cecile Walduck', 'Malagasy', 'http://dummyimage.com/247x106.png/cc0000/ffffff', '1107273881', 'cwalduck70@auda.org.au', 'cwalduck70@biglobe.ne.jp', 10486636, 0, 253, 253);
insert into Clientes (id, Nombre, Lenguaje, Foto, Celular, Email1, Email2, Codigo_invitacion, Indicador_recibos, ID_pais, ID_Compania) values (254, 'Roz Arnault', 'Greek', 'http://dummyimage.com/191x222.bmp/ff4444/ffffff', '6116802264', 'rarnault71@nationalgeographic.com', 'rarnault71@squarespace.com', 10444731, 1, 254, 254);
insert into Clientes (id, Nombre, Lenguaje, Foto, Celular, Email1, Email2, Codigo_invitacion, Indicador_recibos, ID_pais, ID_Compania) values (255, 'Wallie O'' Borne', 'Maltese', 'http://dummyimage.com/127x215.png/dddddd/000000', '1259388872', 'wo72@spotify.com', 'wo72@elpais.com', 10215818, 1, 255, 255);
insert into Clientes (id, Nombre, Lenguaje, Foto, Celular, Email1, Email2, Codigo_invitacion, Indicador_recibos, ID_pais, ID_Compania) values (256, 'Byrom Gauch', 'Amharic', 'http://dummyimage.com/211x123.jpg/cc0000/ffffff', '7181108456', 'bgauch73@springer.com', 'bgauch73@squarespace.com', 10459610, 1, 256, 256);
insert into Clientes (id, Nombre, Lenguaje, Foto, Celular, Email1, Email2, Codigo_invitacion, Indicador_recibos, ID_pais, ID_Compania) values (257, 'Farley Gillon', 'Malagasy', 'http://dummyimage.com/230x229.bmp/dddddd/000000', '4464679160', 'fgillon74@bing.com', 'fgillon74@epa.gov', 10159192, 1, 257, 257);
insert into Clientes (id, Nombre, Lenguaje, Foto, Celular, Email1, Email2, Codigo_invitacion, Indicador_recibos, ID_pais, ID_Compania) values (258, 'Nikolaos Powling', 'French', 'http://dummyimage.com/226x164.png/dddddd/000000', '5313394339', 'npowling75@g.co', 'npowling75@howstuffworks.com', 10016078, 1, 258, 258);
insert into Clientes (id, Nombre, Lenguaje, Foto, Celular, Email1, Email2, Codigo_invitacion, Indicador_recibos, ID_pais, ID_Compania) values (259, 'Sisile Harg', 'Haitian Creole', 'http://dummyimage.com/107x149.bmp/dddddd/000000', '6567939337', 'sharg76@admin.ch', 'sharg76@google.pl', 10442648, 1, 259, 259);
insert into Clientes (id, Nombre, Lenguaje, Foto, Celular, Email1, Email2, Codigo_invitacion, Indicador_recibos, ID_pais, ID_Compania) values (260, 'Orelia Tetther', 'Greek', 'http://dummyimage.com/194x120.png/cc0000/ffffff', '8774996548', 'otetther77@apple.com', 'otetther77@netlog.com', 10093776, 0, 260, 260);
insert into Clientes (id, Nombre, Lenguaje, Foto, Celular, Email1, Email2, Codigo_invitacion, Indicador_recibos, ID_pais, ID_Compania) values (261, 'Lonnie Cecil', 'Dzongkha', 'http://dummyimage.com/135x186.jpg/ff4444/ffffff', '2934832764', 'lcecil78@odnoklassniki.ru', 'lcecil78@walmart.com', 10868856, 1, 261, 261);
insert into Clientes (id, Nombre, Lenguaje, Foto, Celular, Email1, Email2, Codigo_invitacion, Indicador_recibos, ID_pais, ID_Compania) values (262, 'Orlando Mowson', 'Maltese', 'http://dummyimage.com/210x179.bmp/5fa2dd/ffffff', '8448155028', 'omowson79@china.com.cn', 'omowson79@51.la', 10258009, 0, 262, 262);
insert into Clientes (id, Nombre, Lenguaje, Foto, Celular, Email1, Email2, Codigo_invitacion, Indicador_recibos, ID_pais, ID_Compania) values (263, 'Daisie Pickerin', 'Malayalam', 'http://dummyimage.com/218x128.jpg/ff4444/ffffff', '1953843802', 'dpickerin7a@indiatimes.com', 'dpickerin7a@jugem.jp', 10762430, 1, 263, 263);
insert into Clientes (id, Nombre, Lenguaje, Foto, Celular, Email1, Email2, Codigo_invitacion, Indicador_recibos, ID_pais, ID_Compania) values (264, 'Heddi Chadburn', 'Hindi', 'http://dummyimage.com/137x193.jpg/dddddd/000000', '3803744363', 'hchadburn7b@ow.ly', 'hchadburn7b@msu.edu', 10803876, 1, 264, 264);
insert into Clientes (id, Nombre, Lenguaje, Foto, Celular, Email1, Email2, Codigo_invitacion, Indicador_recibos, ID_pais, ID_Compania) values (265, 'Pandora Tunesi', 'Japanese', 'http://dummyimage.com/102x189.bmp/5fa2dd/ffffff', '4268531039', 'ptunesi7c@about.com', 'ptunesi7c@usa.gov', 10404227, 0, 265, 265);
insert into Clientes (id, Nombre, Lenguaje, Foto, Celular, Email1, Email2, Codigo_invitacion, Indicador_recibos, ID_pais, ID_Compania) values (266, 'Haley Toffoloni', 'Hebrew', 'http://dummyimage.com/202x102.bmp/cc0000/ffffff', '7833159519', 'htoffoloni7d@mozilla.com', 'htoffoloni7d@instagram.com', 10157114, 1, 266, 266);
insert into Clientes (id, Nombre, Lenguaje, Foto, Celular, Email1, Email2, Codigo_invitacion, Indicador_recibos, ID_pais, ID_Compania) values (267, 'Jarret Dutnell', 'Quechua', 'http://dummyimage.com/160x106.png/dddddd/000000', '5018991138', 'jdutnell7e@printfriendly.com', 'jdutnell7e@fema.gov', 10088917, 1, 267, 267);
insert into Clientes (id, Nombre, Lenguaje, Foto, Celular, Email1, Email2, Codigo_invitacion, Indicador_recibos, ID_pais, ID_Compania) values (268, 'Sayres Zmitruk', 'Papiamento', 'http://dummyimage.com/167x207.bmp/dddddd/000000', '4295130707', 'szmitruk7f@de.vu', 'szmitruk7f@wikia.com', 10751347, 0, 268, 268);
insert into Clientes (id, Nombre, Lenguaje, Foto, Celular, Email1, Email2, Codigo_invitacion, Indicador_recibos, ID_pais, ID_Compania) values (269, 'May Hillburn', 'Malayalam', 'http://dummyimage.com/129x204.jpg/5fa2dd/ffffff', '3632408053', 'mhillburn7g@sbwire.com', 'mhillburn7g@un.org', 10171270, 1, 269, 269);
insert into Clientes (id, Nombre, Lenguaje, Foto, Celular, Email1, Email2, Codigo_invitacion, Indicador_recibos, ID_pais, ID_Compania) values (270, 'Aundrea Grigg', 'Indonesian', 'http://dummyimage.com/249x171.png/5fa2dd/ffffff', '5922020074', 'agrigg7h@amazon.com', 'agrigg7h@amazon.co.jp', 10187315, 1, 270, 270);
insert into Clientes (id, Nombre, Lenguaje, Foto, Celular, Email1, Email2, Codigo_invitacion, Indicador_recibos, ID_pais, ID_Compania) values (271, 'Birch Eddins', 'Aymara', 'http://dummyimage.com/133x116.png/ff4444/ffffff', '7292476565', 'beddins7i@webeden.co.uk', 'beddins7i@pinterest.com', 10722809, 1, 271, 271);
insert into Clientes (id, Nombre, Lenguaje, Foto, Celular, Email1, Email2, Codigo_invitacion, Indicador_recibos, ID_pais, ID_Compania) values (272, 'Loy Scholl', 'Danish', 'http://dummyimage.com/246x105.bmp/ff4444/ffffff', '9707007048', 'lscholl7j@wsj.com', 'lscholl7j@imdb.com', 10972904, 1, 272, 272);
insert into Clientes (id, Nombre, Lenguaje, Foto, Celular, Email1, Email2, Codigo_invitacion, Indicador_recibos, ID_pais, ID_Compania) values (273, 'Anett Moule', 'Irish Gaelic', 'http://dummyimage.com/177x213.bmp/ff4444/ffffff', '3007970429', 'amoule7k@ftc.gov', 'amoule7k@boston.com', 10838049, 0, 273, 273);
insert into Clientes (id, Nombre, Lenguaje, Foto, Celular, Email1, Email2, Codigo_invitacion, Indicador_recibos, ID_pais, ID_Compania) values (274, 'Dani Boman', 'Azeri', 'http://dummyimage.com/119x237.png/dddddd/000000', '4165133184', 'dboman7l@umich.edu', 'dboman7l@booking.com', 10138549, 1, 274, 274);
insert into Clientes (id, Nombre, Lenguaje, Foto, Celular, Email1, Email2, Codigo_invitacion, Indicador_recibos, ID_pais, ID_Compania) values (275, 'Janean Cultcheth', 'German', 'http://dummyimage.com/140x155.bmp/cc0000/ffffff', '3011382819', 'jcultcheth7m@google.com.au', 'jcultcheth7m@archive.org', 10034244, 1, 275, 275);
insert into Clientes (id, Nombre, Lenguaje, Foto, Celular, Email1, Email2, Codigo_invitacion, Indicador_recibos, ID_pais, ID_Compania) values (276, 'Giacomo Lord', 'Malayalam', 'http://dummyimage.com/130x247.bmp/5fa2dd/ffffff', '1309228009', 'glord7n@360.cn', 'glord7n@hud.gov', 10527904, 1, 276, 276);
insert into Clientes (id, Nombre, Lenguaje, Foto, Celular, Email1, Email2, Codigo_invitacion, Indicador_recibos, ID_pais, ID_Compania) values (277, 'Kaycee Coller', 'Spanish', 'http://dummyimage.com/207x211.jpg/dddddd/000000', '1312880002', 'kcoller7o@wsj.com', 'kcoller7o@aboutads.info', 10262194, 1, 277, 277);
insert into Clientes (id, Nombre, Lenguaje, Foto, Celular, Email1, Email2, Codigo_invitacion, Indicador_recibos, ID_pais, ID_Compania) values (278, 'Javier Ellett', 'Aymara', 'http://dummyimage.com/244x233.bmp/ff4444/ffffff', '7139859701', 'jellett7p@hud.gov', 'jellett7p@yolasite.com', 10014903, 1, 278, 278);
insert into Clientes (id, Nombre, Lenguaje, Foto, Celular, Email1, Email2, Codigo_invitacion, Indicador_recibos, ID_pais, ID_Compania) values (279, 'Wake Westphalen', 'Pashto', 'http://dummyimage.com/214x165.bmp/5fa2dd/ffffff', '5723997119', 'wwestphalen7q@hatena.ne.jp', 'wwestphalen7q@tripod.com', 10635998, 0, 279, 279);
insert into Clientes (id, Nombre, Lenguaje, Foto, Celular, Email1, Email2, Codigo_invitacion, Indicador_recibos, ID_pais, ID_Compania) values (280, 'Justinn Whewell', 'English', 'http://dummyimage.com/204x109.bmp/cc0000/ffffff', '2183028495', 'jwhewell7r@bravesites.com', 'jwhewell7r@usa.gov', 10365394, 0, 280, 280);
insert into Clientes (id, Nombre, Lenguaje, Foto, Celular, Email1, Email2, Codigo_invitacion, Indicador_recibos, ID_pais, ID_Compania) values (281, 'Margo Skidmore', 'Guaran√≠', 'http://dummyimage.com/201x199.jpg/cc0000/ffffff', '8817203824', 'mskidmore7s@istockphoto.com', 'mskidmore7s@ycombinator.com', 10138430, 0, 281, 281);
insert into Clientes (id, Nombre, Lenguaje, Foto, Celular, Email1, Email2, Codigo_invitacion, Indicador_recibos, ID_pais, ID_Compania) values (282, 'Demetrius Exell', 'Gujarati', 'http://dummyimage.com/197x172.png/5fa2dd/ffffff', '6719688180', 'dexell7t@twitpic.com', 'dexell7t@paypal.com', 10993151, 1, 282, 282);
insert into Clientes (id, Nombre, Lenguaje, Foto, Celular, Email1, Email2, Codigo_invitacion, Indicador_recibos, ID_pais, ID_Compania) values (283, 'Kerwinn Stanman', 'West Frisian', 'http://dummyimage.com/149x207.jpg/cc0000/ffffff', '3835317948', 'kstanman7u@pagesperso-orange.fr', 'kstanman7u@whitehouse.gov', 10943801, 0, 283, 283);
insert into Clientes (id, Nombre, Lenguaje, Foto, Celular, Email1, Email2, Codigo_invitacion, Indicador_recibos, ID_pais, ID_Compania) values (284, 'Dulcea Nanelli', 'Greek', 'http://dummyimage.com/131x113.png/5fa2dd/ffffff', '5919432973', 'dnanelli7v@mail.ru', 'dnanelli7v@webs.com', 10210691, 0, 284, 284);
insert into Clientes (id, Nombre, Lenguaje, Foto, Celular, Email1, Email2, Codigo_invitacion, Indicador_recibos, ID_pais, ID_Compania) values (285, 'Aurea Alleburton', 'Finnish', 'http://dummyimage.com/228x207.png/ff4444/ffffff', '5659774374', 'aalleburton7w@forbes.com', 'aalleburton7w@archive.org', 10377835, 0, 285, 285);
insert into Clientes (id, Nombre, Lenguaje, Foto, Celular, Email1, Email2, Codigo_invitacion, Indicador_recibos, ID_pais, ID_Compania) values (286, 'Alethea Josselsohn', 'West Frisian', 'http://dummyimage.com/226x235.jpg/dddddd/000000', '3996833066', 'ajosselsohn7x@twitpic.com', 'ajosselsohn7x@sohu.com', 10712468, 0, 286, 286);
insert into Clientes (id, Nombre, Lenguaje, Foto, Celular, Email1, Email2, Codigo_invitacion, Indicador_recibos, ID_pais, ID_Compania) values (287, 'Wallis Reeken', 'Tamil', 'http://dummyimage.com/244x186.jpg/cc0000/ffffff', '1177077544', 'wreeken7y@oaic.gov.au', 'wreeken7y@weebly.com', 10957918, 0, 287, 287);
insert into Clientes (id, Nombre, Lenguaje, Foto, Celular, Email1, Email2, Codigo_invitacion, Indicador_recibos, ID_pais, ID_Compania) values (288, 'Wakefield Shillitto', 'Kazakh', 'http://dummyimage.com/176x214.png/5fa2dd/ffffff', '6916669356', 'wshillitto7z@msn.com', 'wshillitto7z@skyrock.com', 10937867, 1, 288, 288);
insert into Clientes (id, Nombre, Lenguaje, Foto, Celular, Email1, Email2, Codigo_invitacion, Indicador_recibos, ID_pais, ID_Compania) values (289, 'Celle Ceyssen', 'Papiamento', 'http://dummyimage.com/129x107.png/cc0000/ffffff', '6623781875', 'cceyssen80@parallels.com', 'cceyssen80@spotify.com', 10692511, 1, 289, 289);
insert into Clientes (id, Nombre, Lenguaje, Foto, Celular, Email1, Email2, Codigo_invitacion, Indicador_recibos, ID_pais, ID_Compania) values (290, 'Eddie Hotchkin', 'Ndebele', 'http://dummyimage.com/119x228.bmp/cc0000/ffffff', '7557717168', 'ehotchkin81@prlog.org', 'ehotchkin81@senate.gov', 10346296, 1, 290, 290);
insert into Clientes (id, Nombre, Lenguaje, Foto, Celular, Email1, Email2, Codigo_invitacion, Indicador_recibos, ID_pais, ID_Compania) values (291, 'Nelli Piborn', 'Afrikaans', 'http://dummyimage.com/226x247.bmp/ff4444/ffffff', '8362522435', 'npiborn82@google.es', 'npiborn82@who.int', 10693385, 0, 291, 291);
insert into Clientes (id, Nombre, Lenguaje, Foto, Celular, Email1, Email2, Codigo_invitacion, Indicador_recibos, ID_pais, ID_Compania) values (292, 'Welbie Smidmore', 'Khmer', 'http://dummyimage.com/250x162.bmp/5fa2dd/ffffff', '6458483661', 'wsmidmore83@netscape.com', 'wsmidmore83@yelp.com', 10211625, 0, 292, 292);
insert into Clientes (id, Nombre, Lenguaje, Foto, Celular, Email1, Email2, Codigo_invitacion, Indicador_recibos, ID_pais, ID_Compania) values (293, 'Wendi Scally', 'Filipino', 'http://dummyimage.com/247x215.png/5fa2dd/ffffff', '7085663811', 'wscally84@scribd.com', 'wscally84@jalbum.net', 10571468, 1, 293, 293);
insert into Clientes (id, Nombre, Lenguaje, Foto, Celular, Email1, Email2, Codigo_invitacion, Indicador_recibos, ID_pais, ID_Compania) values (294, 'Clerc Troy', 'Fijian', 'http://dummyimage.com/247x229.bmp/cc0000/ffffff', '7547543297', 'ctroy85@admin.ch', 'ctroy85@over-blog.com', 10212026, 0, 294, 294);
insert into Clientes (id, Nombre, Lenguaje, Foto, Celular, Email1, Email2, Codigo_invitacion, Indicador_recibos, ID_pais, ID_Compania) values (295, 'Lucas Hallut', 'Georgian', 'http://dummyimage.com/203x181.png/dddddd/000000', '2866552990', 'lhallut86@artisteer.com', 'lhallut86@studiopress.com', 10888358, 1, 295, 295);
insert into Clientes (id, Nombre, Lenguaje, Foto, Celular, Email1, Email2, Codigo_invitacion, Indicador_recibos, ID_pais, ID_Compania) values (296, 'Perry Weathers', 'Icelandic', 'http://dummyimage.com/247x198.bmp/5fa2dd/ffffff', '4619513957', 'pweathers87@mysql.com', 'pweathers87@stumbleupon.com', 10678956, 0, 296, 296);
insert into Clientes (id, Nombre, Lenguaje, Foto, Celular, Email1, Email2, Codigo_invitacion, Indicador_recibos, ID_pais, ID_Compania) values (297, 'Andris Ragborne', 'Assamese', 'http://dummyimage.com/217x159.bmp/5fa2dd/ffffff', '2391683962', 'aragborne88@liveinternet.ru', 'aragborne88@friendfeed.com', 10056139, 1, 297, 297);
insert into Clientes (id, Nombre, Lenguaje, Foto, Celular, Email1, Email2, Codigo_invitacion, Indicador_recibos, ID_pais, ID_Compania) values (298, 'Haroun McKeand', 'Greek', 'http://dummyimage.com/197x208.bmp/dddddd/000000', '8365304529', 'hmckeand89@msu.edu', 'hmckeand89@joomla.org', 10666792, 0, 298, 298);
insert into Clientes (id, Nombre, Lenguaje, Foto, Celular, Email1, Email2, Codigo_invitacion, Indicador_recibos, ID_pais, ID_Compania) values (299, 'Winfield Kirrage', 'Albanian', 'http://dummyimage.com/192x212.bmp/dddddd/000000', '5162392241', 'wkirrage8a@gizmodo.com', 'wkirrage8a@trellian.com', 10479507, 1, 299, 299);
insert into Clientes (id, Nombre, Lenguaje, Foto, Celular, Email1, Email2, Codigo_invitacion, Indicador_recibos, ID_pais, ID_Compania) values (300, 'Cele Orteaux', 'Dari', 'http://dummyimage.com/175x107.bmp/5fa2dd/ffffff', '4518189723', 'corteaux8b@stanford.edu', 'corteaux8b@nhs.uk', 10533073, 0, 300, 300);
insert into Clientes (id, Nombre, Lenguaje, Foto, Celular, Email1, Email2, Codigo_invitacion, Indicador_recibos, ID_pais, ID_Compania) values (301, 'Ryann Philpotts', 'Swedish', 'http://dummyimage.com/133x233.jpg/5fa2dd/ffffff', '3407805907', 'rphilpotts8c@soup.io', 'rphilpotts8c@slashdot.org', 10965967, 0, 301, 301);
insert into Clientes (id, Nombre, Lenguaje, Foto, Celular, Email1, Email2, Codigo_invitacion, Indicador_recibos, ID_pais, ID_Compania) values (302, 'Bibi Probet', 'Persian', 'http://dummyimage.com/116x108.png/5fa2dd/ffffff', '2732372097', 'bprobet8d@simplemachines.org', 'bprobet8d@simplemachines.org', 10902417, 1, 302, 302);
insert into Clientes (id, Nombre, Lenguaje, Foto, Celular, Email1, Email2, Codigo_invitacion, Indicador_recibos, ID_pais, ID_Compania) values (303, 'Otto McNair', 'Amharic', 'http://dummyimage.com/171x226.jpg/5fa2dd/ffffff', '6416966796', 'omcnair8e@aol.com', 'omcnair8e@oaic.gov.au', 10411093, 1, 303, 303);
insert into Clientes (id, Nombre, Lenguaje, Foto, Celular, Email1, Email2, Codigo_invitacion, Indicador_recibos, ID_pais, ID_Compania) values (304, 'Nikolaus Dowse', 'Marathi', 'http://dummyimage.com/231x214.png/ff4444/ffffff', '6434828729', 'ndowse8f@miibeian.gov.cn', 'ndowse8f@networkadvertising.org', 10283732, 1, 304, 304);
insert into Clientes (id, Nombre, Lenguaje, Foto, Celular, Email1, Email2, Codigo_invitacion, Indicador_recibos, ID_pais, ID_Compania) values (305, 'Candi Merry', 'Haitian Creole', 'http://dummyimage.com/188x233.bmp/dddddd/000000', '3018668116', 'cmerry8g@ted.com', 'cmerry8g@plala.or.jp', 10605159, 0, 305, 305);
insert into Clientes (id, Nombre, Lenguaje, Foto, Celular, Email1, Email2, Codigo_invitacion, Indicador_recibos, ID_pais, ID_Compania) values (306, 'Eduino Paddy', 'Lithuanian', 'http://dummyimage.com/224x127.jpg/cc0000/ffffff', '6816862406', 'epaddy8h@cocolog-nifty.com', 'epaddy8h@linkedin.com', 10722383, 1, 306, 306);
insert into Clientes (id, Nombre, Lenguaje, Foto, Celular, Email1, Email2, Codigo_invitacion, Indicador_recibos, ID_pais, ID_Compania) values (307, 'Domini Eyres', 'Tetum', 'http://dummyimage.com/196x151.bmp/5fa2dd/ffffff', '2042030691', 'deyres8i@fema.gov', 'deyres8i@parallels.com', 10810653, 0, 307, 307);
insert into Clientes (id, Nombre, Lenguaje, Foto, Celular, Email1, Email2, Codigo_invitacion, Indicador_recibos, ID_pais, ID_Compania) values (308, 'De Bunton', 'Kannada', 'http://dummyimage.com/144x196.jpg/ff4444/ffffff', '2691102195', 'dbunton8j@topsy.com', 'dbunton8j@sciencedaily.com', 10768929, 0, 308, 308);
insert into Clientes (id, Nombre, Lenguaje, Foto, Celular, Email1, Email2, Codigo_invitacion, Indicador_recibos, ID_pais, ID_Compania) values (309, 'Con Dowdam', 'New Zealand Sign Language', 'http://dummyimage.com/128x231.png/cc0000/ffffff', '4544291277', 'cdowdam8k@sun.com', 'cdowdam8k@cdc.gov', 10713893, 0, 309, 309);
insert into Clientes (id, Nombre, Lenguaje, Foto, Celular, Email1, Email2, Codigo_invitacion, Indicador_recibos, ID_pais, ID_Compania) values (310, 'Crichton Bozier', 'Dari', 'http://dummyimage.com/173x213.bmp/5fa2dd/ffffff', '9221078491', 'cbozier8l@ucla.edu', 'cbozier8l@un.org', 10012392, 0, 310, 310);
insert into Clientes (id, Nombre, Lenguaje, Foto, Celular, Email1, Email2, Codigo_invitacion, Indicador_recibos, ID_pais, ID_Compania) values (311, 'Isabelita Haslock', 'Mƒ?ori', 'http://dummyimage.com/218x125.png/ff4444/ffffff', '9578315483', 'ihaslock8m@netscape.com', 'ihaslock8m@sciencedirect.com', 10119198, 1, 311, 311);
insert into Clientes (id, Nombre, Lenguaje, Foto, Celular, Email1, Email2, Codigo_invitacion, Indicador_recibos, ID_pais, ID_Compania) values (312, 'Krystyna Imbrey', 'Danish', 'http://dummyimage.com/222x238.bmp/cc0000/ffffff', '3259403048', 'kimbrey8n@e-recht24.de', 'kimbrey8n@wsj.com', 10880280, 1, 312, 312);
insert into Clientes (id, Nombre, Lenguaje, Foto, Celular, Email1, Email2, Codigo_invitacion, Indicador_recibos, ID_pais, ID_Compania) values (313, 'Moira Sterricks', 'German', 'http://dummyimage.com/199x101.jpg/ff4444/ffffff', '8011605775', 'msterricks8o@cloudflare.com', 'msterricks8o@usa.gov', 10571251, 1, 313, 313);
insert into Clientes (id, Nombre, Lenguaje, Foto, Celular, Email1, Email2, Codigo_invitacion, Indicador_recibos, ID_pais, ID_Compania) values (314, 'Lukas Langridge', 'Greek', 'http://dummyimage.com/103x241.bmp/ff4444/ffffff', '2141927778', 'llangridge8p@ucoz.ru', 'llangridge8p@mail.ru', 10388119, 0, 314, 314);
insert into Clientes (id, Nombre, Lenguaje, Foto, Celular, Email1, Email2, Codigo_invitacion, Indicador_recibos, ID_pais, ID_Compania) values (315, 'Modesta Govan', 'Persian', 'http://dummyimage.com/189x236.png/dddddd/000000', '6291976079', 'mgovan8q@mtv.com', 'mgovan8q@state.tx.us', 10301227, 0, 315, 315);
insert into Clientes (id, Nombre, Lenguaje, Foto, Celular, Email1, Email2, Codigo_invitacion, Indicador_recibos, ID_pais, ID_Compania) values (316, 'Geordie O''Mullally', 'Romanian', 'http://dummyimage.com/229x134.jpg/ff4444/ffffff', '3149581163', 'gomullally8r@china.com.cn', 'gomullally8r@mac.com', 10937614, 0, 316, 316);
insert into Clientes (id, Nombre, Lenguaje, Foto, Celular, Email1, Email2, Codigo_invitacion, Indicador_recibos, ID_pais, ID_Compania) values (317, 'Griffie Rennock', 'Tok Pisin', 'http://dummyimage.com/200x213.jpg/dddddd/000000', '6401689388', 'grennock8s@bizjournals.com', 'grennock8s@irs.gov', 10142537, 1, 317, 317);
insert into Clientes (id, Nombre, Lenguaje, Foto, Celular, Email1, Email2, Codigo_invitacion, Indicador_recibos, ID_pais, ID_Compania) values (318, 'Herbert Terney', 'New Zealand Sign Language', 'http://dummyimage.com/197x157.jpg/cc0000/ffffff', '6612507417', 'hterney8t@a8.net', 'hterney8t@uol.com.br', 10798719, 1, 318, 318);
insert into Clientes (id, Nombre, Lenguaje, Foto, Celular, Email1, Email2, Codigo_invitacion, Indicador_recibos, ID_pais, ID_Compania) values (319, 'Noreen Wardrop', 'Guaran√≠', 'http://dummyimage.com/214x225.bmp/dddddd/000000', '1068390465', 'nwardrop8u@seattletimes.com', 'nwardrop8u@utexas.edu', 10428953, 0, 319, 319);
insert into Clientes (id, Nombre, Lenguaje, Foto, Celular, Email1, Email2, Codigo_invitacion, Indicador_recibos, ID_pais, ID_Compania) values (320, 'Bard Tumility', 'Afrikaans', 'http://dummyimage.com/100x159.jpg/ff4444/ffffff', '6798394227', 'btumility8v@washington.edu', 'btumility8v@eventbrite.com', 10069465, 1, 320, 320);
insert into Clientes (id, Nombre, Lenguaje, Foto, Celular, Email1, Email2, Codigo_invitacion, Indicador_recibos, ID_pais, ID_Compania) values (321, 'Georgi Luxmoore', 'Hiri Motu', 'http://dummyimage.com/209x224.bmp/cc0000/ffffff', '1676511841', 'gluxmoore8w@dot.gov', 'gluxmoore8w@craigslist.org', 10508108, 1, 321, 321);
insert into Clientes (id, Nombre, Lenguaje, Foto, Celular, Email1, Email2, Codigo_invitacion, Indicador_recibos, ID_pais, ID_Compania) values (322, 'Augie Giacomozzo', 'Polish', 'http://dummyimage.com/233x186.png/5fa2dd/ffffff', '3523511534', 'agiacomozzo8x@gnu.org', 'agiacomozzo8x@pinterest.com', 10739498, 1, 322, 322);
insert into Clientes (id, Nombre, Lenguaje, Foto, Celular, Email1, Email2, Codigo_invitacion, Indicador_recibos, ID_pais, ID_Compania) values (323, 'Allin Cobby', 'Maltese', 'http://dummyimage.com/221x162.png/ff4444/ffffff', '5624490879', 'acobby8y@sfgate.com', 'acobby8y@netvibes.com', 10230198, 0, 323, 323);
insert into Clientes (id, Nombre, Lenguaje, Foto, Celular, Email1, Email2, Codigo_invitacion, Indicador_recibos, ID_pais, ID_Compania) values (324, 'Tammi Audibert', 'Italian', 'http://dummyimage.com/119x138.bmp/cc0000/ffffff', '2752383171', 'taudibert8z@joomla.org', 'taudibert8z@baidu.com', 10241026, 1, 324, 324);
insert into Clientes (id, Nombre, Lenguaje, Foto, Celular, Email1, Email2, Codigo_invitacion, Indicador_recibos, ID_pais, ID_Compania) values (325, 'Leighton Piggens', 'Swahili', 'http://dummyimage.com/222x118.bmp/dddddd/000000', '1486752651', 'lpiggens90@mtv.com', 'lpiggens90@deliciousdays.com', 10385380, 0, 325, 325);
insert into Clientes (id, Nombre, Lenguaje, Foto, Celular, Email1, Email2, Codigo_invitacion, Indicador_recibos, ID_pais, ID_Compania) values (326, 'Ricky Denington', 'Ndebele', 'http://dummyimage.com/121x241.jpg/ff4444/ffffff', '3287542864', 'rdenington91@whitehouse.gov', 'rdenington91@indiatimes.com', 10344233, 1, 326, 326);
insert into Clientes (id, Nombre, Lenguaje, Foto, Celular, Email1, Email2, Codigo_invitacion, Indicador_recibos, ID_pais, ID_Compania) values (327, 'Janella Conyard', 'Burmese', 'http://dummyimage.com/102x244.png/5fa2dd/ffffff', '5664569582', 'jconyard92@istockphoto.com', 'jconyard92@imageshack.us', 10588878, 0, 327, 327);
insert into Clientes (id, Nombre, Lenguaje, Foto, Celular, Email1, Email2, Codigo_invitacion, Indicador_recibos, ID_pais, ID_Compania) values (328, 'Meggy Cawtheray', 'Somali', 'http://dummyimage.com/221x235.jpg/dddddd/000000', '5373804209', 'mcawtheray93@tumblr.com', 'mcawtheray93@sourceforge.net', 10158272, 0, 328, 328);
insert into Clientes (id, Nombre, Lenguaje, Foto, Celular, Email1, Email2, Codigo_invitacion, Indicador_recibos, ID_pais, ID_Compania) values (329, 'Maynord Attryde', 'English', 'http://dummyimage.com/121x131.jpg/cc0000/ffffff', '3963922934', 'mattryde94@wunderground.com', 'mattryde94@cafepress.com', 10494584, 1, 329, 329);
insert into Clientes (id, Nombre, Lenguaje, Foto, Celular, Email1, Email2, Codigo_invitacion, Indicador_recibos, ID_pais, ID_Compania) values (330, 'Fenelia Mooreed', 'Chinese', 'http://dummyimage.com/229x163.bmp/5fa2dd/ffffff', '5721592178', 'fmooreed95@ocn.ne.jp', 'fmooreed95@china.com.cn', 10361707, 0, 330, 330);
insert into Clientes (id, Nombre, Lenguaje, Foto, Celular, Email1, Email2, Codigo_invitacion, Indicador_recibos, ID_pais, ID_Compania) values (331, 'Emmery Heffy', 'Latvian', 'http://dummyimage.com/106x110.jpg/cc0000/ffffff', '3619247259', 'eheffy96@wunderground.com', 'eheffy96@ocn.ne.jp', 10326684, 1, 331, 331);
insert into Clientes (id, Nombre, Lenguaje, Foto, Celular, Email1, Email2, Codigo_invitacion, Indicador_recibos, ID_pais, ID_Compania) values (332, 'Standford Battill', 'Moldovan', 'http://dummyimage.com/245x178.png/dddddd/000000', '5231174938', 'sbattill97@exblog.jp', 'sbattill97@lycos.com', 10910406, 0, 332, 332);
insert into Clientes (id, Nombre, Lenguaje, Foto, Celular, Email1, Email2, Codigo_invitacion, Indicador_recibos, ID_pais, ID_Compania) values (333, 'Sibyl Adolfsen', 'Luxembourgish', 'http://dummyimage.com/184x220.png/ff4444/ffffff', '5573081163', 'sadolfsen98@time.com', 'sadolfsen98@jugem.jp', 10042807, 0, 333, 333);
insert into Clientes (id, Nombre, Lenguaje, Foto, Celular, Email1, Email2, Codigo_invitacion, Indicador_recibos, ID_pais, ID_Compania) values (334, 'Cullin O'' Borne', 'Mongolian', 'http://dummyimage.com/132x191.bmp/ff4444/ffffff', '3733353359', 'co99@prweb.com', 'co99@psu.edu', 10020321, 0, 334, 334);
insert into Clientes (id, Nombre, Lenguaje, Foto, Celular, Email1, Email2, Codigo_invitacion, Indicador_recibos, ID_pais, ID_Compania) values (335, 'Farrand Nibley', 'West Frisian', 'http://dummyimage.com/176x164.bmp/dddddd/000000', '3212781432', 'fnibley9a@dion.ne.jp', 'fnibley9a@utexas.edu', 10154023, 1, 335, 335);
insert into Clientes (id, Nombre, Lenguaje, Foto, Celular, Email1, Email2, Codigo_invitacion, Indicador_recibos, ID_pais, ID_Compania) values (336, 'Audry Larmet', 'Gagauz', 'http://dummyimage.com/215x247.png/dddddd/000000', '2316380892', 'alarmet9b@techcrunch.com', 'alarmet9b@pinterest.com', 10552273, 1, 336, 336);
insert into Clientes (id, Nombre, Lenguaje, Foto, Celular, Email1, Email2, Codigo_invitacion, Indicador_recibos, ID_pais, ID_Compania) values (337, 'Sheri Asple', 'Kazakh', 'http://dummyimage.com/248x175.png/cc0000/ffffff', '1352922257', 'sasple9c@technorati.com', 'sasple9c@cyberchimps.com', 10839055, 1, 337, 337);
insert into Clientes (id, Nombre, Lenguaje, Foto, Celular, Email1, Email2, Codigo_invitacion, Indicador_recibos, ID_pais, ID_Compania) values (338, 'Sophronia Teresia', 'Burmese', 'http://dummyimage.com/245x205.bmp/dddddd/000000', '1767398697', 'steresia9d@yahoo.co.jp', 'steresia9d@cocolog-nifty.com', 10844162, 0, 338, 338);
insert into Clientes (id, Nombre, Lenguaje, Foto, Celular, Email1, Email2, Codigo_invitacion, Indicador_recibos, ID_pais, ID_Compania) values (339, 'Clementia Kindley', 'Yiddish', 'http://dummyimage.com/245x183.jpg/cc0000/ffffff', '2768897609', 'ckindley9e@weebly.com', 'ckindley9e@china.com.cn', 10485927, 1, 339, 339);
insert into Clientes (id, Nombre, Lenguaje, Foto, Celular, Email1, Email2, Codigo_invitacion, Indicador_recibos, ID_pais, ID_Compania) values (340, 'Jolene Koubu', 'Azeri', 'http://dummyimage.com/226x240.jpg/ff4444/ffffff', '3159492246', 'jkoubu9f@tripadvisor.com', 'jkoubu9f@myspace.com', 10302750, 0, 340, 340);
insert into Clientes (id, Nombre, Lenguaje, Foto, Celular, Email1, Email2, Codigo_invitacion, Indicador_recibos, ID_pais, ID_Compania) values (341, 'Constantia Marc', 'Marathi', 'http://dummyimage.com/163x115.png/5fa2dd/ffffff', '6601429373', 'cmarc9g@google.pl', 'cmarc9g@hc360.com', 10096607, 1, 341, 341);
insert into Clientes (id, Nombre, Lenguaje, Foto, Celular, Email1, Email2, Codigo_invitacion, Indicador_recibos, ID_pais, ID_Compania) values (342, 'Marlee Trewartha', 'Gagauz', 'http://dummyimage.com/194x191.bmp/5fa2dd/ffffff', '8023355007', 'mtrewartha9h@godaddy.com', 'mtrewartha9h@chronoengine.com', 10423055, 0, 342, 342);
insert into Clientes (id, Nombre, Lenguaje, Foto, Celular, Email1, Email2, Codigo_invitacion, Indicador_recibos, ID_pais, ID_Compania) values (343, 'Eddy Eaken', 'Romanian', 'http://dummyimage.com/159x213.png/5fa2dd/ffffff', '3627730330', 'eeaken9i@icq.com', 'eeaken9i@latimes.com', 10049694, 1, 343, 343);
insert into Clientes (id, Nombre, Lenguaje, Foto, Celular, Email1, Email2, Codigo_invitacion, Indicador_recibos, ID_pais, ID_Compania) values (344, 'Dosi Brito', 'Estonian', 'http://dummyimage.com/184x218.jpg/5fa2dd/ffffff', '2536607562', 'dbrito9j@columbia.edu', 'dbrito9j@shareasale.com', 10237740, 0, 344, 344);
insert into Clientes (id, Nombre, Lenguaje, Foto, Celular, Email1, Email2, Codigo_invitacion, Indicador_recibos, ID_pais, ID_Compania) values (345, 'Darrelle Klaggeman', 'Kazakh', 'http://dummyimage.com/119x238.png/cc0000/ffffff', '4009801002', 'dklaggeman9k@cbsnews.com', 'dklaggeman9k@parallels.com', 10801459, 0, 345, 345);
insert into Clientes (id, Nombre, Lenguaje, Foto, Celular, Email1, Email2, Codigo_invitacion, Indicador_recibos, ID_pais, ID_Compania) values (346, 'Lilia Bryning', 'Irish Gaelic', 'http://dummyimage.com/221x155.bmp/ff4444/ffffff', '1896172950', 'lbryning9l@t.co', 'lbryning9l@privacy.gov.au', 10262594, 0, 346, 346);
insert into Clientes (id, Nombre, Lenguaje, Foto, Celular, Email1, Email2, Codigo_invitacion, Indicador_recibos, ID_pais, ID_Compania) values (347, 'Lemar Maunton', 'Chinese', 'http://dummyimage.com/235x118.png/dddddd/000000', '4624072674', 'lmaunton9m@theguardian.com', 'lmaunton9m@webnode.com', 10672551, 0, 347, 347);
insert into Clientes (id, Nombre, Lenguaje, Foto, Celular, Email1, Email2, Codigo_invitacion, Indicador_recibos, ID_pais, ID_Compania) values (348, 'Francesca Kerswill', 'Yiddish', 'http://dummyimage.com/102x211.bmp/5fa2dd/ffffff', '5786866461', 'fkerswill9n@fda.gov', 'fkerswill9n@un.org', 10985665, 0, 348, 348);
insert into Clientes (id, Nombre, Lenguaje, Foto, Celular, Email1, Email2, Codigo_invitacion, Indicador_recibos, ID_pais, ID_Compania) values (349, 'Rolando McLucky', 'Indonesian', 'http://dummyimage.com/112x129.png/cc0000/ffffff', '3205224872', 'rmclucky9o@fastcompany.com', 'rmclucky9o@ocn.ne.jp', 10978811, 1, 349, 349);
insert into Clientes (id, Nombre, Lenguaje, Foto, Celular, Email1, Email2, Codigo_invitacion, Indicador_recibos, ID_pais, ID_Compania) values (350, 'Valaree Semens', 'Burmese', 'http://dummyimage.com/217x115.bmp/dddddd/000000', '2901967048', 'vsemens9p@vk.com', 'vsemens9p@opensource.org', 10084024, 0, 350, 350);
insert into Clientes (id, Nombre, Lenguaje, Foto, Celular, Email1, Email2, Codigo_invitacion, Indicador_recibos, ID_pais, ID_Compania) values (351, 'Mayne Brilon', 'Montenegrin', 'http://dummyimage.com/236x200.png/cc0000/ffffff', '2016296280', 'mbrilon9q@t.co', 'mbrilon9q@constantcontact.com', 10257090, 0, 351, 351);
insert into Clientes (id, Nombre, Lenguaje, Foto, Celular, Email1, Email2, Codigo_invitacion, Indicador_recibos, ID_pais, ID_Compania) values (352, 'Aida Kyncl', 'Lao', 'http://dummyimage.com/156x193.bmp/5fa2dd/ffffff', '7266726969', 'akyncl9r@yale.edu', 'akyncl9r@squarespace.com', 10970304, 0, 352, 352);
insert into Clientes (id, Nombre, Lenguaje, Foto, Celular, Email1, Email2, Codigo_invitacion, Indicador_recibos, ID_pais, ID_Compania) values (353, 'Lillian Noblett', 'Malay', 'http://dummyimage.com/189x185.bmp/ff4444/ffffff', '9939860831', 'lnoblett9s@vimeo.com', 'lnoblett9s@comsenz.com', 10332417, 1, 353, 353);
insert into Clientes (id, Nombre, Lenguaje, Foto, Celular, Email1, Email2, Codigo_invitacion, Indicador_recibos, ID_pais, ID_Compania) values (354, 'Erhard Philipsohn', 'Hebrew', 'http://dummyimage.com/206x231.png/dddddd/000000', '6638636371', 'ephilipsohn9t@uiuc.edu', 'ephilipsohn9t@e-recht24.de', 10800417, 0, 354, 354);
insert into Clientes (id, Nombre, Lenguaje, Foto, Celular, Email1, Email2, Codigo_invitacion, Indicador_recibos, ID_pais, ID_Compania) values (355, 'Reid Presley', 'Guaran√≠', 'http://dummyimage.com/207x164.jpg/5fa2dd/ffffff', '7975913656', 'rpresley9u@census.gov', 'rpresley9u@e-recht24.de', 10032377, 0, 355, 355);
insert into Clientes (id, Nombre, Lenguaje, Foto, Celular, Email1, Email2, Codigo_invitacion, Indicador_recibos, ID_pais, ID_Compania) values (356, 'Marietta Barta', 'Finnish', 'http://dummyimage.com/139x242.jpg/ff4444/ffffff', '5072277334', 'mbarta9v@soup.io', 'mbarta9v@privacy.gov.au', 10066942, 0, 356, 356);
insert into Clientes (id, Nombre, Lenguaje, Foto, Celular, Email1, Email2, Codigo_invitacion, Indicador_recibos, ID_pais, ID_Compania) values (357, 'Alexa LAbbet', 'Indonesian', 'http://dummyimage.com/218x183.bmp/cc0000/ffffff', '2656202044', 'alabbet9w@ftc.gov', 'alabbet9w@opera.com', 10112802, 1, 357, 357);
insert into Clientes (id, Nombre, Lenguaje, Foto, Celular, Email1, Email2, Codigo_invitacion, Indicador_recibos, ID_pais, ID_Compania) values (358, 'Perl Bansal', 'Khmer', 'http://dummyimage.com/205x150.bmp/ff4444/ffffff', '3229556285', 'pbansal9x@blogger.com', 'pbansal9x@bravesites.com', 10038514, 0, 358, 358);
insert into Clientes (id, Nombre, Lenguaje, Foto, Celular, Email1, Email2, Codigo_invitacion, Indicador_recibos, ID_pais, ID_Compania) values (359, 'Lonny Bedson', 'Finnish', 'http://dummyimage.com/218x132.png/5fa2dd/ffffff', '3021312392', 'lbedson9y@alexa.com', 'lbedson9y@independent.co.uk', 10584390, 0, 359, 359);
insert into Clientes (id, Nombre, Lenguaje, Foto, Celular, Email1, Email2, Codigo_invitacion, Indicador_recibos, ID_pais, ID_Compania) values (360, 'Jerrilee Robinett', 'New Zealand Sign Language', 'http://dummyimage.com/121x115.jpg/5fa2dd/ffffff', '9435805567', 'jrobinett9z@google.nl', 'jrobinett9z@arstechnica.com', 10808857, 1, 360, 360);
insert into Clientes (id, Nombre, Lenguaje, Foto, Celular, Email1, Email2, Codigo_invitacion, Indicador_recibos, ID_pais, ID_Compania) values (361, 'Baird Cremins', 'Pashto', 'http://dummyimage.com/116x207.jpg/5fa2dd/ffffff', '4574097530', 'bcreminsa0@feedburner.com', 'bcreminsa0@mysql.com', 10043902, 0, 361, 361);
insert into Clientes (id, Nombre, Lenguaje, Foto, Celular, Email1, Email2, Codigo_invitacion, Indicador_recibos, ID_pais, ID_Compania) values (362, 'Wendy Kain', 'Korean', 'http://dummyimage.com/183x199.png/dddddd/000000', '1416752407', 'wkaina1@acquirethisname.com', 'wkaina1@sciencedaily.com', 10503734, 1, 362, 362);
insert into Clientes (id, Nombre, Lenguaje, Foto, Celular, Email1, Email2, Codigo_invitacion, Indicador_recibos, ID_pais, ID_Compania) values (363, 'Renado Esmead', 'Marathi', 'http://dummyimage.com/124x229.png/5fa2dd/ffffff', '3316048250', 'resmeada2@marketwatch.com', 'resmeada2@furl.net', 10112627, 1, 363, 363);
insert into Clientes (id, Nombre, Lenguaje, Foto, Celular, Email1, Email2, Codigo_invitacion, Indicador_recibos, ID_pais, ID_Compania) values (364, 'Tanhya Vosper', 'Khmer', 'http://dummyimage.com/195x161.bmp/cc0000/ffffff', '3757883755', 'tvospera3@behance.net', 'tvospera3@miitbeian.gov.cn', 10541389, 1, 364, 364);
insert into Clientes (id, Nombre, Lenguaje, Foto, Celular, Email1, Email2, Codigo_invitacion, Indicador_recibos, ID_pais, ID_Compania) values (365, 'Adele Bownass', 'Greek', 'http://dummyimage.com/208x111.png/ff4444/ffffff', '1117765509', 'abownassa4@ovh.net', 'abownassa4@delicious.com', 10429150, 0, 365, 365);
insert into Clientes (id, Nombre, Lenguaje, Foto, Celular, Email1, Email2, Codigo_invitacion, Indicador_recibos, ID_pais, ID_Compania) values (366, 'Adan Springett', 'Tetum', 'http://dummyimage.com/246x106.bmp/dddddd/000000', '1983894740', 'aspringetta5@biblegateway.com', 'aspringetta5@nyu.edu', 10455018, 0, 366, 366);
insert into Clientes (id, Nombre, Lenguaje, Foto, Celular, Email1, Email2, Codigo_invitacion, Indicador_recibos, ID_pais, ID_Compania) values (367, 'Lorenza Perrat', 'Dzongkha', 'http://dummyimage.com/146x200.bmp/cc0000/ffffff', '3469587466', 'lperrata6@answers.com', 'lperrata6@prlog.org', 10151453, 1, 367, 367);
insert into Clientes (id, Nombre, Lenguaje, Foto, Celular, Email1, Email2, Codigo_invitacion, Indicador_recibos, ID_pais, ID_Compania) values (368, 'Averil Marcus', 'Tajik', 'http://dummyimage.com/229x201.jpg/ff4444/ffffff', '7282214052', 'amarcusa7@surveymonkey.com', 'amarcusa7@macromedia.com', 10317467, 1, 368, 368);
insert into Clientes (id, Nombre, Lenguaje, Foto, Celular, Email1, Email2, Codigo_invitacion, Indicador_recibos, ID_pais, ID_Compania) values (369, 'Amara Cornels', 'Swahili', 'http://dummyimage.com/189x112.png/cc0000/ffffff', '7103260468', 'acornelsa8@mediafire.com', 'acornelsa8@4shared.com', 10556902, 1, 369, 369);
insert into Clientes (id, Nombre, Lenguaje, Foto, Celular, Email1, Email2, Codigo_invitacion, Indicador_recibos, ID_pais, ID_Compania) values (370, 'Hy MacAllester', 'Lao', 'http://dummyimage.com/150x147.bmp/cc0000/ffffff', '2664866847', 'hmacallestera9@stumbleupon.com', 'hmacallestera9@amazon.de', 10464047, 0, 370, 370);
insert into Clientes (id, Nombre, Lenguaje, Foto, Celular, Email1, Email2, Codigo_invitacion, Indicador_recibos, ID_pais, ID_Compania) values (371, 'Katheryn Devon', 'Marathi', 'http://dummyimage.com/230x173.jpg/5fa2dd/ffffff', '7536158361', 'kdevonaa@webeden.co.uk', 'kdevonaa@cmu.edu', 10958720, 1, 371, 371);
insert into Clientes (id, Nombre, Lenguaje, Foto, Celular, Email1, Email2, Codigo_invitacion, Indicador_recibos, ID_pais, ID_Compania) values (372, 'Virgilio Yitzhok', 'Hungarian', 'http://dummyimage.com/179x202.png/5fa2dd/ffffff', '7434883520', 'vyitzhokab@seesaa.net', 'vyitzhokab@delicious.com', 10697581, 1, 372, 372);
insert into Clientes (id, Nombre, Lenguaje, Foto, Celular, Email1, Email2, Codigo_invitacion, Indicador_recibos, ID_pais, ID_Compania) values (373, 'Gustaf Karsh', 'Telugu', 'http://dummyimage.com/211x202.bmp/cc0000/ffffff', '8645400618', 'gkarshac@oakley.com', 'gkarshac@feedburner.com', 10685859, 0, 373, 373);
insert into Clientes (id, Nombre, Lenguaje, Foto, Celular, Email1, Email2, Codigo_invitacion, Indicador_recibos, ID_pais, ID_Compania) values (374, 'Gare Halahan', 'Mongolian', 'http://dummyimage.com/171x106.jpg/5fa2dd/ffffff', '7869521460', 'ghalahanad@utexas.edu', 'ghalahanad@scientificamerican.com', 10311327, 0, 374, 374);
insert into Clientes (id, Nombre, Lenguaje, Foto, Celular, Email1, Email2, Codigo_invitacion, Indicador_recibos, ID_pais, ID_Compania) values (375, 'Bernarr Pimerick', 'Albanian', 'http://dummyimage.com/111x215.jpg/dddddd/000000', '2861032038', 'bpimerickae@nifty.com', 'bpimerickae@uol.com.br', 10475895, 0, 375, 375);
insert into Clientes (id, Nombre, Lenguaje, Foto, Celular, Email1, Email2, Codigo_invitacion, Indicador_recibos, ID_pais, ID_Compania) values (376, 'Kipp Batchelor', 'Fijian', 'http://dummyimage.com/142x107.bmp/5fa2dd/ffffff', '8309828953', 'kbatcheloraf@rediff.com', 'kbatcheloraf@tripod.com', 10950378, 1, 376, 376);
insert into Clientes (id, Nombre, Lenguaje, Foto, Celular, Email1, Email2, Codigo_invitacion, Indicador_recibos, ID_pais, ID_Compania) values (377, 'Charil Crosfeld', 'Kashmiri', 'http://dummyimage.com/209x207.png/dddddd/000000', '9215896944', 'ccrosfeldag@gravatar.com', 'ccrosfeldag@seattletimes.com', 10547633, 1, 377, 377);
insert into Clientes (id, Nombre, Lenguaje, Foto, Celular, Email1, Email2, Codigo_invitacion, Indicador_recibos, ID_pais, ID_Compania) values (378, 'Conn Souness', 'Bengali', 'http://dummyimage.com/164x198.bmp/5fa2dd/ffffff', '8768347378', 'csounessah@biblegateway.com', 'csounessah@angelfire.com', 10141355, 0, 378, 378);
insert into Clientes (id, Nombre, Lenguaje, Foto, Celular, Email1, Email2, Codigo_invitacion, Indicador_recibos, ID_pais, ID_Compania) values (379, 'Noreen Baskeyfied', 'Tetum', 'http://dummyimage.com/200x129.jpg/5fa2dd/ffffff', '5343888450', 'nbaskeyfiedai@php.net', 'nbaskeyfiedai@elpais.com', 10682713, 1, 379, 379);
insert into Clientes (id, Nombre, Lenguaje, Foto, Celular, Email1, Email2, Codigo_invitacion, Indicador_recibos, ID_pais, ID_Compania) values (380, 'Charyl Turpey', 'Moldovan', 'http://dummyimage.com/185x226.jpg/cc0000/ffffff', '5195894200', 'cturpeyaj@cbc.ca', 'cturpeyaj@is.gd', 10489623, 1, 380, 380);
insert into Clientes (id, Nombre, Lenguaje, Foto, Celular, Email1, Email2, Codigo_invitacion, Indicador_recibos, ID_pais, ID_Compania) values (381, 'Adella Franc', 'Thai', 'http://dummyimage.com/166x245.bmp/dddddd/000000', '8799895532', 'afrancak@blogs.com', 'afrancak@redcross.org', 10851780, 0, 381, 381);
insert into Clientes (id, Nombre, Lenguaje, Foto, Celular, Email1, Email2, Codigo_invitacion, Indicador_recibos, ID_pais, ID_Compania) values (382, 'Nicol Buffey', 'Assamese', 'http://dummyimage.com/124x220.png/ff4444/ffffff', '2275979138', 'nbuffeyal@typepad.com', 'nbuffeyal@nhs.uk', 10784520, 0, 382, 382);
insert into Clientes (id, Nombre, Lenguaje, Foto, Celular, Email1, Email2, Codigo_invitacion, Indicador_recibos, ID_pais, ID_Compania) values (383, 'Nels Cressor', 'Tetum', 'http://dummyimage.com/243x153.png/ff4444/ffffff', '3752737728', 'ncressoram@eventbrite.com', 'ncressoram@cocolog-nifty.com', 10120579, 0, 383, 383);
insert into Clientes (id, Nombre, Lenguaje, Foto, Celular, Email1, Email2, Codigo_invitacion, Indicador_recibos, ID_pais, ID_Compania) values (384, 'Harvey Rishbrook', 'Burmese', 'http://dummyimage.com/187x100.jpg/dddddd/000000', '5673427674', 'hrishbrookan@123-reg.co.uk', 'hrishbrookan@dailymail.co.uk', 10699618, 0, 384, 384);
insert into Clientes (id, Nombre, Lenguaje, Foto, Celular, Email1, Email2, Codigo_invitacion, Indicador_recibos, ID_pais, ID_Compania) values (385, 'Irwin Maffioletti', 'Gujarati', 'http://dummyimage.com/164x138.bmp/cc0000/ffffff', '9195313030', 'imaffiolettiao@cargocollective.com', 'imaffiolettiao@java.com', 10441267, 1, 385, 385);
insert into Clientes (id, Nombre, Lenguaje, Foto, Celular, Email1, Email2, Codigo_invitacion, Indicador_recibos, ID_pais, ID_Compania) values (386, 'Karlis Sandon', 'Portuguese', 'http://dummyimage.com/118x216.png/5fa2dd/ffffff', '5101211687', 'ksandonap@a8.net', 'ksandonap@quantcast.com', 10162135, 0, 386, 386);
insert into Clientes (id, Nombre, Lenguaje, Foto, Celular, Email1, Email2, Codigo_invitacion, Indicador_recibos, ID_pais, ID_Compania) values (387, 'Kalila Swaton', 'Greek', 'http://dummyimage.com/112x148.bmp/cc0000/ffffff', '3981128476', 'kswatonaq@columbia.edu', 'kswatonaq@wunderground.com', 10314084, 1, 387, 387);
insert into Clientes (id, Nombre, Lenguaje, Foto, Celular, Email1, Email2, Codigo_invitacion, Indicador_recibos, ID_pais, ID_Compania) values (388, 'Damien Steckings', 'Mongolian', 'http://dummyimage.com/175x211.bmp/cc0000/ffffff', '9687719154', 'dsteckingsar@prlog.org', 'dsteckingsar@fema.gov', 10267380, 1, 388, 388);
insert into Clientes (id, Nombre, Lenguaje, Foto, Celular, Email1, Email2, Codigo_invitacion, Indicador_recibos, ID_pais, ID_Compania) values (389, 'Sydney Doswell', 'Fijian', 'http://dummyimage.com/216x126.bmp/dddddd/000000', '9865829288', 'sdoswellas@comsenz.com', 'sdoswellas@phoca.cz', 10191536, 0, 389, 389);
insert into Clientes (id, Nombre, Lenguaje, Foto, Celular, Email1, Email2, Codigo_invitacion, Indicador_recibos, ID_pais, ID_Compania) values (390, 'Al Snowsill', 'Nepali', 'http://dummyimage.com/168x207.jpg/5fa2dd/ffffff', '2983490621', 'asnowsillat@sphinn.com', 'asnowsillat@uol.com.br', 10631238, 1, 390, 390);
insert into Clientes (id, Nombre, Lenguaje, Foto, Celular, Email1, Email2, Codigo_invitacion, Indicador_recibos, ID_pais, ID_Compania) values (391, 'Germain Godridge', 'Azeri', 'http://dummyimage.com/146x165.png/ff4444/ffffff', '5131731690', 'ggodridgeau@java.com', 'ggodridgeau@360.cn', 10586367, 0, 391, 391);
insert into Clientes (id, Nombre, Lenguaje, Foto, Celular, Email1, Email2, Codigo_invitacion, Indicador_recibos, ID_pais, ID_Compania) values (392, 'Maren Soulsby', 'Finnish', 'http://dummyimage.com/101x210.bmp/5fa2dd/ffffff', '4817375134', 'msoulsbyav@shareasale.com', 'msoulsbyav@shareasale.com', 10783895, 1, 392, 392);
insert into Clientes (id, Nombre, Lenguaje, Foto, Celular, Email1, Email2, Codigo_invitacion, Indicador_recibos, ID_pais, ID_Compania) values (393, 'Yalonda Livett', 'Swedish', 'http://dummyimage.com/116x146.bmp/ff4444/ffffff', '9256283979', 'ylivettaw@gnu.org', 'ylivettaw@imageshack.us', 10231226, 0, 393, 393);
insert into Clientes (id, Nombre, Lenguaje, Foto, Celular, Email1, Email2, Codigo_invitacion, Indicador_recibos, ID_pais, ID_Compania) values (394, 'Ramsay Dyte', 'Pashto', 'http://dummyimage.com/107x106.png/5fa2dd/ffffff', '1195170285', 'rdyteax@tinypic.com', 'rdyteax@amazon.co.jp', 10107788, 1, 394, 394);
insert into Clientes (id, Nombre, Lenguaje, Foto, Celular, Email1, Email2, Codigo_invitacion, Indicador_recibos, ID_pais, ID_Compania) values (395, 'Kelwin Duligal', 'Albanian', 'http://dummyimage.com/144x229.jpg/ff4444/ffffff', '3277887343', 'kduligalay@theglobeandmail.com', 'kduligalay@ebay.co.uk', 10206843, 0, 395, 395);
insert into Clientes (id, Nombre, Lenguaje, Foto, Celular, Email1, Email2, Codigo_invitacion, Indicador_recibos, ID_pais, ID_Compania) values (396, 'Saraann Chadwin', 'Gagauz', 'http://dummyimage.com/243x188.png/ff4444/ffffff', '1709581049', 'schadwinaz@hhs.gov', 'schadwinaz@answers.com', 10299821, 0, 396, 396);
insert into Clientes (id, Nombre, Lenguaje, Foto, Celular, Email1, Email2, Codigo_invitacion, Indicador_recibos, ID_pais, ID_Compania) values (397, 'Rosabel Mulbery', 'Chinese', 'http://dummyimage.com/151x109.png/dddddd/000000', '6505824699', 'rmulberyb0@pagesperso-orange.fr', 'rmulberyb0@newsvine.com', 10821181, 0, 397, 397);
insert into Clientes (id, Nombre, Lenguaje, Foto, Celular, Email1, Email2, Codigo_invitacion, Indicador_recibos, ID_pais, ID_Compania) values (398, 'Vladamir Lothlorien', 'Latvian', 'http://dummyimage.com/199x154.jpg/5fa2dd/ffffff', '5182012438', 'vlothlorienb1@dot.gov', 'vlothlorienb1@howstuffworks.com', 10228309, 0, 398, 398);
insert into Clientes (id, Nombre, Lenguaje, Foto, Celular, Email1, Email2, Codigo_invitacion, Indicador_recibos, ID_pais, ID_Compania) values (399, 'Godart Mustin', 'Bulgarian', 'http://dummyimage.com/112x235.jpg/cc0000/ffffff', '8209862622', 'gmustinb2@miitbeian.gov.cn', 'gmustinb2@walmart.com', 10816231, 1, 399, 399);
insert into Clientes (id, Nombre, Lenguaje, Foto, Celular, Email1, Email2, Codigo_invitacion, Indicador_recibos, ID_pais, ID_Compania) values (400, 'Gaynor Pauling', 'Fijian', 'http://dummyimage.com/173x240.bmp/dddddd/000000', '4246226022', 'gpaulingb3@stanford.edu', 'gpaulingb3@google.es', 10797891, 1, 400, 400);
insert into Clientes (id, Nombre, Lenguaje, Foto, Celular, Email1, Email2, Codigo_invitacion, Indicador_recibos, ID_pais, ID_Compania) values (401, 'Tiffani Bentote', 'Moldovan', 'http://dummyimage.com/200x177.png/5fa2dd/ffffff', '8807316390', 'tbentoteb4@prlog.org', 'tbentoteb4@usa.gov', 10531704, 0, 401, 401);
insert into Clientes (id, Nombre, Lenguaje, Foto, Celular, Email1, Email2, Codigo_invitacion, Indicador_recibos, ID_pais, ID_Compania) values (402, 'Daune Jarrad', 'Aymara', 'http://dummyimage.com/158x230.bmp/cc0000/ffffff', '2559299627', 'djarradb5@smh.com.au', 'djarradb5@netscape.com', 10734142, 1, 402, 402);
insert into Clientes (id, Nombre, Lenguaje, Foto, Celular, Email1, Email2, Codigo_invitacion, Indicador_recibos, ID_pais, ID_Compania) values (403, 'Lem Postin', 'Indonesian', 'http://dummyimage.com/248x186.png/5fa2dd/ffffff', '3048421792', 'lpostinb6@hibu.com', 'lpostinb6@intel.com', 10808456, 0, 403, 403);
insert into Clientes (id, Nombre, Lenguaje, Foto, Celular, Email1, Email2, Codigo_invitacion, Indicador_recibos, ID_pais, ID_Compania) values (404, 'Richmond Molineux', 'Dari', 'http://dummyimage.com/112x177.bmp/dddddd/000000', '1184055369', 'rmolineuxb7@miitbeian.gov.cn', 'rmolineuxb7@blogger.com', 10726419, 0, 404, 404);
insert into Clientes (id, Nombre, Lenguaje, Foto, Celular, Email1, Email2, Codigo_invitacion, Indicador_recibos, ID_pais, ID_Compania) values (405, 'Zackariah Duchasteau', 'Khmer', 'http://dummyimage.com/197x104.jpg/cc0000/ffffff', '1726227566', 'zduchasteaub8@bigcartel.com', 'zduchasteaub8@tumblr.com', 10623237, 0, 405, 405);
insert into Clientes (id, Nombre, Lenguaje, Foto, Celular, Email1, Email2, Codigo_invitacion, Indicador_recibos, ID_pais, ID_Compania) values (406, 'Lissy Layus', 'English', 'http://dummyimage.com/102x180.png/cc0000/ffffff', '5694137453', 'llayusb9@4shared.com', 'llayusb9@i2i.jp', 10519747, 0, 406, 406);
insert into Clientes (id, Nombre, Lenguaje, Foto, Celular, Email1, Email2, Codigo_invitacion, Indicador_recibos, ID_pais, ID_Compania) values (407, 'Randolf Andreasson', 'Malayalam', 'http://dummyimage.com/244x235.png/5fa2dd/ffffff', '7686358296', 'randreassonba@ucoz.com', 'randreassonba@jiathis.com', 10974132, 1, 407, 407);
insert into Clientes (id, Nombre, Lenguaje, Foto, Celular, Email1, Email2, Codigo_invitacion, Indicador_recibos, ID_pais, ID_Compania) values (408, 'Alec Wayper', 'Malayalam', 'http://dummyimage.com/161x150.jpg/dddddd/000000', '6341036709', 'awayperbb@umich.edu', 'awayperbb@webeden.co.uk', 10778808, 1, 408, 408);
insert into Clientes (id, Nombre, Lenguaje, Foto, Celular, Email1, Email2, Codigo_invitacion, Indicador_recibos, ID_pais, ID_Compania) values (409, 'Marleah Carcas', 'Yiddish', 'http://dummyimage.com/128x133.bmp/ff4444/ffffff', '2597301980', 'mcarcasbc@webs.com', 'mcarcasbc@imageshack.us', 10368887, 1, 409, 409);
insert into Clientes (id, Nombre, Lenguaje, Foto, Celular, Email1, Email2, Codigo_invitacion, Indicador_recibos, ID_pais, ID_Compania) values (410, 'Deni Bastable', 'Malagasy', 'http://dummyimage.com/155x158.png/ff4444/ffffff', '1279207493', 'dbastablebd@java.com', 'dbastablebd@kickstarter.com', 10487186, 0, 410, 410);
insert into Clientes (id, Nombre, Lenguaje, Foto, Celular, Email1, Email2, Codigo_invitacion, Indicador_recibos, ID_pais, ID_Compania) values (411, 'Nealson Cuppleditch', 'Kazakh', 'http://dummyimage.com/167x218.jpg/dddddd/000000', '7914017255', 'ncuppleditchbe@goodreads.com', 'ncuppleditchbe@ucsd.edu', 10941567, 0, 411, 411);
insert into Clientes (id, Nombre, Lenguaje, Foto, Celular, Email1, Email2, Codigo_invitacion, Indicador_recibos, ID_pais, ID_Compania) values (412, 'Dolly O''Gorman', 'Guaran√≠', 'http://dummyimage.com/128x114.jpg/dddddd/000000', '6094011268', 'dogormanbf@a8.net', 'dogormanbf@admin.ch', 10445545, 1, 412, 412);
insert into Clientes (id, Nombre, Lenguaje, Foto, Celular, Email1, Email2, Codigo_invitacion, Indicador_recibos, ID_pais, ID_Compania) values (413, 'Fannie Magne', 'Papiamento', 'http://dummyimage.com/130x226.png/5fa2dd/ffffff', '5781199135', 'fmagnebg@usnews.com', 'fmagnebg@ucla.edu', 10930567, 1, 413, 413);
insert into Clientes (id, Nombre, Lenguaje, Foto, Celular, Email1, Email2, Codigo_invitacion, Indicador_recibos, ID_pais, ID_Compania) values (414, 'Fayina Bartaletti', 'Indonesian', 'http://dummyimage.com/219x126.bmp/5fa2dd/ffffff', '4556108242', 'fbartalettibh@yandex.ru', 'fbartalettibh@de.vu', 10371397, 1, 414, 414);
insert into Clientes (id, Nombre, Lenguaje, Foto, Celular, Email1, Email2, Codigo_invitacion, Indicador_recibos, ID_pais, ID_Compania) values (415, 'Shurlock Baughn', 'Bulgarian', 'http://dummyimage.com/239x225.png/ff4444/ffffff', '9341362867', 'sbaughnbi@deviantart.com', 'sbaughnbi@washington.edu', 10726963, 0, 415, 415);
insert into Clientes (id, Nombre, Lenguaje, Foto, Celular, Email1, Email2, Codigo_invitacion, Indicador_recibos, ID_pais, ID_Compania) values (416, 'Weider Haysom', 'Arabic', 'http://dummyimage.com/196x118.jpg/5fa2dd/ffffff', '1994857203', 'whaysombj@csmonitor.com', 'whaysombj@europa.eu', 10099094, 1, 416, 416);
insert into Clientes (id, Nombre, Lenguaje, Foto, Celular, Email1, Email2, Codigo_invitacion, Indicador_recibos, ID_pais, ID_Compania) values (417, 'Daphene Stork', 'Latvian', 'http://dummyimage.com/126x195.png/cc0000/ffffff', '4721553676', 'dstorkbk@blinklist.com', 'dstorkbk@mashable.com', 10695865, 0, 417, 417);
insert into Clientes (id, Nombre, Lenguaje, Foto, Celular, Email1, Email2, Codigo_invitacion, Indicador_recibos, ID_pais, ID_Compania) values (418, 'Dorothy Terzi', 'New Zealand Sign Language', 'http://dummyimage.com/245x119.jpg/cc0000/ffffff', '6024058802', 'dterzibl@google.ru', 'dterzibl@ovh.net', 10560386, 1, 418, 418);
insert into Clientes (id, Nombre, Lenguaje, Foto, Celular, Email1, Email2, Codigo_invitacion, Indicador_recibos, ID_pais, ID_Compania) values (419, 'Sigismondo Grono', 'Hebrew', 'http://dummyimage.com/163x219.bmp/dddddd/000000', '3261454313', 'sgronobm@japanpost.jp', 'sgronobm@gmpg.org', 10287541, 1, 419, 419);
insert into Clientes (id, Nombre, Lenguaje, Foto, Celular, Email1, Email2, Codigo_invitacion, Indicador_recibos, ID_pais, ID_Compania) values (420, 'Cthrine Prest', 'Georgian', 'http://dummyimage.com/143x228.png/cc0000/ffffff', '9697689367', 'cprestbn@pagesperso-orange.fr', 'cprestbn@tamu.edu', 10414707, 0, 420, 420);
insert into Clientes (id, Nombre, Lenguaje, Foto, Celular, Email1, Email2, Codigo_invitacion, Indicador_recibos, ID_pais, ID_Compania) values (421, 'Sinclair Maier', 'Bislama', 'http://dummyimage.com/126x116.bmp/dddddd/000000', '2948214653', 'smaierbo@examiner.com', 'smaierbo@ehow.com', 10218615, 0, 421, 421);
insert into Clientes (id, Nombre, Lenguaje, Foto, Celular, Email1, Email2, Codigo_invitacion, Indicador_recibos, ID_pais, ID_Compania) values (422, 'Lloyd Littley', 'Hebrew', 'http://dummyimage.com/223x238.png/5fa2dd/ffffff', '2033518694', 'llittleybp@quantcast.com', 'llittleybp@cloudflare.com', 10576831, 0, 422, 422);
insert into Clientes (id, Nombre, Lenguaje, Foto, Celular, Email1, Email2, Codigo_invitacion, Indicador_recibos, ID_pais, ID_Compania) values (423, 'Kennan Mattioli', 'Assamese', 'http://dummyimage.com/177x247.bmp/dddddd/000000', '6524085570', 'kmattiolibq@reddit.com', 'kmattiolibq@slideshare.net', 10215666, 0, 423, 423);
insert into Clientes (id, Nombre, Lenguaje, Foto, Celular, Email1, Email2, Codigo_invitacion, Indicador_recibos, ID_pais, ID_Compania) values (424, 'Worthy Beggini', 'Swahili', 'http://dummyimage.com/148x220.bmp/5fa2dd/ffffff', '5093679064', 'wbegginibr@fotki.com', 'wbegginibr@reverbnation.com', 10266014, 0, 424, 424);
insert into Clientes (id, Nombre, Lenguaje, Foto, Celular, Email1, Email2, Codigo_invitacion, Indicador_recibos, ID_pais, ID_Compania) values (425, 'Bronson Dolle', 'Kazakh', 'http://dummyimage.com/207x217.bmp/cc0000/ffffff', '2273376818', 'bdollebs@sfgate.com', 'bdollebs@flavors.me', 10398738, 1, 425, 425);
insert into Clientes (id, Nombre, Lenguaje, Foto, Celular, Email1, Email2, Codigo_invitacion, Indicador_recibos, ID_pais, ID_Compania) values (426, 'Eden Clowley', 'Hiri Motu', 'http://dummyimage.com/136x158.jpg/cc0000/ffffff', '7467759877', 'eclowleybt@si.edu', 'eclowleybt@google.de', 10981123, 1, 426, 426);
insert into Clientes (id, Nombre, Lenguaje, Foto, Celular, Email1, Email2, Codigo_invitacion, Indicador_recibos, ID_pais, ID_Compania) values (427, 'Emery Steed', 'Amharic', 'http://dummyimage.com/154x201.jpg/5fa2dd/ffffff', '4161525563', 'esteedbu@indiatimes.com', 'esteedbu@prweb.com', 10821271, 0, 427, 427);
insert into Clientes (id, Nombre, Lenguaje, Foto, Celular, Email1, Email2, Codigo_invitacion, Indicador_recibos, ID_pais, ID_Compania) values (428, 'Siouxie Smorfit', 'Persian', 'http://dummyimage.com/143x141.png/ff4444/ffffff', '6578182339', 'ssmorfitbv@example.com', 'ssmorfitbv@theglobeandmail.com', 10659404, 1, 428, 428);
insert into Clientes (id, Nombre, Lenguaje, Foto, Celular, Email1, Email2, Codigo_invitacion, Indicador_recibos, ID_pais, ID_Compania) values (429, 'Raymond Dingwall', 'Azeri', 'http://dummyimage.com/219x218.bmp/dddddd/000000', '6787768789', 'rdingwallbw@comcast.net', 'rdingwallbw@list-manage.com', 10734454, 0, 429, 429);
insert into Clientes (id, Nombre, Lenguaje, Foto, Celular, Email1, Email2, Codigo_invitacion, Indicador_recibos, ID_pais, ID_Compania) values (430, 'Ricardo Ygo', 'English', 'http://dummyimage.com/108x134.jpg/ff4444/ffffff', '8915766819', 'rygobx@alibaba.com', 'rygobx@newsvine.com', 10456946, 0, 430, 430);
insert into Clientes (id, Nombre, Lenguaje, Foto, Celular, Email1, Email2, Codigo_invitacion, Indicador_recibos, ID_pais, ID_Compania) values (431, 'Kareem Kilford', 'Icelandic', 'http://dummyimage.com/179x221.jpg/cc0000/ffffff', '8258545028', 'kkilfordby@miibeian.gov.cn', 'kkilfordby@state.tx.us', 10103755, 0, 431, 431);
insert into Clientes (id, Nombre, Lenguaje, Foto, Celular, Email1, Email2, Codigo_invitacion, Indicador_recibos, ID_pais, ID_Compania) values (432, 'Albertina Gartell', 'Indonesian', 'http://dummyimage.com/173x144.bmp/ff4444/ffffff', '2489196555', 'agartellbz@quantcast.com', 'agartellbz@stanford.edu', 10882576, 1, 432, 432);
insert into Clientes (id, Nombre, Lenguaje, Foto, Celular, Email1, Email2, Codigo_invitacion, Indicador_recibos, ID_pais, ID_Compania) values (433, 'Todd Nyles', 'Marathi', 'http://dummyimage.com/144x213.jpg/dddddd/000000', '9112961717', 'tnylesc0@slideshare.net', 'tnylesc0@networkadvertising.org', 10475699, 1, 433, 433);
insert into Clientes (id, Nombre, Lenguaje, Foto, Celular, Email1, Email2, Codigo_invitacion, Indicador_recibos, ID_pais, ID_Compania) values (434, 'Northrup Brankley', 'Northern Sotho', 'http://dummyimage.com/239x123.jpg/dddddd/000000', '2374667823', 'nbrankleyc1@imdb.com', 'nbrankleyc1@geocities.com', 10793903, 1, 434, 434);
insert into Clientes (id, Nombre, Lenguaje, Foto, Celular, Email1, Email2, Codigo_invitacion, Indicador_recibos, ID_pais, ID_Compania) values (435, 'Izzy Decreuze', 'Dari', 'http://dummyimage.com/169x102.bmp/ff4444/ffffff', '7906342639', 'idecreuzec2@histats.com', 'idecreuzec2@photobucket.com', 10611924, 0, 435, 435);
insert into Clientes (id, Nombre, Lenguaje, Foto, Celular, Email1, Email2, Codigo_invitacion, Indicador_recibos, ID_pais, ID_Compania) values (436, 'Tildie Grieves', 'Hindi', 'http://dummyimage.com/237x149.jpg/5fa2dd/ffffff', '5473848858', 'tgrievesc3@acquirethisname.com', 'tgrievesc3@jimdo.com', 10630832, 0, 436, 436);
insert into Clientes (id, Nombre, Lenguaje, Foto, Celular, Email1, Email2, Codigo_invitacion, Indicador_recibos, ID_pais, ID_Compania) values (437, 'Dag Meijer', 'Kyrgyz', 'http://dummyimage.com/206x157.jpg/cc0000/ffffff', '3087956782', 'dmeijerc4@qq.com', 'dmeijerc4@mtv.com', 10205262, 1, 437, 437);
insert into Clientes (id, Nombre, Lenguaje, Foto, Celular, Email1, Email2, Codigo_invitacion, Indicador_recibos, ID_pais, ID_Compania) values (438, 'Marsh Crosseland', 'Catalan', 'http://dummyimage.com/170x100.bmp/cc0000/ffffff', '6186816553', 'mcrosselandc5@go.com', 'mcrosselandc5@cisco.com', 10851507, 0, 438, 438);
insert into Clientes (id, Nombre, Lenguaje, Foto, Celular, Email1, Email2, Codigo_invitacion, Indicador_recibos, ID_pais, ID_Compania) values (439, 'Fairfax Pond-Jones', 'Tetum', 'http://dummyimage.com/163x245.jpg/5fa2dd/ffffff', '5217123521', 'fpondjonesc6@nature.com', 'fpondjonesc6@noaa.gov', 10558517, 1, 439, 439);
insert into Clientes (id, Nombre, Lenguaje, Foto, Celular, Email1, Email2, Codigo_invitacion, Indicador_recibos, ID_pais, ID_Compania) values (440, 'Afton Olivo', 'Amharic', 'http://dummyimage.com/202x167.jpg/ff4444/ffffff', '1466495108', 'aolivoc7@walmart.com', 'aolivoc7@barnesandnoble.com', 10366305, 1, 440, 440);
insert into Clientes (id, Nombre, Lenguaje, Foto, Celular, Email1, Email2, Codigo_invitacion, Indicador_recibos, ID_pais, ID_Compania) values (441, 'Tiena Jedraszek', 'Burmese', 'http://dummyimage.com/248x153.jpg/cc0000/ffffff', '2707098858', 'tjedraszekc8@elegantthemes.com', 'tjedraszekc8@posterous.com', 10298673, 0, 441, 441);
insert into Clientes (id, Nombre, Lenguaje, Foto, Celular, Email1, Email2, Codigo_invitacion, Indicador_recibos, ID_pais, ID_Compania) values (442, 'Gillan Mockler', 'Swahili', 'http://dummyimage.com/213x150.bmp/5fa2dd/ffffff', '9663988515', 'gmocklerc9@globo.com', 'gmocklerc9@oakley.com', 10225453, 0, 442, 442);
insert into Clientes (id, Nombre, Lenguaje, Foto, Celular, Email1, Email2, Codigo_invitacion, Indicador_recibos, ID_pais, ID_Compania) values (443, 'Kingsly Gilvear', 'Indonesian', 'http://dummyimage.com/192x120.bmp/dddddd/000000', '6965266560', 'kgilvearca@mlb.com', 'kgilvearca@springer.com', 10114114, 1, 443, 443);
insert into Clientes (id, Nombre, Lenguaje, Foto, Celular, Email1, Email2, Codigo_invitacion, Indicador_recibos, ID_pais, ID_Compania) values (444, 'Karmen Sabine', 'Kashmiri', 'http://dummyimage.com/118x136.bmp/cc0000/ffffff', '4121549688', 'ksabinecb@artisteer.com', 'ksabinecb@usda.gov', 10531046, 1, 444, 444);
insert into Clientes (id, Nombre, Lenguaje, Foto, Celular, Email1, Email2, Codigo_invitacion, Indicador_recibos, ID_pais, ID_Compania) values (445, 'Ogden Overstall', 'Bengali', 'http://dummyimage.com/136x176.jpg/cc0000/ffffff', '9495338011', 'ooverstallcc@ustream.tv', 'ooverstallcc@discuz.net', 10518728, 1, 445, 445);
insert into Clientes (id, Nombre, Lenguaje, Foto, Celular, Email1, Email2, Codigo_invitacion, Indicador_recibos, ID_pais, ID_Compania) values (446, 'Amber Fromont', 'French', 'http://dummyimage.com/194x156.jpg/5fa2dd/ffffff', '8472602949', 'afromontcd@cdc.gov', 'afromontcd@wunderground.com', 10997785, 0, 446, 446);
insert into Clientes (id, Nombre, Lenguaje, Foto, Celular, Email1, Email2, Codigo_invitacion, Indicador_recibos, ID_pais, ID_Compania) values (447, 'Gwenni Giorgi', 'Northern Sotho', 'http://dummyimage.com/229x227.bmp/ff4444/ffffff', '7792807733', 'ggiorgice@blogspot.com', 'ggiorgice@about.com', 10070357, 1, 447, 447);
insert into Clientes (id, Nombre, Lenguaje, Foto, Celular, Email1, Email2, Codigo_invitacion, Indicador_recibos, ID_pais, ID_Compania) values (448, 'Lana Woodage', 'Dari', 'http://dummyimage.com/249x211.bmp/cc0000/ffffff', '8096524313', 'lwoodagecf@hugedomains.com', 'lwoodagecf@indiatimes.com', 10496392, 0, 448, 448);
insert into Clientes (id, Nombre, Lenguaje, Foto, Celular, Email1, Email2, Codigo_invitacion, Indicador_recibos, ID_pais, ID_Compania) values (449, 'Shermy Olliar', 'Pashto', 'http://dummyimage.com/229x175.png/cc0000/ffffff', '4244819951', 'solliarcg@dailymail.co.uk', 'solliarcg@prlog.org', 10948520, 0, 449, 449);
insert into Clientes (id, Nombre, Lenguaje, Foto, Celular, Email1, Email2, Codigo_invitacion, Indicador_recibos, ID_pais, ID_Compania) values (450, 'Shayne Bernadzki', 'Thai', 'http://dummyimage.com/244x154.png/cc0000/ffffff', '9218976627', 'sbernadzkich@bloomberg.com', 'sbernadzkich@wordpress.com', 10556252, 1, 450, 450);
insert into Clientes (id, Nombre, Lenguaje, Foto, Celular, Email1, Email2, Codigo_invitacion, Indicador_recibos, ID_pais, ID_Compania) values (451, 'Joanie Seakes', 'Khmer', 'http://dummyimage.com/144x117.bmp/5fa2dd/ffffff', '3496990233', 'jseakesci@hp.com', 'jseakesci@so-net.ne.jp', 10757551, 0, 451, 451);
insert into Clientes (id, Nombre, Lenguaje, Foto, Celular, Email1, Email2, Codigo_invitacion, Indicador_recibos, ID_pais, ID_Compania) values (452, 'Ange Drayson', 'Swedish', 'http://dummyimage.com/238x106.png/ff4444/ffffff', '7721197543', 'adraysoncj@indiatimes.com', 'adraysoncj@ftc.gov', 10218854, 1, 452, 452);
insert into Clientes (id, Nombre, Lenguaje, Foto, Celular, Email1, Email2, Codigo_invitacion, Indicador_recibos, ID_pais, ID_Compania) values (453, 'Catarina Stoneman', 'Azeri', 'http://dummyimage.com/155x225.png/ff4444/ffffff', '1257084981', 'cstonemanck@free.fr', 'cstonemanck@cbslocal.com', 10695729, 0, 453, 453);
insert into Clientes (id, Nombre, Lenguaje, Foto, Celular, Email1, Email2, Codigo_invitacion, Indicador_recibos, ID_pais, ID_Compania) values (454, 'Camala Segar', 'Irish Gaelic', 'http://dummyimage.com/181x221.bmp/ff4444/ffffff', '5798392078', 'csegarcl@mit.edu', 'csegarcl@issuu.com', 10796315, 0, 454, 454);
insert into Clientes (id, Nombre, Lenguaje, Foto, Celular, Email1, Email2, Codigo_invitacion, Indicador_recibos, ID_pais, ID_Compania) values (455, 'Angy Rozycki', 'Icelandic', 'http://dummyimage.com/159x202.jpg/cc0000/ffffff', '6548079228', 'arozyckicm@cisco.com', 'arozyckicm@google.de', 10916625, 1, 455, 455);
insert into Clientes (id, Nombre, Lenguaje, Foto, Celular, Email1, Email2, Codigo_invitacion, Indicador_recibos, ID_pais, ID_Compania) values (456, 'Tasha McKniely', 'Japanese', 'http://dummyimage.com/249x239.jpg/ff4444/ffffff', '6469669883', 'tmcknielycn@wix.com', 'tmcknielycn@answers.com', 10314949, 1, 456, 456);
insert into Clientes (id, Nombre, Lenguaje, Foto, Celular, Email1, Email2, Codigo_invitacion, Indicador_recibos, ID_pais, ID_Compania) values (457, 'Dominic Grigoli', 'Quechua', 'http://dummyimage.com/152x190.png/dddddd/000000', '8712824067', 'dgrigolico@gov.uk', 'dgrigolico@360.cn', 10762300, 0, 457, 457);
insert into Clientes (id, Nombre, Lenguaje, Foto, Celular, Email1, Email2, Codigo_invitacion, Indicador_recibos, ID_pais, ID_Compania) values (458, 'Kristel Gasparro', 'Lithuanian', 'http://dummyimage.com/182x208.jpg/dddddd/000000', '9957881183', 'kgasparrocp@geocities.jp', 'kgasparrocp@discuz.net', 10911525, 1, 458, 458);
insert into Clientes (id, Nombre, Lenguaje, Foto, Celular, Email1, Email2, Codigo_invitacion, Indicador_recibos, ID_pais, ID_Compania) values (459, 'Delly Hopewell', 'Guaran√≠', 'http://dummyimage.com/151x220.png/dddddd/000000', '5204520396', 'dhopewellcq@wired.com', 'dhopewellcq@imgur.com', 10588197, 0, 459, 459);
insert into Clientes (id, Nombre, Lenguaje, Foto, Celular, Email1, Email2, Codigo_invitacion, Indicador_recibos, ID_pais, ID_Compania) values (460, 'Dar Scoggins', 'Finnish', 'http://dummyimage.com/192x150.bmp/dddddd/000000', '5404402112', 'dscogginscr@dailymotion.com', 'dscogginscr@nymag.com', 10216402, 1, 460, 460);
insert into Clientes (id, Nombre, Lenguaje, Foto, Celular, Email1, Email2, Codigo_invitacion, Indicador_recibos, ID_pais, ID_Compania) values (461, 'Bucky Hubbucke', 'Tajik', 'http://dummyimage.com/168x183.bmp/dddddd/000000', '6147128849', 'bhubbuckecs@a8.net', 'bhubbuckecs@wikipedia.org', 10095141, 0, 461, 461);
insert into Clientes (id, Nombre, Lenguaje, Foto, Celular, Email1, Email2, Codigo_invitacion, Indicador_recibos, ID_pais, ID_Compania) values (462, 'Caria Wildbore', 'Indonesian', 'http://dummyimage.com/206x197.bmp/ff4444/ffffff', '7138886479', 'cwildborect@usa.gov', 'cwildborect@uiuc.edu', 10716239, 1, 462, 462);
insert into Clientes (id, Nombre, Lenguaje, Foto, Celular, Email1, Email2, Codigo_invitacion, Indicador_recibos, ID_pais, ID_Compania) values (463, 'Gerty Gerritsma', 'Haitian Creole', 'http://dummyimage.com/118x238.bmp/dddddd/000000', '3632855425', 'ggerritsmacu@webmd.com', 'ggerritsmacu@sbwire.com', 10920337, 1, 463, 463);
insert into Clientes (id, Nombre, Lenguaje, Foto, Celular, Email1, Email2, Codigo_invitacion, Indicador_recibos, ID_pais, ID_Compania) values (464, 'Jany Ellingham', 'Luxembourgish', 'http://dummyimage.com/195x180.bmp/ff4444/ffffff', '2799907105', 'jellinghamcv@jimdo.com', 'jellinghamcv@usatoday.com', 10194192, 1, 464, 464);
insert into Clientes (id, Nombre, Lenguaje, Foto, Celular, Email1, Email2, Codigo_invitacion, Indicador_recibos, ID_pais, ID_Compania) values (465, 'Leontine Sanchez', 'Thai', 'http://dummyimage.com/239x168.png/dddddd/000000', '9464245391', 'lsanchezcw@squarespace.com', 'lsanchezcw@topsy.com', 10474956, 1, 465, 465);
insert into Clientes (id, Nombre, Lenguaje, Foto, Celular, Email1, Email2, Codigo_invitacion, Indicador_recibos, ID_pais, ID_Compania) values (466, 'Guilbert Laval', 'Albanian', 'http://dummyimage.com/230x101.jpg/5fa2dd/ffffff', '5436576135', 'glavalcx@boston.com', 'glavalcx@sbwire.com', 10303764, 1, 466, 466);
insert into Clientes (id, Nombre, Lenguaje, Foto, Celular, Email1, Email2, Codigo_invitacion, Indicador_recibos, ID_pais, ID_Compania) values (467, 'Goddart Gillott', 'Yiddish', 'http://dummyimage.com/187x137.jpg/dddddd/000000', '3643703365', 'ggillottcy@dropbox.com', 'ggillottcy@ameblo.jp', 10838464, 1, 467, 467);
insert into Clientes (id, Nombre, Lenguaje, Foto, Celular, Email1, Email2, Codigo_invitacion, Indicador_recibos, ID_pais, ID_Compania) values (468, 'Paton MacCarter', 'Hiri Motu', 'http://dummyimage.com/215x187.png/5fa2dd/ffffff', '9708292623', 'pmaccartercz@adobe.com', 'pmaccartercz@indiatimes.com', 10011469, 1, 468, 468);
insert into Clientes (id, Nombre, Lenguaje, Foto, Celular, Email1, Email2, Codigo_invitacion, Indicador_recibos, ID_pais, ID_Compania) values (469, 'Mimi Whichelow', 'West Frisian', 'http://dummyimage.com/113x120.jpg/cc0000/ffffff', '2056257643', 'mwhichelowd0@google.it', 'mwhichelowd0@huffingtonpost.com', 10190620, 0, 469, 469);
insert into Clientes (id, Nombre, Lenguaje, Foto, Celular, Email1, Email2, Codigo_invitacion, Indicador_recibos, ID_pais, ID_Compania) values (470, 'Doralyn Swiffin', 'Tsonga', 'http://dummyimage.com/221x138.png/5fa2dd/ffffff', '3354401926', 'dswiffind1@wufoo.com', 'dswiffind1@discovery.com', 10095235, 0, 470, 470);
insert into Clientes (id, Nombre, Lenguaje, Foto, Celular, Email1, Email2, Codigo_invitacion, Indicador_recibos, ID_pais, ID_Compania) values (471, 'Martica Hatzar', 'Telugu', 'http://dummyimage.com/240x139.bmp/cc0000/ffffff', '7249596026', 'mhatzard2@over-blog.com', 'mhatzard2@wiley.com', 10052747, 1, 471, 471);
insert into Clientes (id, Nombre, Lenguaje, Foto, Celular, Email1, Email2, Codigo_invitacion, Indicador_recibos, ID_pais, ID_Compania) values (472, 'Sander Clewley', 'Albanian', 'http://dummyimage.com/243x188.bmp/5fa2dd/ffffff', '6791847555', 'sclewleyd3@oracle.com', 'sclewleyd3@blogs.com', 10153805, 1, 472, 472);
insert into Clientes (id, Nombre, Lenguaje, Foto, Celular, Email1, Email2, Codigo_invitacion, Indicador_recibos, ID_pais, ID_Compania) values (473, 'Lana Blue', 'Guaran√≠', 'http://dummyimage.com/208x249.jpg/ff4444/ffffff', '9423532775', 'lblued4@ftc.gov', 'lblued4@pbs.org', 10358204, 1, 473, 473);
insert into Clientes (id, Nombre, Lenguaje, Foto, Celular, Email1, Email2, Codigo_invitacion, Indicador_recibos, ID_pais, ID_Compania) values (474, 'Margaux Alen', 'Hindi', 'http://dummyimage.com/232x101.png/5fa2dd/ffffff', '6372153758', 'malend5@ftc.gov', 'malend5@psu.edu', 10783585, 1, 474, 474);
insert into Clientes (id, Nombre, Lenguaje, Foto, Celular, Email1, Email2, Codigo_invitacion, Indicador_recibos, ID_pais, ID_Compania) values (475, 'Jana McKitterick', 'Telugu', 'http://dummyimage.com/232x162.jpg/cc0000/ffffff', '8459101279', 'jmckitterickd6@sourceforge.net', 'jmckitterickd6@mysql.com', 10140035, 1, 475, 475);
insert into Clientes (id, Nombre, Lenguaje, Foto, Celular, Email1, Email2, Codigo_invitacion, Indicador_recibos, ID_pais, ID_Compania) values (476, 'Hoebart Thurbon', 'Portuguese', 'http://dummyimage.com/108x156.png/dddddd/000000', '9819587907', 'hthurbond7@netlog.com', 'hthurbond7@tumblr.com', 10585579, 0, 476, 476);
insert into Clientes (id, Nombre, Lenguaje, Foto, Celular, Email1, Email2, Codigo_invitacion, Indicador_recibos, ID_pais, ID_Compania) values (477, 'Benjamin Learoyde', 'West Frisian', 'http://dummyimage.com/137x183.bmp/dddddd/000000', '7048244006', 'blearoyded8@squarespace.com', 'blearoyded8@vistaprint.com', 10973523, 0, 477, 477);
insert into Clientes (id, Nombre, Lenguaje, Foto, Celular, Email1, Email2, Codigo_invitacion, Indicador_recibos, ID_pais, ID_Compania) values (478, 'Olivia Gissop', 'Polish', 'http://dummyimage.com/209x136.bmp/dddddd/000000', '9756037661', 'ogissopd9@indiegogo.com', 'ogissopd9@qq.com', 10482310, 1, 478, 478);
insert into Clientes (id, Nombre, Lenguaje, Foto, Celular, Email1, Email2, Codigo_invitacion, Indicador_recibos, ID_pais, ID_Compania) values (479, 'Jackson O''Mara', 'Tetum', 'http://dummyimage.com/102x235.jpg/5fa2dd/ffffff', '2467705936', 'jomarada@disqus.com', 'jomarada@marketwatch.com', 10172735, 1, 479, 479);
insert into Clientes (id, Nombre, Lenguaje, Foto, Celular, Email1, Email2, Codigo_invitacion, Indicador_recibos, ID_pais, ID_Compania) values (480, 'Allsun Arboine', 'English', 'http://dummyimage.com/111x239.bmp/5fa2dd/ffffff', '2958321679', 'aarboinedb@businessweek.com', 'aarboinedb@stanford.edu', 10141251, 0, 480, 480);
insert into Clientes (id, Nombre, Lenguaje, Foto, Celular, Email1, Email2, Codigo_invitacion, Indicador_recibos, ID_pais, ID_Compania) values (481, 'Galen Cristofari', 'Portuguese', 'http://dummyimage.com/138x177.bmp/5fa2dd/ffffff', '5367835534', 'gcristofaridc@baidu.com', 'gcristofaridc@sakura.ne.jp', 10687779, 0, 481, 481);
insert into Clientes (id, Nombre, Lenguaje, Foto, Celular, Email1, Email2, Codigo_invitacion, Indicador_recibos, ID_pais, ID_Compania) values (482, 'Broddy Cookman', 'Fijian', 'http://dummyimage.com/247x145.png/dddddd/000000', '2089581457', 'bcookmandd@blinklist.com', 'bcookmandd@icio.us', 10965543, 1, 482, 482);
insert into Clientes (id, Nombre, Lenguaje, Foto, Celular, Email1, Email2, Codigo_invitacion, Indicador_recibos, ID_pais, ID_Compania) values (483, 'Nisse Whetton', 'Kurdish', 'http://dummyimage.com/124x244.bmp/ff4444/ffffff', '9948470473', 'nwhettonde@macromedia.com', 'nwhettonde@cpanel.net', 10048319, 0, 483, 483);
insert into Clientes (id, Nombre, Lenguaje, Foto, Celular, Email1, Email2, Codigo_invitacion, Indicador_recibos, ID_pais, ID_Compania) values (484, 'Sauncho Iowarch', 'Armenian', 'http://dummyimage.com/197x235.png/cc0000/ffffff', '7896714607', 'siowarchdf@toplist.cz', 'siowarchdf@arstechnica.com', 10787130, 0, 484, 484);
insert into Clientes (id, Nombre, Lenguaje, Foto, Celular, Email1, Email2, Codigo_invitacion, Indicador_recibos, ID_pais, ID_Compania) values (485, 'Maryl Lequeux', 'Maltese', 'http://dummyimage.com/139x190.bmp/dddddd/000000', '5926611152', 'mlequeuxdg@t.co', 'mlequeuxdg@amazon.com', 10762985, 0, 485, 485);
insert into Clientes (id, Nombre, Lenguaje, Foto, Celular, Email1, Email2, Codigo_invitacion, Indicador_recibos, ID_pais, ID_Compania) values (486, 'Dionne Spelsbury', 'Armenian', 'http://dummyimage.com/157x118.bmp/dddddd/000000', '6982100342', 'dspelsburydh@51.la', 'dspelsburydh@cnet.com', 10683203, 1, 486, 486);
insert into Clientes (id, Nombre, Lenguaje, Foto, Celular, Email1, Email2, Codigo_invitacion, Indicador_recibos, ID_pais, ID_Compania) values (487, 'Joeann Lukins', 'Hindi', 'http://dummyimage.com/150x189.jpg/cc0000/ffffff', '6169461815', 'jlukinsdi@surveymonkey.com', 'jlukinsdi@google.com.hk', 10199367, 0, 487, 487);
insert into Clientes (id, Nombre, Lenguaje, Foto, Celular, Email1, Email2, Codigo_invitacion, Indicador_recibos, ID_pais, ID_Compania) values (488, 'Sheelagh MacKibbon', 'Haitian Creole', 'http://dummyimage.com/175x121.bmp/cc0000/ffffff', '2266263356', 'smackibbondj@timesonline.co.uk', 'smackibbondj@rakuten.co.jp', 10833482, 0, 488, 488);
insert into Clientes (id, Nombre, Lenguaje, Foto, Celular, Email1, Email2, Codigo_invitacion, Indicador_recibos, ID_pais, ID_Compania) values (489, 'Moira Eburah', 'Albanian', 'http://dummyimage.com/203x228.jpg/5fa2dd/ffffff', '6691268911', 'meburahdk@unblog.fr', 'meburahdk@bizjournals.com', 10942016, 0, 489, 489);
insert into Clientes (id, Nombre, Lenguaje, Foto, Celular, Email1, Email2, Codigo_invitacion, Indicador_recibos, ID_pais, ID_Compania) values (490, 'Dawna Hritzko', 'Marathi', 'http://dummyimage.com/173x103.bmp/dddddd/000000', '2028468684', 'dhritzkodl@abc.net.au', 'dhritzkodl@aboutads.info', 10566145, 0, 490, 490);
insert into Clientes (id, Nombre, Lenguaje, Foto, Celular, Email1, Email2, Codigo_invitacion, Indicador_recibos, ID_pais, ID_Compania) values (491, 'Lida Skeel', 'Dhivehi', 'http://dummyimage.com/106x121.bmp/5fa2dd/ffffff', '3525784003', 'lskeeldm@yahoo.co.jp', 'lskeeldm@sakura.ne.jp', 10806984, 0, 491, 491);
insert into Clientes (id, Nombre, Lenguaje, Foto, Celular, Email1, Email2, Codigo_invitacion, Indicador_recibos, ID_pais, ID_Compania) values (492, 'Pavia Ryman', 'Filipino', 'http://dummyimage.com/121x121.png/cc0000/ffffff', '2118792885', 'prymandn@addthis.com', 'prymandn@cam.ac.uk', 10759481, 1, 492, 492);
insert into Clientes (id, Nombre, Lenguaje, Foto, Celular, Email1, Email2, Codigo_invitacion, Indicador_recibos, ID_pais, ID_Compania) values (493, 'Dallis Tithacott', 'Hiri Motu', 'http://dummyimage.com/239x174.png/5fa2dd/ffffff', '6274583262', 'dtithacottdo@mit.edu', 'dtithacottdo@e-recht24.de', 10599181, 1, 493, 493);
insert into Clientes (id, Nombre, Lenguaje, Foto, Celular, Email1, Email2, Codigo_invitacion, Indicador_recibos, ID_pais, ID_Compania) values (494, 'Salomi Ottawell', 'Korean', 'http://dummyimage.com/111x217.jpg/cc0000/ffffff', '9124978160', 'sottawelldp@bizjournals.com', 'sottawelldp@cisco.com', 10400969, 1, 494, 494);
insert into Clientes (id, Nombre, Lenguaje, Foto, Celular, Email1, Email2, Codigo_invitacion, Indicador_recibos, ID_pais, ID_Compania) values (495, 'Michelina Dooley', 'Kyrgyz', 'http://dummyimage.com/114x125.png/dddddd/000000', '8138607095', 'mdooleydq@icio.us', 'mdooleydq@hc360.com', 10717379, 1, 495, 495);
insert into Clientes (id, Nombre, Lenguaje, Foto, Celular, Email1, Email2, Codigo_invitacion, Indicador_recibos, ID_pais, ID_Compania) values (496, 'Hetti Bedbury', 'Ndebele', 'http://dummyimage.com/225x163.jpg/ff4444/ffffff', '8912902574', 'hbedburydr@constantcontact.com', 'hbedburydr@sfgate.com', 10520640, 0, 496, 496);
insert into Clientes (id, Nombre, Lenguaje, Foto, Celular, Email1, Email2, Codigo_invitacion, Indicador_recibos, ID_pais, ID_Compania) values (497, 'Cordell Durrans', 'Dzongkha', 'http://dummyimage.com/114x111.jpg/5fa2dd/ffffff', '4451123758', 'cdurransds@simplemachines.org', 'cdurransds@dot.gov', 10516554, 1, 497, 497);
insert into Clientes (id, Nombre, Lenguaje, Foto, Celular, Email1, Email2, Codigo_invitacion, Indicador_recibos, ID_pais, ID_Compania) values (498, 'Erina Clausius', 'Gagauz', 'http://dummyimage.com/147x105.png/ff4444/ffffff', '9417764842', 'eclausiusdt@artisteer.com', 'eclausiusdt@walmart.com', 10882290, 1, 498, 498);
insert into Clientes (id, Nombre, Lenguaje, Foto, Celular, Email1, Email2, Codigo_invitacion, Indicador_recibos, ID_pais, ID_Compania) values (499, 'Langsdon Cumberbatch', 'Hebrew', 'http://dummyimage.com/120x173.bmp/5fa2dd/ffffff', '4231701034', 'lcumberbatchdu@dropbox.com', 'lcumberbatchdu@storify.com', 10523595, 1, 499, 499);
insert into Clientes (id, Nombre, Lenguaje, Foto, Celular, Email1, Email2, Codigo_invitacion, Indicador_recibos, ID_pais, ID_Compania) values (500, 'Zarla Keigher', 'Tajik', 'http://dummyimage.com/173x202.png/5fa2dd/ffffff', '9453537477', 'zkeigherdv@123-reg.co.uk', 'zkeigherdv@tripadvisor.com', 10412326, 1, 500, 500);

-- InserciÛn Medios de Pago
insert into Medios_de_pago (id, Nombre, Detalle, ID_cliente, ID_Compania) values (1, 'TDC Visa', '341153946462889', 1, null);
insert into Medios_de_pago (id, Nombre, Detalle, ID_cliente, ID_Compania) values (2, 'TDC Amex', '3529439387003102', 2, null);
insert into Medios_de_pago (id, Nombre, Detalle, ID_cliente, ID_Compania) values (3, 'TDC MasterCard', '564182365796705095', 3, null);
insert into Medios_de_pago (id, Nombre, Detalle, ID_cliente, ID_Compania) values (4, 'TDC Visa', '4405565114339216', 4, null);
insert into Medios_de_pago (id, Nombre, Detalle, ID_cliente, ID_Compania) values (5, 'TDC MasterCard', '372101822447013', 5, null);
insert into Medios_de_pago (id, Nombre, Detalle, ID_cliente, ID_Compania) values (6, 'TDC MasterCard', '3573912456269965', 6, null);
insert into Medios_de_pago (id, Nombre, Detalle, ID_cliente, ID_Compania) values (7, 'TDC MasterCard', '3539974021864244', 7, null);
insert into Medios_de_pago (id, Nombre, Detalle, ID_cliente, ID_Compania) values (8, 'TDC Visa', '3578526934865072', 8, null);
insert into Medios_de_pago (id, Nombre, Detalle, ID_cliente, ID_Compania) values (9, 'TDC Amex', '3577084534817201', 9, null);
insert into Medios_de_pago (id, Nombre, Detalle, ID_cliente, ID_Compania) values (10, 'TDC Visa', '3567829849481180', 10, null);
insert into Medios_de_pago (id, Nombre, Detalle, ID_cliente, ID_Compania) values (11, 'TDC MasterCard', '3586589397609502', 11, null);
insert into Medios_de_pago (id, Nombre, Detalle, ID_cliente, ID_Compania) values (12, 'TDC Visa', '337941034425834', 12, null);
insert into Medios_de_pago (id, Nombre, Detalle, ID_cliente, ID_Compania) values (13, 'TDC Visa', '3544204035890222', 13, null);
insert into Medios_de_pago (id, Nombre, Detalle, ID_cliente, ID_Compania) values (14, 'TDC Visa', '6761513124581800', 14, null);
insert into Medios_de_pago (id, Nombre, Detalle, ID_cliente, ID_Compania) values (15, 'TDC Amex', '3581310583810852', 15, null);
insert into Medios_de_pago (id, Nombre, Detalle, ID_cliente, ID_Compania) values (16, 'TDC Visa', '3543616645851214', 16, null);
insert into Medios_de_pago (id, Nombre, Detalle, ID_cliente, ID_Compania) values (17, 'TDC MasterCard', '3549520540880746', 17, null);
insert into Medios_de_pago (id, Nombre, Detalle, ID_cliente, ID_Compania) values (18, 'TDC Visa', '3540553764926274', 18, null);
insert into Medios_de_pago (id, Nombre, Detalle, ID_cliente, ID_Compania) values (19, 'TDC Amex', '3579890217576122', 19, null);
insert into Medios_de_pago (id, Nombre, Detalle, ID_cliente, ID_Compania) values (20, 'TDC Visa', '3535574122632310', 20, 321);
insert into Medios_de_pago (id, Nombre, Detalle, ID_cliente, ID_Compania) values (21, 'TDC Amex', '3555329364800876', 21, null);
insert into Medios_de_pago (id, Nombre, Detalle, ID_cliente, ID_Compania) values (22, 'TDC Amex', '3544395387208771', 22, null);
insert into Medios_de_pago (id, Nombre, Detalle, ID_cliente, ID_Compania) values (23, 'TDC Visa', '5018883643455627', 23, null);
insert into Medios_de_pago (id, Nombre, Detalle, ID_cliente, ID_Compania) values (24, 'TDC Visa', '345433143235213', 24, null);
insert into Medios_de_pago (id, Nombre, Detalle, ID_cliente, ID_Compania) values (25, 'TDC Visa', '6334716490354655867', 25, null);
insert into Medios_de_pago (id, Nombre, Detalle, ID_cliente, ID_Compania) values (26, 'TDC Amex', '3532963651131518', 26, null);
insert into Medios_de_pago (id, Nombre, Detalle, ID_cliente, ID_Compania) values (27, 'TDC MasterCard', '633110706253738774', 27, 420);
insert into Medios_de_pago (id, Nombre, Detalle, ID_cliente, ID_Compania) values (28, 'TDC Visa', '5100136640522082', 28, null);
insert into Medios_de_pago (id, Nombre, Detalle, ID_cliente, ID_Compania) values (29, 'TDC MasterCard', '5602224730872006', 29, null);
insert into Medios_de_pago (id, Nombre, Detalle, ID_cliente, ID_Compania) values (30, 'TDC MasterCard', '3532291563723903', 30, null);
insert into Medios_de_pago (id, Nombre, Detalle, ID_cliente, ID_Compania) values (31, 'TDC Visa', '3583136139907340', 31, null);
insert into Medios_de_pago (id, Nombre, Detalle, ID_cliente, ID_Compania) values (32, 'TDC MasterCard', '3532595021502679', 32, 94);
insert into Medios_de_pago (id, Nombre, Detalle, ID_cliente, ID_Compania) values (33, 'TDC Amex', '3561001711685159', 33, null);
insert into Medios_de_pago (id, Nombre, Detalle, ID_cliente, ID_Compania) values (34, 'TDC MasterCard', '4041379644065', 34, null);
insert into Medios_de_pago (id, Nombre, Detalle, ID_cliente, ID_Compania) values (35, 'TDC MasterCard', '4041372005439', 35, null);
insert into Medios_de_pago (id, Nombre, Detalle, ID_cliente, ID_Compania) values (36, 'TDC Visa', '3561640331080158', 36, null);
insert into Medios_de_pago (id, Nombre, Detalle, ID_cliente, ID_Compania) values (37, 'TDC MasterCard', '6763286247165746230', 37, null);
insert into Medios_de_pago (id, Nombre, Detalle, ID_cliente, ID_Compania) values (38, 'TDC Visa', '4936857990709242', 38, null);
insert into Medios_de_pago (id, Nombre, Detalle, ID_cliente, ID_Compania) values (39, 'TDC Amex', '5488756830937337', 39, 155);
insert into Medios_de_pago (id, Nombre, Detalle, ID_cliente, ID_Compania) values (40, 'TDC Amex', '3570140139737637', 40, null);
insert into Medios_de_pago (id, Nombre, Detalle, ID_cliente, ID_Compania) values (41, 'TDC Amex', '3547884192498468', 41, null);
insert into Medios_de_pago (id, Nombre, Detalle, ID_cliente, ID_Compania) values (42, 'TDC Amex', '30281920476140', 42, null);
insert into Medios_de_pago (id, Nombre, Detalle, ID_cliente, ID_Compania) values (43, 'TDC MasterCard', '5602213305420887', 43, null);
insert into Medios_de_pago (id, Nombre, Detalle, ID_cliente, ID_Compania) values (44, 'TDC Amex', '5108751957130212', 44, null);
insert into Medios_de_pago (id, Nombre, Detalle, ID_cliente, ID_Compania) values (45, 'TDC Amex', '3537028257077062', 45, 54);
insert into Medios_de_pago (id, Nombre, Detalle, ID_cliente, ID_Compania) values (46, 'TDC MasterCard', '3587681451188991', 46, null);
insert into Medios_de_pago (id, Nombre, Detalle, ID_cliente, ID_Compania) values (47, 'TDC MasterCard', '4405945403836736', 47, null);
insert into Medios_de_pago (id, Nombre, Detalle, ID_cliente, ID_Compania) values (48, 'TDC Amex', '6334063877631542414', 48, null);
insert into Medios_de_pago (id, Nombre, Detalle, ID_cliente, ID_Compania) values (49, 'TDC Amex', '4508732040458306', 49, null);
insert into Medios_de_pago (id, Nombre, Detalle, ID_cliente, ID_Compania) values (50, 'TDC Amex', '3568697698630911', 50, 430);
insert into Medios_de_pago (id, Nombre, Detalle, ID_cliente, ID_Compania) values (51, 'TDC Visa', '3567214954512907', 51, null);
insert into Medios_de_pago (id, Nombre, Detalle, ID_cliente, ID_Compania) values (52, 'TDC MasterCard', '3551309738316589', 52, null);
insert into Medios_de_pago (id, Nombre, Detalle, ID_cliente, ID_Compania) values (53, 'TDC Visa', '490336126280978306', 53, null);
insert into Medios_de_pago (id, Nombre, Detalle, ID_cliente, ID_Compania) values (54, 'TDC Amex', '5610723470151448', 54, null);
insert into Medios_de_pago (id, Nombre, Detalle, ID_cliente, ID_Compania) values (55, 'TDC Visa', '5602232848020305223', 55, null);
insert into Medios_de_pago (id, Nombre, Detalle, ID_cliente, ID_Compania) values (56, 'TDC MasterCard', '3567861962745448', 56, null);
insert into Medios_de_pago (id, Nombre, Detalle, ID_cliente, ID_Compania) values (57, 'TDC Visa', '4113185662720', 57, null);
insert into Medios_de_pago (id, Nombre, Detalle, ID_cliente, ID_Compania) values (58, 'TDC MasterCard', '3539895312419036', 58, null);
insert into Medios_de_pago (id, Nombre, Detalle, ID_cliente, ID_Compania) values (59, 'TDC MasterCard', '6397725572787489', 59, null);
insert into Medios_de_pago (id, Nombre, Detalle, ID_cliente, ID_Compania) values (60, 'TDC MasterCard', '58936772125936238', 60, null);
insert into Medios_de_pago (id, Nombre, Detalle, ID_cliente, ID_Compania) values (61, 'TDC MasterCard', '5002353417638418', 61, 226);
insert into Medios_de_pago (id, Nombre, Detalle, ID_cliente, ID_Compania) values (62, 'TDC Visa', '5253951175423190', 62, null);
insert into Medios_de_pago (id, Nombre, Detalle, ID_cliente, ID_Compania) values (63, 'TDC MasterCard', '3568741538110435', 63, null);
insert into Medios_de_pago (id, Nombre, Detalle, ID_cliente, ID_Compania) values (64, 'TDC MasterCard', '5602220924441970', 64, null);
insert into Medios_de_pago (id, Nombre, Detalle, ID_cliente, ID_Compania) values (65, 'TDC Amex', '201468475957706', 65, null);
insert into Medios_de_pago (id, Nombre, Detalle, ID_cliente, ID_Compania) values (66, 'TDC Visa', '3581750744140691', 66, null);
insert into Medios_de_pago (id, Nombre, Detalle, ID_cliente, ID_Compania) values (67, 'TDC Visa', '63049558856650492', 67, null);
insert into Medios_de_pago (id, Nombre, Detalle, ID_cliente, ID_Compania) values (68, 'TDC MasterCard', '36266490693483', 68, null);
insert into Medios_de_pago (id, Nombre, Detalle, ID_cliente, ID_Compania) values (69, 'TDC Visa', '3566585551080518', 69, null);
insert into Medios_de_pago (id, Nombre, Detalle, ID_cliente, ID_Compania) values (70, 'TDC Visa', '5602225755154105', 70, null);
insert into Medios_de_pago (id, Nombre, Detalle, ID_cliente, ID_Compania) values (71, 'TDC Visa', '3562150540462998', 71, null);
insert into Medios_de_pago (id, Nombre, Detalle, ID_cliente, ID_Compania) values (72, 'TDC Amex', '5542140442099162', 72, null);
insert into Medios_de_pago (id, Nombre, Detalle, ID_cliente, ID_Compania) values (73, 'TDC Amex', '3534052912799335', 73, null);
insert into Medios_de_pago (id, Nombre, Detalle, ID_cliente, ID_Compania) values (74, 'TDC MasterCard', '4405829606871577', 74, null);
insert into Medios_de_pago (id, Nombre, Detalle, ID_cliente, ID_Compania) values (75, 'TDC Visa', '3539908678422302', 75, null);
insert into Medios_de_pago (id, Nombre, Detalle, ID_cliente, ID_Compania) values (76, 'TDC Visa', '3583592027289656', 76, null);
insert into Medios_de_pago (id, Nombre, Detalle, ID_cliente, ID_Compania) values (77, 'TDC MasterCard', '6370258243458539', 77, null);
insert into Medios_de_pago (id, Nombre, Detalle, ID_cliente, ID_Compania) values (78, 'TDC Visa', '5114451897607518', 78, null);
insert into Medios_de_pago (id, Nombre, Detalle, ID_cliente, ID_Compania) values (79, 'TDC MasterCard', '3584410329108806', 79, null);
insert into Medios_de_pago (id, Nombre, Detalle, ID_cliente, ID_Compania) values (80, 'TDC MasterCard', '5048374193640028', 80, null);
insert into Medios_de_pago (id, Nombre, Detalle, ID_cliente, ID_Compania) values (81, 'TDC MasterCard', '3547597876974287', 81, null);
insert into Medios_de_pago (id, Nombre, Detalle, ID_cliente, ID_Compania) values (82, 'TDC MasterCard', '5602233441381884', 82, null);
insert into Medios_de_pago (id, Nombre, Detalle, ID_cliente, ID_Compania) values (83, 'TDC MasterCard', '3557655728188642', 83, null);
insert into Medios_de_pago (id, Nombre, Detalle, ID_cliente, ID_Compania) values (84, 'TDC MasterCard', '6771595537347430', 84, null);
insert into Medios_de_pago (id, Nombre, Detalle, ID_cliente, ID_Compania) values (85, 'TDC MasterCard', '3569150039119904', 85, null);
insert into Medios_de_pago (id, Nombre, Detalle, ID_cliente, ID_Compania) values (86, 'TDC Visa', '30502338255556', 86, null);
insert into Medios_de_pago (id, Nombre, Detalle, ID_cliente, ID_Compania) values (87, 'TDC Visa', '3528859998325415', 87, 12);
insert into Medios_de_pago (id, Nombre, Detalle, ID_cliente, ID_Compania) values (88, 'TDC Amex', '30367481345251', 88, null);
insert into Medios_de_pago (id, Nombre, Detalle, ID_cliente, ID_Compania) values (89, 'TDC Visa', '6771405543461755', 89, null);
insert into Medios_de_pago (id, Nombre, Detalle, ID_cliente, ID_Compania) values (90, 'TDC Amex', '3569005763635220', 90, 71);
insert into Medios_de_pago (id, Nombre, Detalle, ID_cliente, ID_Compania) values (91, 'TDC Visa', '30166758431822', 91, null);
insert into Medios_de_pago (id, Nombre, Detalle, ID_cliente, ID_Compania) values (92, 'TDC Visa', '6304433897954383168', 92, null);
insert into Medios_de_pago (id, Nombre, Detalle, ID_cliente, ID_Compania) values (93, 'TDC Visa', '36411890262014', 93, null);
insert into Medios_de_pago (id, Nombre, Detalle, ID_cliente, ID_Compania) values (94, 'TDC Amex', '3579406912864083', 94, null);
insert into Medios_de_pago (id, Nombre, Detalle, ID_cliente, ID_Compania) values (95, 'TDC Amex', '3562105861863703', 95, null);
insert into Medios_de_pago (id, Nombre, Detalle, ID_cliente, ID_Compania) values (96, 'TDC MasterCard', '3543199193577390', 96, null);
insert into Medios_de_pago (id, Nombre, Detalle, ID_cliente, ID_Compania) values (97, 'TDC MasterCard', '5602229180343937', 97, null);
insert into Medios_de_pago (id, Nombre, Detalle, ID_cliente, ID_Compania) values (98, 'TDC Visa', '3565965907511153', 98, null);
insert into Medios_de_pago (id, Nombre, Detalle, ID_cliente, ID_Compania) values (99, 'TDC Visa', '4905447245049884222', 99, null);
insert into Medios_de_pago (id, Nombre, Detalle, ID_cliente, ID_Compania) values (100, 'TDC MasterCard', '3555161851156524', 100, null);
insert into Medios_de_pago (id, Nombre, Detalle, ID_cliente, ID_Compania) values (101, 'TDC MasterCard', '3588625843778232', 101, 456);
insert into Medios_de_pago (id, Nombre, Detalle, ID_cliente, ID_Compania) values (102, 'TDC Amex', '30105635028500', 102, null);
insert into Medios_de_pago (id, Nombre, Detalle, ID_cliente, ID_Compania) values (103, 'TDC Visa', '633110346788387134', 103, null);
insert into Medios_de_pago (id, Nombre, Detalle, ID_cliente, ID_Compania) values (104, 'TDC Visa', '201768429346926', 104, null);
insert into Medios_de_pago (id, Nombre, Detalle, ID_cliente, ID_Compania) values (105, 'TDC Visa', '5002353036691368', 105, null);
insert into Medios_de_pago (id, Nombre, Detalle, ID_cliente, ID_Compania) values (106, 'TDC Visa', '3565740079538122', 106, null);
insert into Medios_de_pago (id, Nombre, Detalle, ID_cliente, ID_Compania) values (107, 'TDC MasterCard', '5602245408721621', 107, null);
insert into Medios_de_pago (id, Nombre, Detalle, ID_cliente, ID_Compania) values (108, 'TDC Amex', '4175007021507583', 108, null);
insert into Medios_de_pago (id, Nombre, Detalle, ID_cliente, ID_Compania) values (109, 'TDC Amex', '4903394242117408826', 109, null);
insert into Medios_de_pago (id, Nombre, Detalle, ID_cliente, ID_Compania) values (110, 'TDC MasterCard', '6373736279374172', 110, 128);
insert into Medios_de_pago (id, Nombre, Detalle, ID_cliente, ID_Compania) values (111, 'TDC MasterCard', '5002357019429944', 111, 77);
insert into Medios_de_pago (id, Nombre, Detalle, ID_cliente, ID_Compania) values (112, 'TDC Amex', '3569661183256656', 112, null);
insert into Medios_de_pago (id, Nombre, Detalle, ID_cliente, ID_Compania) values (113, 'TDC MasterCard', '3534966403921803', 113, null);
insert into Medios_de_pago (id, Nombre, Detalle, ID_cliente, ID_Compania) values (114, 'TDC Amex', '6304843125495425346', 114, null);
insert into Medios_de_pago (id, Nombre, Detalle, ID_cliente, ID_Compania) values (115, 'TDC MasterCard', '5262834841505492', 115, null);
insert into Medios_de_pago (id, Nombre, Detalle, ID_cliente, ID_Compania) values (116, 'TDC Visa', '4405409363577103', 116, null);
insert into Medios_de_pago (id, Nombre, Detalle, ID_cliente, ID_Compania) values (117, 'TDC Visa', '3537101131177885', 117, null);
insert into Medios_de_pago (id, Nombre, Detalle, ID_cliente, ID_Compania) values (118, 'TDC Amex', '3544669074029207', 118, null);
insert into Medios_de_pago (id, Nombre, Detalle, ID_cliente, ID_Compania) values (119, 'TDC Amex', '3534085139521280', 119, null);
insert into Medios_de_pago (id, Nombre, Detalle, ID_cliente, ID_Compania) values (120, 'TDC Visa', '3528149924107545', 120, null);
insert into Medios_de_pago (id, Nombre, Detalle, ID_cliente, ID_Compania) values (121, 'TDC Amex', '5368500533270967', 121, null);
insert into Medios_de_pago (id, Nombre, Detalle, ID_cliente, ID_Compania) values (122, 'TDC MasterCard', '5563317387754035', 122, null);
insert into Medios_de_pago (id, Nombre, Detalle, ID_cliente, ID_Compania) values (123, 'TDC MasterCard', '3585192149236855', 123, null);
insert into Medios_de_pago (id, Nombre, Detalle, ID_cliente, ID_Compania) values (124, 'TDC Visa', '633110696442528055', 124, null);
insert into Medios_de_pago (id, Nombre, Detalle, ID_cliente, ID_Compania) values (125, 'TDC Visa', '5443434652689352', 125, null);
insert into Medios_de_pago (id, Nombre, Detalle, ID_cliente, ID_Compania) values (126, 'TDC Visa', '6762610161717286', 126, null);
insert into Medios_de_pago (id, Nombre, Detalle, ID_cliente, ID_Compania) values (127, 'TDC MasterCard', '372301883488621', 127, null);
insert into Medios_de_pago (id, Nombre, Detalle, ID_cliente, ID_Compania) values (128, 'TDC MasterCard', '5610665760894419981', 128, null);
insert into Medios_de_pago (id, Nombre, Detalle, ID_cliente, ID_Compania) values (129, 'TDC Visa', '3565148700890856', 129, null);
insert into Medios_de_pago (id, Nombre, Detalle, ID_cliente, ID_Compania) values (130, 'TDC Amex', '3553717079346684', 130, null);
insert into Medios_de_pago (id, Nombre, Detalle, ID_cliente, ID_Compania) values (131, 'TDC MasterCard', '3565664725255602', 131, null);
insert into Medios_de_pago (id, Nombre, Detalle, ID_cliente, ID_Compania) values (132, 'TDC Amex', '5321621266063274', 132, null);
insert into Medios_de_pago (id, Nombre, Detalle, ID_cliente, ID_Compania) values (133, 'TDC Amex', '3582983812456777', 133, null);
insert into Medios_de_pago (id, Nombre, Detalle, ID_cliente, ID_Compania) values (134, 'TDC Amex', '3586668636325318', 134, null);
insert into Medios_de_pago (id, Nombre, Detalle, ID_cliente, ID_Compania) values (135, 'TDC Visa', '372301456043886', 135, null);
insert into Medios_de_pago (id, Nombre, Detalle, ID_cliente, ID_Compania) values (136, 'TDC Amex', '201612484216808', 136, null);
insert into Medios_de_pago (id, Nombre, Detalle, ID_cliente, ID_Compania) values (137, 'TDC MasterCard', '378927793527050', 137, 70);
insert into Medios_de_pago (id, Nombre, Detalle, ID_cliente, ID_Compania) values (138, 'TDC Visa', '3578594389174150', 138, null);
insert into Medios_de_pago (id, Nombre, Detalle, ID_cliente, ID_Compania) values (139, 'TDC MasterCard', '5491227637724257', 139, null);
insert into Medios_de_pago (id, Nombre, Detalle, ID_cliente, ID_Compania) values (140, 'TDC Visa', '3551412875781910', 140, null);
insert into Medios_de_pago (id, Nombre, Detalle, ID_cliente, ID_Compania) values (141, 'TDC MasterCard', '4385385848917', 141, null);
insert into Medios_de_pago (id, Nombre, Detalle, ID_cliente, ID_Compania) values (142, 'TDC Amex', '201931405376974', 142, null);
insert into Medios_de_pago (id, Nombre, Detalle, ID_cliente, ID_Compania) values (143, 'TDC Amex', '5602241811099002', 143, null);
insert into Medios_de_pago (id, Nombre, Detalle, ID_cliente, ID_Compania) values (144, 'TDC Visa', '3574110738573820', 144, null);
insert into Medios_de_pago (id, Nombre, Detalle, ID_cliente, ID_Compania) values (145, 'TDC Amex', '3576594018000661', 145, null);
insert into Medios_de_pago (id, Nombre, Detalle, ID_cliente, ID_Compania) values (146, 'TDC Amex', '3582734296629391', 146, null);
insert into Medios_de_pago (id, Nombre, Detalle, ID_cliente, ID_Compania) values (147, 'TDC Amex', '3543025524160632', 147, 107);
insert into Medios_de_pago (id, Nombre, Detalle, ID_cliente, ID_Compania) values (148, 'TDC MasterCard', '5579398395297482', 148, 475);
insert into Medios_de_pago (id, Nombre, Detalle, ID_cliente, ID_Compania) values (149, 'TDC Amex', '5602225447444039', 149, null);
insert into Medios_de_pago (id, Nombre, Detalle, ID_cliente, ID_Compania) values (150, 'TDC MasterCard', '6761132226040282', 150, 13);
insert into Medios_de_pago (id, Nombre, Detalle, ID_cliente, ID_Compania) values (151, 'TDC Amex', '4041596820381', 151, null);
insert into Medios_de_pago (id, Nombre, Detalle, ID_cliente, ID_Compania) values (152, 'TDC MasterCard', '3571308771474434', 152, null);
insert into Medios_de_pago (id, Nombre, Detalle, ID_cliente, ID_Compania) values (153, 'TDC Amex', '4026929515609263', 153, null);
insert into Medios_de_pago (id, Nombre, Detalle, ID_cliente, ID_Compania) values (154, 'TDC Amex', '5602257205094987', 154, null);
insert into Medios_de_pago (id, Nombre, Detalle, ID_cliente, ID_Compania) values (155, 'TDC Visa', '3543267999022547', 155, null);
insert into Medios_de_pago (id, Nombre, Detalle, ID_cliente, ID_Compania) values (156, 'TDC MasterCard', '3547258517115067', 156, null);
insert into Medios_de_pago (id, Nombre, Detalle, ID_cliente, ID_Compania) values (157, 'TDC Amex', '201559608567428', 157, null);
insert into Medios_de_pago (id, Nombre, Detalle, ID_cliente, ID_Compania) values (158, 'TDC MasterCard', '67615846188562146', 158, null);
insert into Medios_de_pago (id, Nombre, Detalle, ID_cliente, ID_Compania) values (159, 'TDC Amex', '3541524218319589', 159, null);
insert into Medios_de_pago (id, Nombre, Detalle, ID_cliente, ID_Compania) values (160, 'TDC MasterCard', '4844347288919613', 160, null);
insert into Medios_de_pago (id, Nombre, Detalle, ID_cliente, ID_Compania) values (161, 'TDC MasterCard', '4026911892669920', 161, null);
insert into Medios_de_pago (id, Nombre, Detalle, ID_cliente, ID_Compania) values (162, 'TDC Amex', '675904540898506713', 162, null);
insert into Medios_de_pago (id, Nombre, Detalle, ID_cliente, ID_Compania) values (163, 'TDC Amex', '201634329299286', 163, null);
insert into Medios_de_pago (id, Nombre, Detalle, ID_cliente, ID_Compania) values (164, 'TDC Amex', '3540772891506235', 164, null);
insert into Medios_de_pago (id, Nombre, Detalle, ID_cliente, ID_Compania) values (165, 'TDC Amex', '5581680768730819', 165, 14);
insert into Medios_de_pago (id, Nombre, Detalle, ID_cliente, ID_Compania) values (166, 'TDC MasterCard', '3546673223794339', 166, null);
insert into Medios_de_pago (id, Nombre, Detalle, ID_cliente, ID_Compania) values (167, 'TDC MasterCard', '4508190406365542', 167, null);
insert into Medios_de_pago (id, Nombre, Detalle, ID_cliente, ID_Compania) values (168, 'TDC MasterCard', '3565081123509540', 168, null);
insert into Medios_de_pago (id, Nombre, Detalle, ID_cliente, ID_Compania) values (169, 'TDC MasterCard', '5018837667097863', 169, null);
insert into Medios_de_pago (id, Nombre, Detalle, ID_cliente, ID_Compania) values (170, 'TDC Visa', '3569692111763877', 170, null);
insert into Medios_de_pago (id, Nombre, Detalle, ID_cliente, ID_Compania) values (171, 'TDC Amex', '6759960432420599', 171, null);
insert into Medios_de_pago (id, Nombre, Detalle, ID_cliente, ID_Compania) values (172, 'TDC Visa', '3588885201997978', 172, null);
insert into Medios_de_pago (id, Nombre, Detalle, ID_cliente, ID_Compania) values (173, 'TDC MasterCard', '5602244309140101329', 173, null);
insert into Medios_de_pago (id, Nombre, Detalle, ID_cliente, ID_Compania) values (174, 'TDC MasterCard', '6771788719634002', 174, 412);
insert into Medios_de_pago (id, Nombre, Detalle, ID_cliente, ID_Compania) values (175, 'TDC MasterCard', '3582443136372929', 175, null);
insert into Medios_de_pago (id, Nombre, Detalle, ID_cliente, ID_Compania) values (176, 'TDC Visa', '3547025360239462', 176, null);
insert into Medios_de_pago (id, Nombre, Detalle, ID_cliente, ID_Compania) values (177, 'TDC Visa', '3537251426234279', 177, null);
insert into Medios_de_pago (id, Nombre, Detalle, ID_cliente, ID_Compania) values (178, 'TDC Visa', '3561304805785020', 178, null);
insert into Medios_de_pago (id, Nombre, Detalle, ID_cliente, ID_Compania) values (179, 'TDC Amex', '676743581363068626', 179, null);
insert into Medios_de_pago (id, Nombre, Detalle, ID_cliente, ID_Compania) values (180, 'TDC Amex', '6763620670337241944', 180, null);
insert into Medios_de_pago (id, Nombre, Detalle, ID_cliente, ID_Compania) values (181, 'TDC MasterCard', '3563491986372187', 181, 359);
insert into Medios_de_pago (id, Nombre, Detalle, ID_cliente, ID_Compania) values (182, 'TDC Amex', '3584285784056892', 182, 379);
insert into Medios_de_pago (id, Nombre, Detalle, ID_cliente, ID_Compania) values (183, 'TDC MasterCard', '3552704416529017', 183, null);
insert into Medios_de_pago (id, Nombre, Detalle, ID_cliente, ID_Compania) values (184, 'TDC Amex', '3540620376368045', 184, 222);
insert into Medios_de_pago (id, Nombre, Detalle, ID_cliente, ID_Compania) values (185, 'TDC MasterCard', '3549927661543955', 185, null);
insert into Medios_de_pago (id, Nombre, Detalle, ID_cliente, ID_Compania) values (186, 'TDC MasterCard', '201838650033723', 186, null);
insert into Medios_de_pago (id, Nombre, Detalle, ID_cliente, ID_Compania) values (187, 'TDC MasterCard', '3563208395832969', 187, null);
insert into Medios_de_pago (id, Nombre, Detalle, ID_cliente, ID_Compania) values (188, 'TDC Visa', '3561336781546240', 188, null);
insert into Medios_de_pago (id, Nombre, Detalle, ID_cliente, ID_Compania) values (189, 'TDC MasterCard', '3579450298784473', 189, null);
insert into Medios_de_pago (id, Nombre, Detalle, ID_cliente, ID_Compania) values (190, 'TDC Amex', '3581076911121540', 190, 233);
insert into Medios_de_pago (id, Nombre, Detalle, ID_cliente, ID_Compania) values (191, 'TDC Amex', '5160048588991517', 191, null);
insert into Medios_de_pago (id, Nombre, Detalle, ID_cliente, ID_Compania) values (192, 'TDC MasterCard', '67625899909709619', 192, null);
insert into Medios_de_pago (id, Nombre, Detalle, ID_cliente, ID_Compania) values (193, 'TDC Amex', '30230525349996', 193, 212);
insert into Medios_de_pago (id, Nombre, Detalle, ID_cliente, ID_Compania) values (194, 'TDC MasterCard', '6393861814912330', 194, null);
insert into Medios_de_pago (id, Nombre, Detalle, ID_cliente, ID_Compania) values (195, 'TDC Amex', '5537714088087330', 195, null);
insert into Medios_de_pago (id, Nombre, Detalle, ID_cliente, ID_Compania) values (196, 'TDC Visa', '3587940699259190', 196, null);
insert into Medios_de_pago (id, Nombre, Detalle, ID_cliente, ID_Compania) values (197, 'TDC Visa', '5167284157924000', 197, null);
insert into Medios_de_pago (id, Nombre, Detalle, ID_cliente, ID_Compania) values (198, 'TDC MasterCard', '3528022518691697', 198, null);
insert into Medios_de_pago (id, Nombre, Detalle, ID_cliente, ID_Compania) values (199, 'TDC MasterCard', '3572264854669516', 199, null);
insert into Medios_de_pago (id, Nombre, Detalle, ID_cliente, ID_Compania) values (200, 'TDC Amex', '3585548166820972', 200, null);
insert into Medios_de_pago (id, Nombre, Detalle, ID_cliente, ID_Compania) values (201, 'TDC Visa', '5100174859262611', 201, null);
insert into Medios_de_pago (id, Nombre, Detalle, ID_cliente, ID_Compania) values (202, 'TDC MasterCard', '3585116613987693', 202, null);
insert into Medios_de_pago (id, Nombre, Detalle, ID_cliente, ID_Compania) values (203, 'TDC Amex', '676119932380152818', 203, null);
insert into Medios_de_pago (id, Nombre, Detalle, ID_cliente, ID_Compania) values (204, 'TDC Amex', '3573074809361856', 204, null);
insert into Medios_de_pago (id, Nombre, Detalle, ID_cliente, ID_Compania) values (205, 'TDC Amex', '561010325159512037', 205, 190);
insert into Medios_de_pago (id, Nombre, Detalle, ID_cliente, ID_Compania) values (206, 'TDC Amex', '201449767536168', 206, 256);
insert into Medios_de_pago (id, Nombre, Detalle, ID_cliente, ID_Compania) values (207, 'TDC Amex', '337941731745161', 207, null);
insert into Medios_de_pago (id, Nombre, Detalle, ID_cliente, ID_Compania) values (208, 'TDC Visa', '5610990632987114', 208, 189);
insert into Medios_de_pago (id, Nombre, Detalle, ID_cliente, ID_Compania) values (209, 'TDC MasterCard', '3573374702612169', 209, null);
insert into Medios_de_pago (id, Nombre, Detalle, ID_cliente, ID_Compania) values (210, 'TDC MasterCard', '3559783547196543', 210, null);
insert into Medios_de_pago (id, Nombre, Detalle, ID_cliente, ID_Compania) values (211, 'TDC Visa', '5602218530983484', 211, null);
insert into Medios_de_pago (id, Nombre, Detalle, ID_cliente, ID_Compania) values (212, 'TDC MasterCard', '5602226919069258777', 212, 49);
insert into Medios_de_pago (id, Nombre, Detalle, ID_cliente, ID_Compania) values (213, 'TDC Visa', '6767263263244021907', 213, null);
insert into Medios_de_pago (id, Nombre, Detalle, ID_cliente, ID_Compania) values (214, 'TDC MasterCard', '3582580846152701', 214, null);
insert into Medios_de_pago (id, Nombre, Detalle, ID_cliente, ID_Compania) values (215, 'TDC Amex', '3533075903092296', 215, null);
insert into Medios_de_pago (id, Nombre, Detalle, ID_cliente, ID_Compania) values (216, 'TDC Amex', '374283884391723', 216, null);
insert into Medios_de_pago (id, Nombre, Detalle, ID_cliente, ID_Compania) values (217, 'TDC Amex', '5602248477622316', 217, null);
insert into Medios_de_pago (id, Nombre, Detalle, ID_cliente, ID_Compania) values (218, 'TDC MasterCard', '3542763271505291', 218, null);
insert into Medios_de_pago (id, Nombre, Detalle, ID_cliente, ID_Compania) values (219, 'TDC MasterCard', '4905241536662020500', 219, null);
insert into Medios_de_pago (id, Nombre, Detalle, ID_cliente, ID_Compania) values (220, 'TDC MasterCard', '5038515789725267224', 220, null);
insert into Medios_de_pago (id, Nombre, Detalle, ID_cliente, ID_Compania) values (221, 'TDC MasterCard', '5610708891300252', 221, 74);
insert into Medios_de_pago (id, Nombre, Detalle, ID_cliente, ID_Compania) values (222, 'TDC Amex', '3534941241412646', 222, 260);
insert into Medios_de_pago (id, Nombre, Detalle, ID_cliente, ID_Compania) values (223, 'TDC MasterCard', '3545359172935278', 223, null);
insert into Medios_de_pago (id, Nombre, Detalle, ID_cliente, ID_Compania) values (224, 'TDC Amex', '5893782238700431', 224, null);
insert into Medios_de_pago (id, Nombre, Detalle, ID_cliente, ID_Compania) values (225, 'TDC MasterCard', '5257291415383896', 225, null);
insert into Medios_de_pago (id, Nombre, Detalle, ID_cliente, ID_Compania) values (226, 'TDC MasterCard', '5602254434935526899', 226, null);
insert into Medios_de_pago (id, Nombre, Detalle, ID_cliente, ID_Compania) values (227, 'TDC Visa', '5546015650059882', 227, null);
insert into Medios_de_pago (id, Nombre, Detalle, ID_cliente, ID_Compania) values (228, 'TDC Amex', '4405198035977946', 228, null);
insert into Medios_de_pago (id, Nombre, Detalle, ID_cliente, ID_Compania) values (229, 'TDC MasterCard', '4026618514113977', 229, null);
insert into Medios_de_pago (id, Nombre, Detalle, ID_cliente, ID_Compania) values (230, 'TDC Amex', '4405745628603709', 230, null);
insert into Medios_de_pago (id, Nombre, Detalle, ID_cliente, ID_Compania) values (231, 'TDC Visa', '3549529030965719', 231, null);
insert into Medios_de_pago (id, Nombre, Detalle, ID_cliente, ID_Compania) values (232, 'TDC MasterCard', '3546251379565355', 232, null);
insert into Medios_de_pago (id, Nombre, Detalle, ID_cliente, ID_Compania) values (233, 'TDC MasterCard', '3554538034478761', 233, null);
insert into Medios_de_pago (id, Nombre, Detalle, ID_cliente, ID_Compania) values (234, 'TDC Amex', '5020662903076232195', 234, 19);
insert into Medios_de_pago (id, Nombre, Detalle, ID_cliente, ID_Compania) values (235, 'TDC Visa', '3530463493087459', 235, null);
insert into Medios_de_pago (id, Nombre, Detalle, ID_cliente, ID_Compania) values (236, 'TDC Visa', '3531847651270247', 236, null);
insert into Medios_de_pago (id, Nombre, Detalle, ID_cliente, ID_Compania) values (237, 'TDC MasterCard', '3583185132255405', 237, null);
insert into Medios_de_pago (id, Nombre, Detalle, ID_cliente, ID_Compania) values (238, 'TDC Visa', '3532074979502719', 238, null);
insert into Medios_de_pago (id, Nombre, Detalle, ID_cliente, ID_Compania) values (239, 'TDC MasterCard', '36182847017161', 239, null);
insert into Medios_de_pago (id, Nombre, Detalle, ID_cliente, ID_Compania) values (240, 'TDC Visa', '4678647317790120', 240, null);
insert into Medios_de_pago (id, Nombre, Detalle, ID_cliente, ID_Compania) values (241, 'TDC Visa', '5020539468031515', 241, null);
insert into Medios_de_pago (id, Nombre, Detalle, ID_cliente, ID_Compania) values (242, 'TDC Amex', '3562310226119169', 242, null);
insert into Medios_de_pago (id, Nombre, Detalle, ID_cliente, ID_Compania) values (243, 'TDC MasterCard', '4508291259706525', 243, null);
insert into Medios_de_pago (id, Nombre, Detalle, ID_cliente, ID_Compania) values (244, 'TDC Visa', '3543539767850816', 244, null);
insert into Medios_de_pago (id, Nombre, Detalle, ID_cliente, ID_Compania) values (245, 'TDC MasterCard', '340274386423297', 245, null);
insert into Medios_de_pago (id, Nombre, Detalle, ID_cliente, ID_Compania) values (246, 'TDC MasterCard', '3585466285224945', 246, 37);
insert into Medios_de_pago (id, Nombre, Detalle, ID_cliente, ID_Compania) values (247, 'TDC Visa', '36810007908312', 247, null);
insert into Medios_de_pago (id, Nombre, Detalle, ID_cliente, ID_Compania) values (248, 'TDC Visa', '3535256961069719', 248, null);
insert into Medios_de_pago (id, Nombre, Detalle, ID_cliente, ID_Compania) values (249, 'TDC Amex', '3570627572739914', 249, null);
insert into Medios_de_pago (id, Nombre, Detalle, ID_cliente, ID_Compania) values (250, 'TDC Visa', '5002352028811422', 250, 478);
insert into Medios_de_pago (id, Nombre, Detalle, ID_cliente, ID_Compania) values (251, 'TDC Visa', '374288444151608', 251, null);
insert into Medios_de_pago (id, Nombre, Detalle, ID_cliente, ID_Compania) values (252, 'TDC Visa', '6304210257081412217', 252, null);
insert into Medios_de_pago (id, Nombre, Detalle, ID_cliente, ID_Compania) values (253, 'TDC MasterCard', '3581426405210681', 253, null);
insert into Medios_de_pago (id, Nombre, Detalle, ID_cliente, ID_Compania) values (254, 'TDC Visa', '4405539207836602', 254, null);
insert into Medios_de_pago (id, Nombre, Detalle, ID_cliente, ID_Compania) values (255, 'TDC Amex', '630439549600697669', 255, null);
insert into Medios_de_pago (id, Nombre, Detalle, ID_cliente, ID_Compania) values (256, 'TDC Visa', '676341940035754557', 256, 154);
insert into Medios_de_pago (id, Nombre, Detalle, ID_cliente, ID_Compania) values (257, 'TDC Visa', '337941868807727', 257, null);
insert into Medios_de_pago (id, Nombre, Detalle, ID_cliente, ID_Compania) values (258, 'TDC Amex', '3557890682395681', 258, null);
insert into Medios_de_pago (id, Nombre, Detalle, ID_cliente, ID_Compania) values (259, 'TDC Amex', '6767701138486363', 259, null);
insert into Medios_de_pago (id, Nombre, Detalle, ID_cliente, ID_Compania) values (260, 'TDC MasterCard', '3545134003057695', 260, null);
insert into Medios_de_pago (id, Nombre, Detalle, ID_cliente, ID_Compania) values (261, 'TDC MasterCard', '201732267430408', 261, null);
insert into Medios_de_pago (id, Nombre, Detalle, ID_cliente, ID_Compania) values (262, 'TDC Amex', '3567317637652667', 262, null);
insert into Medios_de_pago (id, Nombre, Detalle, ID_cliente, ID_Compania) values (263, 'TDC Amex', '3567225841071956', 263, 100);
insert into Medios_de_pago (id, Nombre, Detalle, ID_cliente, ID_Compania) values (264, 'TDC Visa', '3529301459829782', 264, null);
insert into Medios_de_pago (id, Nombre, Detalle, ID_cliente, ID_Compania) values (265, 'TDC Amex', '5602230718008604', 265, 122);
insert into Medios_de_pago (id, Nombre, Detalle, ID_cliente, ID_Compania) values (266, 'TDC MasterCard', '5018318057952702', 266, null);
insert into Medios_de_pago (id, Nombre, Detalle, ID_cliente, ID_Compania) values (267, 'TDC Amex', '374288577989873', 267, null);
insert into Medios_de_pago (id, Nombre, Detalle, ID_cliente, ID_Compania) values (268, 'TDC Visa', '5602229133547758', 268, 272);
insert into Medios_de_pago (id, Nombre, Detalle, ID_cliente, ID_Compania) values (269, 'TDC Amex', '3550007208306418', 269, 188);
insert into Medios_de_pago (id, Nombre, Detalle, ID_cliente, ID_Compania) values (270, 'TDC MasterCard', '4844187383648174', 270, null);
insert into Medios_de_pago (id, Nombre, Detalle, ID_cliente, ID_Compania) values (271, 'TDC MasterCard', '201582487327581', 271, 442);
insert into Medios_de_pago (id, Nombre, Detalle, ID_cliente, ID_Compania) values (272, 'TDC MasterCard', '3571697045283930', 272, null);
insert into Medios_de_pago (id, Nombre, Detalle, ID_cliente, ID_Compania) values (273, 'TDC Amex', '3532292877205587', 273, null);
insert into Medios_de_pago (id, Nombre, Detalle, ID_cliente, ID_Compania) values (274, 'TDC MasterCard', '337941000294446', 274, null);
insert into Medios_de_pago (id, Nombre, Detalle, ID_cliente, ID_Compania) values (275, 'TDC MasterCard', '3589293670593874', 275, 187);
insert into Medios_de_pago (id, Nombre, Detalle, ID_cliente, ID_Compania) values (276, 'TDC MasterCard', '201678042953620', 276, null);
insert into Medios_de_pago (id, Nombre, Detalle, ID_cliente, ID_Compania) values (277, 'TDC Amex', '372301557489566', 277, null);
insert into Medios_de_pago (id, Nombre, Detalle, ID_cliente, ID_Compania) values (278, 'TDC MasterCard', '3552872343872758', 278, 127);
insert into Medios_de_pago (id, Nombre, Detalle, ID_cliente, ID_Compania) values (279, 'TDC MasterCard', '3544291936822461', 279, null);
insert into Medios_de_pago (id, Nombre, Detalle, ID_cliente, ID_Compania) values (280, 'TDC Amex', '564182349497628889', 280, null);
insert into Medios_de_pago (id, Nombre, Detalle, ID_cliente, ID_Compania) values (281, 'TDC Visa', '3588149930855472', 281, null);
insert into Medios_de_pago (id, Nombre, Detalle, ID_cliente, ID_Compania) values (282, 'TDC Visa', '3543072950688272', 282, null);
insert into Medios_de_pago (id, Nombre, Detalle, ID_cliente, ID_Compania) values (283, 'TDC Amex', '30436281212233', 283, null);
insert into Medios_de_pago (id, Nombre, Detalle, ID_cliente, ID_Compania) values (284, 'TDC Amex', '374283923164446', 284, null);
insert into Medios_de_pago (id, Nombre, Detalle, ID_cliente, ID_Compania) values (285, 'TDC MasterCard', '3572705501494385', 285, 441);
insert into Medios_de_pago (id, Nombre, Detalle, ID_cliente, ID_Compania) values (286, 'TDC Amex', '5576623822422970', 286, null);
insert into Medios_de_pago (id, Nombre, Detalle, ID_cliente, ID_Compania) values (287, 'TDC Visa', '676735951157589337', 287, null);
insert into Medios_de_pago (id, Nombre, Detalle, ID_cliente, ID_Compania) values (288, 'TDC Visa', '5100145137141579', 288, null);
insert into Medios_de_pago (id, Nombre, Detalle, ID_cliente, ID_Compania) values (289, 'TDC MasterCard', '30285317816651', 289, null);
insert into Medios_de_pago (id, Nombre, Detalle, ID_cliente, ID_Compania) values (290, 'TDC Amex', '30525783533599', 290, null);
insert into Medios_de_pago (id, Nombre, Detalle, ID_cliente, ID_Compania) values (291, 'TDC MasterCard', '4844684708154417', 291, null);
insert into Medios_de_pago (id, Nombre, Detalle, ID_cliente, ID_Compania) values (292, 'TDC Visa', '6331102738458630162', 292, null);
insert into Medios_de_pago (id, Nombre, Detalle, ID_cliente, ID_Compania) values (293, 'TDC Amex', '3564364575677952', 293, null);
insert into Medios_de_pago (id, Nombre, Detalle, ID_cliente, ID_Compania) values (294, 'TDC MasterCard', '6709345517992248960', 294, null);
insert into Medios_de_pago (id, Nombre, Detalle, ID_cliente, ID_Compania) values (295, 'TDC Amex', '3557166502209851', 295, null);
insert into Medios_de_pago (id, Nombre, Detalle, ID_cliente, ID_Compania) values (296, 'TDC Amex', '3546675118535412', 296, null);
insert into Medios_de_pago (id, Nombre, Detalle, ID_cliente, ID_Compania) values (297, 'TDC MasterCard', '060439186081653810', 297, null);
insert into Medios_de_pago (id, Nombre, Detalle, ID_cliente, ID_Compania) values (298, 'TDC Visa', '5018214287589960', 298, null);
insert into Medios_de_pago (id, Nombre, Detalle, ID_cliente, ID_Compania) values (299, 'TDC Amex', '6379283472000878', 299, null);
insert into Medios_de_pago (id, Nombre, Detalle, ID_cliente, ID_Compania) values (300, 'TDC Visa', '5525942888647128', 300, null);
insert into Medios_de_pago (id, Nombre, Detalle, ID_cliente, ID_Compania) values (301, 'TDC Amex', '30087582364841', 301, 436);
insert into Medios_de_pago (id, Nombre, Detalle, ID_cliente, ID_Compania) values (302, 'TDC MasterCard', '5100138010959738', 302, null);
insert into Medios_de_pago (id, Nombre, Detalle, ID_cliente, ID_Compania) values (303, 'TDC MasterCard', '30316722899402', 303, null);
insert into Medios_de_pago (id, Nombre, Detalle, ID_cliente, ID_Compania) values (304, 'TDC MasterCard', '3537895910209120', 304, null);
insert into Medios_de_pago (id, Nombre, Detalle, ID_cliente, ID_Compania) values (305, 'TDC MasterCard', '3572938185630822', 305, null);
insert into Medios_de_pago (id, Nombre, Detalle, ID_cliente, ID_Compania) values (306, 'TDC Visa', '630408328554949401', 306, 75);
insert into Medios_de_pago (id, Nombre, Detalle, ID_cliente, ID_Compania) values (307, 'TDC Amex', '3577210604945297', 307, 68);
insert into Medios_de_pago (id, Nombre, Detalle, ID_cliente, ID_Compania) values (308, 'TDC Amex', '5100135586805741', 308, null);
insert into Medios_de_pago (id, Nombre, Detalle, ID_cliente, ID_Compania) values (309, 'TDC MasterCard', '3533162446120535', 309, null);
insert into Medios_de_pago (id, Nombre, Detalle, ID_cliente, ID_Compania) values (310, 'TDC Visa', '3589208377342870', 310, 121);
insert into Medios_de_pago (id, Nombre, Detalle, ID_cliente, ID_Compania) values (311, 'TDC MasterCard', '3568765353825041', 311, 248);
insert into Medios_de_pago (id, Nombre, Detalle, ID_cliente, ID_Compania) values (312, 'TDC MasterCard', '3571319526963589', 312, null);
insert into Medios_de_pago (id, Nombre, Detalle, ID_cliente, ID_Compania) values (313, 'TDC Amex', '3547843808989112', 313, 348);
insert into Medios_de_pago (id, Nombre, Detalle, ID_cliente, ID_Compania) values (314, 'TDC Amex', '3539516082663112', 314, null);
insert into Medios_de_pago (id, Nombre, Detalle, ID_cliente, ID_Compania) values (315, 'TDC Visa', '3533575649222594', 315, 255);
insert into Medios_de_pago (id, Nombre, Detalle, ID_cliente, ID_Compania) values (316, 'TDC Amex', '5102711054108251', 316, null);
insert into Medios_de_pago (id, Nombre, Detalle, ID_cliente, ID_Compania) values (317, 'TDC Visa', '4903731206136873304', 317, null);
insert into Medios_de_pago (id, Nombre, Detalle, ID_cliente, ID_Compania) values (318, 'TDC MasterCard', '3560625783038284', 318, null);
insert into Medios_de_pago (id, Nombre, Detalle, ID_cliente, ID_Compania) values (319, 'TDC MasterCard', '3567144384553264', 319, null);
insert into Medios_de_pago (id, Nombre, Detalle, ID_cliente, ID_Compania) values (320, 'TDC Visa', '3546975427997083', 320, 103);
insert into Medios_de_pago (id, Nombre, Detalle, ID_cliente, ID_Compania) values (321, 'TDC MasterCard', '5002357786183500', 321, null);
insert into Medios_de_pago (id, Nombre, Detalle, ID_cliente, ID_Compania) values (322, 'TDC Amex', '3567753523400227', 322, null);
insert into Medios_de_pago (id, Nombre, Detalle, ID_cliente, ID_Compania) values (323, 'TDC Amex', '3553354144106826', 323, null);
insert into Medios_de_pago (id, Nombre, Detalle, ID_cliente, ID_Compania) values (324, 'TDC Amex', '5108754956720314', 324, null);
insert into Medios_de_pago (id, Nombre, Detalle, ID_cliente, ID_Compania) values (325, 'TDC Amex', '3557094222328621', 325, 307);
insert into Medios_de_pago (id, Nombre, Detalle, ID_cliente, ID_Compania) values (326, 'TDC Visa', '4913210891342118', 326, null);
insert into Medios_de_pago (id, Nombre, Detalle, ID_cliente, ID_Compania) values (327, 'TDC Amex', '63041110413061918', 327, null);
insert into Medios_de_pago (id, Nombre, Detalle, ID_cliente, ID_Compania) values (328, 'TDC Amex', '3556115750281980', 328, null);
insert into Medios_de_pago (id, Nombre, Detalle, ID_cliente, ID_Compania) values (329, 'TDC Visa', '5108751235475371', 329, null);
insert into Medios_de_pago (id, Nombre, Detalle, ID_cliente, ID_Compania) values (330, 'TDC Amex', '4175008061106112', 330, 29);
insert into Medios_de_pago (id, Nombre, Detalle, ID_cliente, ID_Compania) values (331, 'TDC MasterCard', '3544248608034957', 331, null);
insert into Medios_de_pago (id, Nombre, Detalle, ID_cliente, ID_Compania) values (332, 'TDC Amex', '4822801122626', 332, null);
insert into Medios_de_pago (id, Nombre, Detalle, ID_cliente, ID_Compania) values (333, 'TDC Visa', '630430242895363606', 333, null);
insert into Medios_de_pago (id, Nombre, Detalle, ID_cliente, ID_Compania) values (334, 'TDC Amex', '5152921756775005', 334, null);
insert into Medios_de_pago (id, Nombre, Detalle, ID_cliente, ID_Compania) values (335, 'TDC MasterCard', '30275193872654', 335, 6);
insert into Medios_de_pago (id, Nombre, Detalle, ID_cliente, ID_Compania) values (336, 'TDC Amex', '3530629913290689', 336, null);
insert into Medios_de_pago (id, Nombre, Detalle, ID_cliente, ID_Compania) values (337, 'TDC MasterCard', '3573995427854106', 337, null);
insert into Medios_de_pago (id, Nombre, Detalle, ID_cliente, ID_Compania) values (338, 'TDC Visa', '491191071605335331', 338, null);
insert into Medios_de_pago (id, Nombre, Detalle, ID_cliente, ID_Compania) values (339, 'TDC Visa', '560223648025867375', 339, null);
insert into Medios_de_pago (id, Nombre, Detalle, ID_cliente, ID_Compania) values (340, 'TDC Visa', '3562935076327023', 340, null);
insert into Medios_de_pago (id, Nombre, Detalle, ID_cliente, ID_Compania) values (341, 'TDC MasterCard', '5100142894066362', 341, null);
insert into Medios_de_pago (id, Nombre, Detalle, ID_cliente, ID_Compania) values (342, 'TDC Visa', '4903232931535668211', 342, null);
insert into Medios_de_pago (id, Nombre, Detalle, ID_cliente, ID_Compania) values (343, 'TDC Amex', '3576814368868891', 343, 10);
insert into Medios_de_pago (id, Nombre, Detalle, ID_cliente, ID_Compania) values (344, 'TDC Visa', '3553984009703216', 344, null);
insert into Medios_de_pago (id, Nombre, Detalle, ID_cliente, ID_Compania) values (345, 'TDC MasterCard', '676721922581760212', 345, null);
insert into Medios_de_pago (id, Nombre, Detalle, ID_cliente, ID_Compania) values (346, 'TDC Amex', '30090180742905', 346, 124);
insert into Medios_de_pago (id, Nombre, Detalle, ID_cliente, ID_Compania) values (347, 'TDC Visa', '3568161431578366', 347, null);
insert into Medios_de_pago (id, Nombre, Detalle, ID_cliente, ID_Compania) values (348, 'TDC Visa', '3577194621307444', 348, null);
insert into Medios_de_pago (id, Nombre, Detalle, ID_cliente, ID_Compania) values (349, 'TDC Amex', '3575926963782581', 349, null);
insert into Medios_de_pago (id, Nombre, Detalle, ID_cliente, ID_Compania) values (350, 'TDC Amex', '50186308812040580', 350, null);
insert into Medios_de_pago (id, Nombre, Detalle, ID_cliente, ID_Compania) values (351, 'TDC Amex', '3585383812347935', 351, 425);
insert into Medios_de_pago (id, Nombre, Detalle, ID_cliente, ID_Compania) values (352, 'TDC MasterCard', '3552781657323706', 352, null);
insert into Medios_de_pago (id, Nombre, Detalle, ID_cliente, ID_Compania) values (353, 'TDC Visa', '4175003409308843', 353, null);
insert into Medios_de_pago (id, Nombre, Detalle, ID_cliente, ID_Compania) values (354, 'TDC MasterCard', '5100148872822577', 354, null);
insert into Medios_de_pago (id, Nombre, Detalle, ID_cliente, ID_Compania) values (355, 'TDC Visa', '5020512987076134172', 355, null);
insert into Medios_de_pago (id, Nombre, Detalle, ID_cliente, ID_Compania) values (356, 'TDC Amex', '3566313594617273', 356, 142);
insert into Medios_de_pago (id, Nombre, Detalle, ID_cliente, ID_Compania) values (357, 'TDC Visa', '3552839883880376', 357, null);
insert into Medios_de_pago (id, Nombre, Detalle, ID_cliente, ID_Compania) values (358, 'TDC Visa', '6763084144927702', 358, null);
insert into Medios_de_pago (id, Nombre, Detalle, ID_cliente, ID_Compania) values (359, 'TDC Visa', '4508841509113078', 359, null);
insert into Medios_de_pago (id, Nombre, Detalle, ID_cliente, ID_Compania) values (360, 'TDC MasterCard', '337941230523564', 360, null);
insert into Medios_de_pago (id, Nombre, Detalle, ID_cliente, ID_Compania) values (361, 'TDC Visa', '3559056912656775', 361, 173);
insert into Medios_de_pago (id, Nombre, Detalle, ID_cliente, ID_Compania) values (362, 'TDC Amex', '30251865583887', 362, null);
insert into Medios_de_pago (id, Nombre, Detalle, ID_cliente, ID_Compania) values (363, 'TDC MasterCard', '3554149679320910', 363, null);
insert into Medios_de_pago (id, Nombre, Detalle, ID_cliente, ID_Compania) values (364, 'TDC MasterCard', '633480197120464996', 364, null);
insert into Medios_de_pago (id, Nombre, Detalle, ID_cliente, ID_Compania) values (365, 'TDC MasterCard', '3572696642308438', 365, null);
insert into Medios_de_pago (id, Nombre, Detalle, ID_cliente, ID_Compania) values (366, 'TDC Amex', '3542792433936854', 366, null);
insert into Medios_de_pago (id, Nombre, Detalle, ID_cliente, ID_Compania) values (367, 'TDC Amex', '4917485737234507', 367, null);
insert into Medios_de_pago (id, Nombre, Detalle, ID_cliente, ID_Compania) values (368, 'TDC Visa', '3553510718501516', 368, null);
insert into Medios_de_pago (id, Nombre, Detalle, ID_cliente, ID_Compania) values (369, 'TDC Visa', '3541727099057760', 369, null);
insert into Medios_de_pago (id, Nombre, Detalle, ID_cliente, ID_Compania) values (370, 'TDC MasterCard', '3576748634806147', 370, null);
insert into Medios_de_pago (id, Nombre, Detalle, ID_cliente, ID_Compania) values (371, 'TDC Visa', '371583735882199', 371, null);
insert into Medios_de_pago (id, Nombre, Detalle, ID_cliente, ID_Compania) values (372, 'TDC Visa', '201758075352971', 372, 258);
insert into Medios_de_pago (id, Nombre, Detalle, ID_cliente, ID_Compania) values (373, 'TDC Amex', '5048375554490143', 373, null);
insert into Medios_de_pago (id, Nombre, Detalle, ID_cliente, ID_Compania) values (374, 'TDC Visa', '36377606649952', 374, null);
insert into Medios_de_pago (id, Nombre, Detalle, ID_cliente, ID_Compania) values (375, 'TDC Amex', '3575066522884261', 375, null);
insert into Medios_de_pago (id, Nombre, Detalle, ID_cliente, ID_Compania) values (376, 'TDC Visa', '374622418962204', 376, null);
insert into Medios_de_pago (id, Nombre, Detalle, ID_cliente, ID_Compania) values (377, 'TDC Amex', '6767877639200550', 377, null);
insert into Medios_de_pago (id, Nombre, Detalle, ID_cliente, ID_Compania) values (378, 'TDC Visa', '3583525761462162', 378, null);
insert into Medios_de_pago (id, Nombre, Detalle, ID_cliente, ID_Compania) values (379, 'TDC Amex', '3540421344128771', 379, null);
insert into Medios_de_pago (id, Nombre, Detalle, ID_cliente, ID_Compania) values (380, 'TDC MasterCard', '3556390550931734', 380, null);
insert into Medios_de_pago (id, Nombre, Detalle, ID_cliente, ID_Compania) values (381, 'TDC Amex', '060450780275528111', 381, null);
insert into Medios_de_pago (id, Nombre, Detalle, ID_cliente, ID_Compania) values (382, 'TDC MasterCard', '30405195572784', 382, null);
insert into Medios_de_pago (id, Nombre, Detalle, ID_cliente, ID_Compania) values (383, 'TDC MasterCard', '5602257997825475119', 383, null);
insert into Medios_de_pago (id, Nombre, Detalle, ID_cliente, ID_Compania) values (384, 'TDC MasterCard', '3532200833880203', 384, 40);
insert into Medios_de_pago (id, Nombre, Detalle, ID_cliente, ID_Compania) values (385, 'TDC Visa', '4017959453330482', 385, null);
insert into Medios_de_pago (id, Nombre, Detalle, ID_cliente, ID_Compania) values (386, 'TDC Visa', '3581866034065164', 386, null);
insert into Medios_de_pago (id, Nombre, Detalle, ID_cliente, ID_Compania) values (387, 'TDC MasterCard', '50205321714059837', 387, null);
insert into Medios_de_pago (id, Nombre, Detalle, ID_cliente, ID_Compania) values (388, 'TDC MasterCard', '30117237565722', 388, null);
insert into Medios_de_pago (id, Nombre, Detalle, ID_cliente, ID_Compania) values (389, 'TDC Amex', '3556261241239912', 389, null);
insert into Medios_de_pago (id, Nombre, Detalle, ID_cliente, ID_Compania) values (390, 'TDC MasterCard', '5020260937971609', 390, 477);
insert into Medios_de_pago (id, Nombre, Detalle, ID_cliente, ID_Compania) values (391, 'TDC MasterCard', '4905759831158209301', 391, null);
insert into Medios_de_pago (id, Nombre, Detalle, ID_cliente, ID_Compania) values (392, 'TDC Amex', '6334633831772563', 392, 56);
insert into Medios_de_pago (id, Nombre, Detalle, ID_cliente, ID_Compania) values (393, 'TDC Visa', '3529266026333644', 393, null);
insert into Medios_de_pago (id, Nombre, Detalle, ID_cliente, ID_Compania) values (394, 'TDC Amex', '6331105009052205141', 394, null);
insert into Medios_de_pago (id, Nombre, Detalle, ID_cliente, ID_Compania) values (395, 'TDC Visa', '6388351942101417', 395, null);
insert into Medios_de_pago (id, Nombre, Detalle, ID_cliente, ID_Compania) values (396, 'TDC Visa', '3531849745909442', 396, null);
insert into Medios_de_pago (id, Nombre, Detalle, ID_cliente, ID_Compania) values (397, 'TDC Visa', '3574374300532537', 397, null);
insert into Medios_de_pago (id, Nombre, Detalle, ID_cliente, ID_Compania) values (398, 'TDC Amex', '502031618434134521', 398, null);
insert into Medios_de_pago (id, Nombre, Detalle, ID_cliente, ID_Compania) values (399, 'TDC Amex', '3566266382766738', 399, null);
insert into Medios_de_pago (id, Nombre, Detalle, ID_cliente, ID_Compania) values (400, 'TDC Visa', '3559524471905073', 400, null);
insert into Medios_de_pago (id, Nombre, Detalle, ID_cliente, ID_Compania) values (401, 'TDC Visa', '3564871795044391', 401, null);
insert into Medios_de_pago (id, Nombre, Detalle, ID_cliente, ID_Compania) values (402, 'TDC Amex', '3531527517196188', 402, null);
insert into Medios_de_pago (id, Nombre, Detalle, ID_cliente, ID_Compania) values (403, 'TDC MasterCard', '6334974480835033054', 403, null);
insert into Medios_de_pago (id, Nombre, Detalle, ID_cliente, ID_Compania) values (404, 'TDC Amex', '3559239256171276', 404, 369);
insert into Medios_de_pago (id, Nombre, Detalle, ID_cliente, ID_Compania) values (405, 'TDC Amex', '4026156996218139', 405, null);
insert into Medios_de_pago (id, Nombre, Detalle, ID_cliente, ID_Compania) values (406, 'TDC Visa', '3585242472365225', 406, 203);
insert into Medios_de_pago (id, Nombre, Detalle, ID_cliente, ID_Compania) values (407, 'TDC Visa', '3542102981204806', 407, null);
insert into Medios_de_pago (id, Nombre, Detalle, ID_cliente, ID_Compania) values (408, 'TDC Visa', '36364933013680', 408, null);
insert into Medios_de_pago (id, Nombre, Detalle, ID_cliente, ID_Compania) values (409, 'TDC Visa', '201408136729227', 409, null);
insert into Medios_de_pago (id, Nombre, Detalle, ID_cliente, ID_Compania) values (410, 'TDC Amex', '3545433579147595', 410, null);
insert into Medios_de_pago (id, Nombre, Detalle, ID_cliente, ID_Compania) values (411, 'TDC Visa', '5472618548981247', 411, null);
insert into Medios_de_pago (id, Nombre, Detalle, ID_cliente, ID_Compania) values (412, 'TDC MasterCard', '3554325399854319', 412, null);
insert into Medios_de_pago (id, Nombre, Detalle, ID_cliente, ID_Compania) values (413, 'TDC Visa', '374622401160576', 413, null);
insert into Medios_de_pago (id, Nombre, Detalle, ID_cliente, ID_Compania) values (414, 'TDC Amex', '3571352446112094', 414, null);
insert into Medios_de_pago (id, Nombre, Detalle, ID_cliente, ID_Compania) values (415, 'TDC Visa', '3535704219783268', 415, null);
insert into Medios_de_pago (id, Nombre, Detalle, ID_cliente, ID_Compania) values (416, 'TDC Visa', '5010127852863123', 416, null);
insert into Medios_de_pago (id, Nombre, Detalle, ID_cliente, ID_Compania) values (417, 'TDC MasterCard', '3558400235776251', 417, null);
insert into Medios_de_pago (id, Nombre, Detalle, ID_cliente, ID_Compania) values (418, 'TDC MasterCard', '4917417291782811', 418, 211);
insert into Medios_de_pago (id, Nombre, Detalle, ID_cliente, ID_Compania) values (419, 'TDC Visa', '4758954044402992', 419, null);
insert into Medios_de_pago (id, Nombre, Detalle, ID_cliente, ID_Compania) values (420, 'TDC Amex', '5641827673297083462', 420, null);
insert into Medios_de_pago (id, Nombre, Detalle, ID_cliente, ID_Compania) values (421, 'TDC Visa', '6762297126407524', 421, null);
insert into Medios_de_pago (id, Nombre, Detalle, ID_cliente, ID_Compania) values (422, 'TDC Visa', '3544529085735087', 422, null);
insert into Medios_de_pago (id, Nombre, Detalle, ID_cliente, ID_Compania) values (423, 'TDC Visa', '201928569119968', 423, null);
insert into Medios_de_pago (id, Nombre, Detalle, ID_cliente, ID_Compania) values (424, 'TDC Visa', '5479208092440163', 424, null);
insert into Medios_de_pago (id, Nombre, Detalle, ID_cliente, ID_Compania) values (425, 'TDC MasterCard', '3535317034976643', 425, null);
insert into Medios_de_pago (id, Nombre, Detalle, ID_cliente, ID_Compania) values (426, 'TDC Visa', '3560831721488611', 426, 481);
insert into Medios_de_pago (id, Nombre, Detalle, ID_cliente, ID_Compania) values (427, 'TDC Visa', '3546623230992830', 427, null);
insert into Medios_de_pago (id, Nombre, Detalle, ID_cliente, ID_Compania) values (428, 'TDC Visa', '6762756891120315', 428, null);
insert into Medios_de_pago (id, Nombre, Detalle, ID_cliente, ID_Compania) values (429, 'TDC MasterCard', '6334713662681792', 429, null);
insert into Medios_de_pago (id, Nombre, Detalle, ID_cliente, ID_Compania) values (430, 'TDC Amex', '5227231362258912', 430, null);
insert into Medios_de_pago (id, Nombre, Detalle, ID_cliente, ID_Compania) values (431, 'TDC Visa', '5369558076762310', 431, 76);
insert into Medios_de_pago (id, Nombre, Detalle, ID_cliente, ID_Compania) values (432, 'TDC Visa', '3545841483875624', 432, null);
insert into Medios_de_pago (id, Nombre, Detalle, ID_cliente, ID_Compania) values (433, 'TDC Visa', '6706154025176035522', 433, null);
insert into Medios_de_pago (id, Nombre, Detalle, ID_cliente, ID_Compania) values (434, 'TDC Visa', '3548641824141240', 434, null);
insert into Medios_de_pago (id, Nombre, Detalle, ID_cliente, ID_Compania) values (435, 'TDC Visa', '3557554823305823', 435, null);
insert into Medios_de_pago (id, Nombre, Detalle, ID_cliente, ID_Compania) values (436, 'TDC MasterCard', '5602222440455526', 436, null);
insert into Medios_de_pago (id, Nombre, Detalle, ID_cliente, ID_Compania) values (437, 'TDC Amex', '5602241137466239172', 437, null);
insert into Medios_de_pago (id, Nombre, Detalle, ID_cliente, ID_Compania) values (438, 'TDC Amex', '3560118807533803', 438, null);
insert into Medios_de_pago (id, Nombre, Detalle, ID_cliente, ID_Compania) values (439, 'TDC Amex', '6304840686023004948', 439, null);
insert into Medios_de_pago (id, Nombre, Detalle, ID_cliente, ID_Compania) values (440, 'TDC MasterCard', '3567176571167805', 440, null);
insert into Medios_de_pago (id, Nombre, Detalle, ID_cliente, ID_Compania) values (441, 'TDC MasterCard', '4041599709268', 441, null);
insert into Medios_de_pago (id, Nombre, Detalle, ID_cliente, ID_Compania) values (442, 'TDC Amex', '5010128138531799', 442, null);
insert into Medios_de_pago (id, Nombre, Detalle, ID_cliente, ID_Compania) values (443, 'TDC Amex', '5325879011790809', 443, null);
insert into Medios_de_pago (id, Nombre, Detalle, ID_cliente, ID_Compania) values (444, 'TDC Amex', '3575722368507552', 444, null);
insert into Medios_de_pago (id, Nombre, Detalle, ID_cliente, ID_Compania) values (445, 'TDC Visa', '3560748205482771', 445, null);
insert into Medios_de_pago (id, Nombre, Detalle, ID_cliente, ID_Compania) values (446, 'TDC MasterCard', '3570790247034440', 446, null);
insert into Medios_de_pago (id, Nombre, Detalle, ID_cliente, ID_Compania) values (447, 'TDC Visa', '5893491588094516187', 447, null);
insert into Medios_de_pago (id, Nombre, Detalle, ID_cliente, ID_Compania) values (448, 'TDC Visa', '6706449563957813', 448, null);
insert into Medios_de_pago (id, Nombre, Detalle, ID_cliente, ID_Compania) values (449, 'TDC Amex', '201717559232174', 449, null);
insert into Medios_de_pago (id, Nombre, Detalle, ID_cliente, ID_Compania) values (450, 'TDC MasterCard', '3554204575332772', 450, null);
insert into Medios_de_pago (id, Nombre, Detalle, ID_cliente, ID_Compania) values (451, 'TDC Visa', '30364380872261', 451, null);
insert into Medios_de_pago (id, Nombre, Detalle, ID_cliente, ID_Compania) values (452, 'TDC Amex', '5641828436868259', 452, null);
insert into Medios_de_pago (id, Nombre, Detalle, ID_cliente, ID_Compania) values (453, 'TDC Amex', '3536787418674007', 453, 155);
insert into Medios_de_pago (id, Nombre, Detalle, ID_cliente, ID_Compania) values (454, 'TDC Visa', '6767047704101304814', 454, null);
insert into Medios_de_pago (id, Nombre, Detalle, ID_cliente, ID_Compania) values (455, 'TDC MasterCard', '3561768071507419', 455, null);
insert into Medios_de_pago (id, Nombre, Detalle, ID_cliente, ID_Compania) values (456, 'TDC Amex', '3543370215229456', 456, null);
insert into Medios_de_pago (id, Nombre, Detalle, ID_cliente, ID_Compania) values (457, 'TDC Amex', '3530308523532877', 457, null);
insert into Medios_de_pago (id, Nombre, Detalle, ID_cliente, ID_Compania) values (458, 'TDC Amex', '3582765767041658', 458, null);
insert into Medios_de_pago (id, Nombre, Detalle, ID_cliente, ID_Compania) values (459, 'TDC Amex', '4017957201353', 459, null);
insert into Medios_de_pago (id, Nombre, Detalle, ID_cliente, ID_Compania) values (460, 'TDC MasterCard', '5610626787582058', 460, null);
insert into Medios_de_pago (id, Nombre, Detalle, ID_cliente, ID_Compania) values (461, 'TDC Amex', '675983623970796172', 461, null);
insert into Medios_de_pago (id, Nombre, Detalle, ID_cliente, ID_Compania) values (462, 'TDC Amex', '4917912104886791', 462, null);
insert into Medios_de_pago (id, Nombre, Detalle, ID_cliente, ID_Compania) values (463, 'TDC Visa', '30100796218255', 463, null);
insert into Medios_de_pago (id, Nombre, Detalle, ID_cliente, ID_Compania) values (464, 'TDC Amex', '5602256238194749', 464, null);
insert into Medios_de_pago (id, Nombre, Detalle, ID_cliente, ID_Compania) values (465, 'TDC Visa', '3586824394754492', 465, null);
insert into Medios_de_pago (id, Nombre, Detalle, ID_cliente, ID_Compania) values (466, 'TDC MasterCard', '4405845648159193', 466, null);
insert into Medios_de_pago (id, Nombre, Detalle, ID_cliente, ID_Compania) values (467, 'TDC Visa', '3536890631900579', 467, 304);
insert into Medios_de_pago (id, Nombre, Detalle, ID_cliente, ID_Compania) values (468, 'TDC Amex', '4041597088310493', 468, null);
insert into Medios_de_pago (id, Nombre, Detalle, ID_cliente, ID_Compania) values (469, 'TDC MasterCard', '3545298875792075', 469, null);
insert into Medios_de_pago (id, Nombre, Detalle, ID_cliente, ID_Compania) values (470, 'TDC MasterCard', '3551329670866789', 470, null);
insert into Medios_de_pago (id, Nombre, Detalle, ID_cliente, ID_Compania) values (471, 'TDC Amex', '677183733637218843', 471, null);
insert into Medios_de_pago (id, Nombre, Detalle, ID_cliente, ID_Compania) values (472, 'TDC Amex', '560222296076022184', 472, null);
insert into Medios_de_pago (id, Nombre, Detalle, ID_cliente, ID_Compania) values (473, 'TDC Amex', '5100133210258155', 473, null);
insert into Medios_de_pago (id, Nombre, Detalle, ID_cliente, ID_Compania) values (474, 'TDC Amex', '5100149105080744', 474, null);
insert into Medios_de_pago (id, Nombre, Detalle, ID_cliente, ID_Compania) values (475, 'TDC Amex', '3555675766447843', 475, null);
insert into Medios_de_pago (id, Nombre, Detalle, ID_cliente, ID_Compania) values (476, 'TDC Amex', '3560060628254476', 476, null);
insert into Medios_de_pago (id, Nombre, Detalle, ID_cliente, ID_Compania) values (477, 'TDC Amex', '201920217535299', 477, null);
insert into Medios_de_pago (id, Nombre, Detalle, ID_cliente, ID_Compania) values (478, 'TDC Visa', '3560743908230932', 478, null);
insert into Medios_de_pago (id, Nombre, Detalle, ID_cliente, ID_Compania) values (479, 'TDC Amex', '502084353991712198', 479, null);
insert into Medios_de_pago (id, Nombre, Detalle, ID_cliente, ID_Compania) values (480, 'TDC Amex', '36607444124465', 480, null);
insert into Medios_de_pago (id, Nombre, Detalle, ID_cliente, ID_Compania) values (481, 'TDC MasterCard', '3566910907621817', 481, null);
insert into Medios_de_pago (id, Nombre, Detalle, ID_cliente, ID_Compania) values (482, 'TDC MasterCard', '5641825593031101', 482, null);
insert into Medios_de_pago (id, Nombre, Detalle, ID_cliente, ID_Compania) values (483, 'TDC Amex', '36070195673927', 483, null);
insert into Medios_de_pago (id, Nombre, Detalle, ID_cliente, ID_Compania) values (484, 'TDC Amex', '337941259303500', 484, null);
insert into Medios_de_pago (id, Nombre, Detalle, ID_cliente, ID_Compania) values (485, 'TDC MasterCard', '3564139165659432', 485, null);
insert into Medios_de_pago (id, Nombre, Detalle, ID_cliente, ID_Compania) values (486, 'TDC MasterCard', '4041372997536', 486, null);
insert into Medios_de_pago (id, Nombre, Detalle, ID_cliente, ID_Compania) values (487, 'TDC MasterCard', '3539810112397225', 487, null);
insert into Medios_de_pago (id, Nombre, Detalle, ID_cliente, ID_Compania) values (488, 'TDC MasterCard', '4844671159737386', 488, null);
insert into Medios_de_pago (id, Nombre, Detalle, ID_cliente, ID_Compania) values (489, 'TDC Amex', '3550618508789895', 489, null);
insert into Medios_de_pago (id, Nombre, Detalle, ID_cliente, ID_Compania) values (490, 'TDC Visa', '4405044319744414', 490, null);
insert into Medios_de_pago (id, Nombre, Detalle, ID_cliente, ID_Compania) values (491, 'TDC Visa', '3530815726056678', 491, null);
insert into Medios_de_pago (id, Nombre, Detalle, ID_cliente, ID_Compania) values (492, 'TDC Amex', '5100179585588452', 492, null);
insert into Medios_de_pago (id, Nombre, Detalle, ID_cliente, ID_Compania) values (493, 'TDC Visa', '6767336787995875', 493, null);
insert into Medios_de_pago (id, Nombre, Detalle, ID_cliente, ID_Compania) values (494, 'TDC Visa', '3575062608191093', 494, null);
insert into Medios_de_pago (id, Nombre, Detalle, ID_cliente, ID_Compania) values (495, 'TDC Visa', '3561668893450774', 495, null);
insert into Medios_de_pago (id, Nombre, Detalle, ID_cliente, ID_Compania) values (496, 'TDC Visa', '3569786457767656', 496, null);
insert into Medios_de_pago (id, Nombre, Detalle, ID_cliente, ID_Compania) values (497, 'TDC Visa', '560223468731853878', 497, null);
insert into Medios_de_pago (id, Nombre, Detalle, ID_cliente, ID_Compania) values (498, 'TDC MasterCard', '3577979291795344', 498, 488);
insert into Medios_de_pago (id, Nombre, Detalle, ID_cliente, ID_Compania) values (499, 'TDC Visa', '6395332182256773', 499, 257);
insert into Medios_de_pago (id, Nombre, Detalle, ID_cliente, ID_Compania) values (500, 'TDC MasterCard', '3564197042698031', 500, null);

-- InsercciÛn CÛdigos de promociÛn
insert into Codigos_promocion (id, Codigo, ID_cliente) values (1, 81694936, 1);
insert into Codigos_promocion (id, Codigo, ID_cliente) values (2, 17437777, 2);
insert into Codigos_promocion (id, Codigo, ID_cliente) values (3, 22310568, 3);
insert into Codigos_promocion (id, Codigo, ID_cliente) values (4, 72389553, 4);
insert into Codigos_promocion (id, Codigo, ID_cliente) values (5, 90387158, 5);
insert into Codigos_promocion (id, Codigo, ID_cliente) values (6, 95162694, 6);
insert into Codigos_promocion (id, Codigo, ID_cliente) values (7, 52623839, 7);
insert into Codigos_promocion (id, Codigo, ID_cliente) values (8, 62324719, 8);
insert into Codigos_promocion (id, Codigo, ID_cliente) values (9, 15986673, 9);
insert into Codigos_promocion (id, Codigo, ID_cliente) values (10, 24802022, 10);
insert into Codigos_promocion (id, Codigo, ID_cliente) values (11, 88851117, 11);
insert into Codigos_promocion (id, Codigo, ID_cliente) values (12, 38835419, 12);
insert into Codigos_promocion (id, Codigo, ID_cliente) values (13, 32859510, 13);
insert into Codigos_promocion (id, Codigo, ID_cliente) values (14, 35461232, 14);
insert into Codigos_promocion (id, Codigo, ID_cliente) values (15, 98767073, 15);
insert into Codigos_promocion (id, Codigo, ID_cliente) values (16, 36414799, 16);
insert into Codigos_promocion (id, Codigo, ID_cliente) values (17, 11780910, 17);
insert into Codigos_promocion (id, Codigo, ID_cliente) values (18, 90747171, 18);
insert into Codigos_promocion (id, Codigo, ID_cliente) values (19, 96269038, 19);
insert into Codigos_promocion (id, Codigo, ID_cliente) values (20, 72239937, 20);
insert into Codigos_promocion (id, Codigo, ID_cliente) values (21, 99789117, 21);
insert into Codigos_promocion (id, Codigo, ID_cliente) values (22, 65377796, 22);
insert into Codigos_promocion (id, Codigo, ID_cliente) values (23, 20327887, 23);
insert into Codigos_promocion (id, Codigo, ID_cliente) values (24, 74631248, 24);
insert into Codigos_promocion (id, Codigo, ID_cliente) values (25, 53278314, 25);
insert into Codigos_promocion (id, Codigo, ID_cliente) values (26, 93480366, 26);
insert into Codigos_promocion (id, Codigo, ID_cliente) values (27, 67586561, 27);
insert into Codigos_promocion (id, Codigo, ID_cliente) values (28, 69931953, 28);
insert into Codigos_promocion (id, Codigo, ID_cliente) values (29, 90007366, 29);
insert into Codigos_promocion (id, Codigo, ID_cliente) values (30, 22065820, 30);
insert into Codigos_promocion (id, Codigo, ID_cliente) values (31, 99154550, 31);
insert into Codigos_promocion (id, Codigo, ID_cliente) values (32, 91606219, 32);
insert into Codigos_promocion (id, Codigo, ID_cliente) values (33, 24800065, 33);
insert into Codigos_promocion (id, Codigo, ID_cliente) values (34, 77470152, 34);
insert into Codigos_promocion (id, Codigo, ID_cliente) values (35, 61170832, 35);
insert into Codigos_promocion (id, Codigo, ID_cliente) values (36, 36518311, 36);
insert into Codigos_promocion (id, Codigo, ID_cliente) values (37, 13053234, 37);
insert into Codigos_promocion (id, Codigo, ID_cliente) values (38, 94050928, 38);
insert into Codigos_promocion (id, Codigo, ID_cliente) values (39, 50128430, 39);
insert into Codigos_promocion (id, Codigo, ID_cliente) values (40, 75949253, 40);
insert into Codigos_promocion (id, Codigo, ID_cliente) values (41, 27801190, 41);
insert into Codigos_promocion (id, Codigo, ID_cliente) values (42, 66431472, 42);
insert into Codigos_promocion (id, Codigo, ID_cliente) values (43, 27302640, 43);
insert into Codigos_promocion (id, Codigo, ID_cliente) values (44, 19761114, 44);
insert into Codigos_promocion (id, Codigo, ID_cliente) values (45, 14713679, 45);
insert into Codigos_promocion (id, Codigo, ID_cliente) values (46, 51426974, 46);
insert into Codigos_promocion (id, Codigo, ID_cliente) values (47, 37505694, 47);
insert into Codigos_promocion (id, Codigo, ID_cliente) values (48, 20020692, 48);
insert into Codigos_promocion (id, Codigo, ID_cliente) values (49, 60043500, 49);
insert into Codigos_promocion (id, Codigo, ID_cliente) values (50, 14752334, 50);
insert into Codigos_promocion (id, Codigo, ID_cliente) values (51, 44569299, 51);
insert into Codigos_promocion (id, Codigo, ID_cliente) values (52, 58643787, 52);
insert into Codigos_promocion (id, Codigo, ID_cliente) values (53, 38895963, 53);
insert into Codigos_promocion (id, Codigo, ID_cliente) values (54, 34726809, 54);
insert into Codigos_promocion (id, Codigo, ID_cliente) values (55, 75300832, 55);
insert into Codigos_promocion (id, Codigo, ID_cliente) values (56, 46392853, 56);
insert into Codigos_promocion (id, Codigo, ID_cliente) values (57, 88624600, 57);
insert into Codigos_promocion (id, Codigo, ID_cliente) values (58, 55231158, 58);
insert into Codigos_promocion (id, Codigo, ID_cliente) values (59, 74377555, 59);
insert into Codigos_promocion (id, Codigo, ID_cliente) values (60, 15508601, 60);
insert into Codigos_promocion (id, Codigo, ID_cliente) values (61, 53711298, 61);
insert into Codigos_promocion (id, Codigo, ID_cliente) values (62, 87916812, 62);
insert into Codigos_promocion (id, Codigo, ID_cliente) values (63, 36186652, 63);
insert into Codigos_promocion (id, Codigo, ID_cliente) values (64, 47474998, 64);
insert into Codigos_promocion (id, Codigo, ID_cliente) values (65, 81113307, 65);
insert into Codigos_promocion (id, Codigo, ID_cliente) values (66, 58897277, 66);
insert into Codigos_promocion (id, Codigo, ID_cliente) values (67, 14940464, 67);
insert into Codigos_promocion (id, Codigo, ID_cliente) values (68, 52998807, 68);
insert into Codigos_promocion (id, Codigo, ID_cliente) values (69, 44930292, 69);
insert into Codigos_promocion (id, Codigo, ID_cliente) values (70, 98991058, 70);
insert into Codigos_promocion (id, Codigo, ID_cliente) values (71, 96833232, 71);
insert into Codigos_promocion (id, Codigo, ID_cliente) values (72, 18671092, 72);
insert into Codigos_promocion (id, Codigo, ID_cliente) values (73, 64815960, 73);
insert into Codigos_promocion (id, Codigo, ID_cliente) values (74, 61433752, 74);
insert into Codigos_promocion (id, Codigo, ID_cliente) values (75, 95265994, 75);
insert into Codigos_promocion (id, Codigo, ID_cliente) values (76, 42235742, 76);
insert into Codigos_promocion (id, Codigo, ID_cliente) values (77, 81030333, 77);
insert into Codigos_promocion (id, Codigo, ID_cliente) values (78, 67563258, 78);
insert into Codigos_promocion (id, Codigo, ID_cliente) values (79, 38878890, 79);
insert into Codigos_promocion (id, Codigo, ID_cliente) values (80, 12620217, 80);
insert into Codigos_promocion (id, Codigo, ID_cliente) values (81, 77143833, 81);
insert into Codigos_promocion (id, Codigo, ID_cliente) values (82, 33350854, 82);
insert into Codigos_promocion (id, Codigo, ID_cliente) values (83, 46262655, 83);
insert into Codigos_promocion (id, Codigo, ID_cliente) values (84, 12644395, 84);
insert into Codigos_promocion (id, Codigo, ID_cliente) values (85, 34992510, 85);
insert into Codigos_promocion (id, Codigo, ID_cliente) values (86, 68176908, 86);
insert into Codigos_promocion (id, Codigo, ID_cliente) values (87, 71446490, 87);
insert into Codigos_promocion (id, Codigo, ID_cliente) values (88, 37779560, 88);
insert into Codigos_promocion (id, Codigo, ID_cliente) values (89, 14500801, 89);
insert into Codigos_promocion (id, Codigo, ID_cliente) values (90, 58754261, 90);
insert into Codigos_promocion (id, Codigo, ID_cliente) values (91, 78479632, 91);
insert into Codigos_promocion (id, Codigo, ID_cliente) values (92, 82018355, 92);
insert into Codigos_promocion (id, Codigo, ID_cliente) values (93, 11545802, 93);
insert into Codigos_promocion (id, Codigo, ID_cliente) values (94, 39531502, 94);
insert into Codigos_promocion (id, Codigo, ID_cliente) values (95, 38791169, 95);
insert into Codigos_promocion (id, Codigo, ID_cliente) values (96, 99340773, 96);
insert into Codigos_promocion (id, Codigo, ID_cliente) values (97, 18186469, 97);
insert into Codigos_promocion (id, Codigo, ID_cliente) values (98, 98765158, 98);
insert into Codigos_promocion (id, Codigo, ID_cliente) values (99, 89370650, 99);
insert into Codigos_promocion (id, Codigo, ID_cliente) values (100, 53436047, 100);

-- InserciÛn Servicios
insert into Servicios (id, Nombre) values (1, 'UberX');
insert into Servicios (id, Nombre) values (2, 'Ubler Black');

-- InsercciÛn Vehiculos
insert into Vehiculos (id, ID_servicio, Placa, Modelo, Marca, Ano) values (1, 1, 485029, 2007, 'Toyota', 1995);
insert into Vehiculos (id, ID_servicio, Placa, Modelo, Marca, Ano) values (2, 2, 510142, 2012, 'Nissan', 2013);
insert into Vehiculos (id, ID_servicio, Placa, Modelo, Marca, Ano) values (3, 1, 353601, 1996, 'Toyota', 1992);
insert into Vehiculos (id, ID_servicio, Placa, Modelo, Marca, Ano) values (4, 2, 776996, 1994, 'Mazda', 1992);
insert into Vehiculos (id, ID_servicio, Placa, Modelo, Marca, Ano) values (5, 1, 360553, 2012, 'Lincoln', 2011);
insert into Vehiculos (id, ID_servicio, Placa, Modelo, Marca, Ano) values (6, 2, 798203, 1992, 'Saab', 2012);
insert into Vehiculos (id, ID_servicio, Placa, Modelo, Marca, Ano) values (7, 2, 626742, 1985, 'Ford', 2005);
insert into Vehiculos (id, ID_servicio, Placa, Modelo, Marca, Ano) values (8, 2, 540309, 2003, 'Kia', 1998);
insert into Vehiculos (id, ID_servicio, Placa, Modelo, Marca, Ano) values (9, 1, 775391, 1998, 'Ford', 2010);
insert into Vehiculos (id, ID_servicio, Placa, Modelo, Marca, Ano) values (10, 1, 442104, 1997, 'Hyundai', 1997);
insert into Vehiculos (id, ID_servicio, Placa, Modelo, Marca, Ano) values (11, 2, 606186, 2001, 'Kia', 2008);
insert into Vehiculos (id, ID_servicio, Placa, Modelo, Marca, Ano) values (12, 1, 348916, 1990, 'Ford', 2009);
insert into Vehiculos (id, ID_servicio, Placa, Modelo, Marca, Ano) values (13, 2, 733851, 2010, 'Chevrolet', 2006);
insert into Vehiculos (id, ID_servicio, Placa, Modelo, Marca, Ano) values (14, 2, 725345, 2013, 'Porsche', 1998);
insert into Vehiculos (id, ID_servicio, Placa, Modelo, Marca, Ano) values (15, 1, 505111, 1997, 'Mercury', 2010);
insert into Vehiculos (id, ID_servicio, Placa, Modelo, Marca, Ano) values (16, 2, 728471, 1990, 'Ford', 2003);
insert into Vehiculos (id, ID_servicio, Placa, Modelo, Marca, Ano) values (17, 2, 352848, 2005, 'Chrysler', 2008);
insert into Vehiculos (id, ID_servicio, Placa, Modelo, Marca, Ano) values (18, 2, 488753, 2012, 'Mitsubishi', 1999);
insert into Vehiculos (id, ID_servicio, Placa, Modelo, Marca, Ano) values (19, 1, 817625, 2004, 'Audi', 2005);
insert into Vehiculos (id, ID_servicio, Placa, Modelo, Marca, Ano) values (20, 2, 646460, 2003, 'Pontiac', 1988);
insert into Vehiculos (id, ID_servicio, Placa, Modelo, Marca, Ano) values (21, 1, 320748, 1995, 'Ford', 1967);
insert into Vehiculos (id, ID_servicio, Placa, Modelo, Marca, Ano) values (22, 1, 748028, 2000, 'GMC', 2010);
insert into Vehiculos (id, ID_servicio, Placa, Modelo, Marca, Ano) values (23, 2, 801282, 1992, 'Mazda', 1996);
insert into Vehiculos (id, ID_servicio, Placa, Modelo, Marca, Ano) values (24, 2, 619018, 1997, 'Mercedes-Benz', 1992);
insert into Vehiculos (id, ID_servicio, Placa, Modelo, Marca, Ano) values (25, 2, 644793, 2012, 'Subaru', 1995);
insert into Vehiculos (id, ID_servicio, Placa, Modelo, Marca, Ano) values (26, 1, 533027, 2005, 'Chevrolet', 2011);
insert into Vehiculos (id, ID_servicio, Placa, Modelo, Marca, Ano) values (27, 2, 591397, 1988, 'Ford', 1995);
insert into Vehiculos (id, ID_servicio, Placa, Modelo, Marca, Ano) values (28, 1, 450980, 1992, 'Subaru', 1988);
insert into Vehiculos (id, ID_servicio, Placa, Modelo, Marca, Ano) values (29, 1, 324837, 2000, 'Volkswagen', 1988);
insert into Vehiculos (id, ID_servicio, Placa, Modelo, Marca, Ano) values (30, 1, 694401, 2000, 'GMC', 2007);
insert into Vehiculos (id, ID_servicio, Placa, Modelo, Marca, Ano) values (31, 1, 749105, 1992, 'Mazda', 1984);
insert into Vehiculos (id, ID_servicio, Placa, Modelo, Marca, Ano) values (32, 2, 330894, 1996, 'Infiniti', 1997);
insert into Vehiculos (id, ID_servicio, Placa, Modelo, Marca, Ano) values (33, 1, 487694, 2006, 'Porsche', 1997);
insert into Vehiculos (id, ID_servicio, Placa, Modelo, Marca, Ano) values (34, 1, 363583, 2007, 'Lexus', 2004);
insert into Vehiculos (id, ID_servicio, Placa, Modelo, Marca, Ano) values (35, 1, 381905, 2008, 'Land Rover', 2012);
insert into Vehiculos (id, ID_servicio, Placa, Modelo, Marca, Ano) values (36, 2, 832695, 2011, 'Acura', 2004);
insert into Vehiculos (id, ID_servicio, Placa, Modelo, Marca, Ano) values (37, 2, 600404, 1987, 'Buick', 1991);
insert into Vehiculos (id, ID_servicio, Placa, Modelo, Marca, Ano) values (38, 1, 541222, 2012, 'Nissan', 1997);
insert into Vehiculos (id, ID_servicio, Placa, Modelo, Marca, Ano) values (39, 1, 670199, 1986, 'Buick', 2001);
insert into Vehiculos (id, ID_servicio, Placa, Modelo, Marca, Ano) values (40, 1, 844386, 1996, 'Ford', 2004);
insert into Vehiculos (id, ID_servicio, Placa, Modelo, Marca, Ano) values (41, 2, 648939, 1996, 'Chevrolet', 2001);
insert into Vehiculos (id, ID_servicio, Placa, Modelo, Marca, Ano) values (42, 2, 338122, 2001, 'Land Rover', 2006);
insert into Vehiculos (id, ID_servicio, Placa, Modelo, Marca, Ano) values (43, 2, 434552, 1985, 'Pontiac', 1974);
insert into Vehiculos (id, ID_servicio, Placa, Modelo, Marca, Ano) values (44, 1, 843123, 1993, 'Chevrolet', 2003);
insert into Vehiculos (id, ID_servicio, Placa, Modelo, Marca, Ano) values (45, 1, 506858, 2009, 'Lexus', 2011);
insert into Vehiculos (id, ID_servicio, Placa, Modelo, Marca, Ano) values (46, 2, 711754, 1998, 'Volkswagen', 1996);
insert into Vehiculos (id, ID_servicio, Placa, Modelo, Marca, Ano) values (47, 2, 421541, 2009, 'Buick', 1997);
insert into Vehiculos (id, ID_servicio, Placa, Modelo, Marca, Ano) values (48, 2, 470984, 2002, 'Ford', 2008);
insert into Vehiculos (id, ID_servicio, Placa, Modelo, Marca, Ano) values (49, 2, 715403, 2006, 'Bentley', 1990);
insert into Vehiculos (id, ID_servicio, Placa, Modelo, Marca, Ano) values (50, 2, 750751, 2009, 'Dodge', 1997);
insert into Vehiculos (id, ID_servicio, Placa, Modelo, Marca, Ano) values (51, 1, 549987, 1996, 'Chevrolet', 2010);
insert into Vehiculos (id, ID_servicio, Placa, Modelo, Marca, Ano) values (52, 2, 674131, 1997, 'Mitsubishi', 1984);
insert into Vehiculos (id, ID_servicio, Placa, Modelo, Marca, Ano) values (53, 1, 646229, 2001, 'Toyota', 1993);
insert into Vehiculos (id, ID_servicio, Placa, Modelo, Marca, Ano) values (54, 1, 481065, 2002, 'Ford', 1998);
insert into Vehiculos (id, ID_servicio, Placa, Modelo, Marca, Ano) values (55, 2, 487043, 1997, 'Chevrolet', 1986);
insert into Vehiculos (id, ID_servicio, Placa, Modelo, Marca, Ano) values (56, 1, 423769, 1984, 'Mercury', 2007);
insert into Vehiculos (id, ID_servicio, Placa, Modelo, Marca, Ano) values (57, 2, 594131, 2006, 'Cadillac', 2007);
insert into Vehiculos (id, ID_servicio, Placa, Modelo, Marca, Ano) values (58, 1, 554787, 2006, 'Cadillac', 1992);
insert into Vehiculos (id, ID_servicio, Placa, Modelo, Marca, Ano) values (59, 1, 719731, 1994, 'Porsche', 2012);
insert into Vehiculos (id, ID_servicio, Placa, Modelo, Marca, Ano) values (60, 2, 419266, 1992, 'Hyundai', 1984);
insert into Vehiculos (id, ID_servicio, Placa, Modelo, Marca, Ano) values (61, 2, 519211, 2006, 'Infiniti', 2008);
insert into Vehiculos (id, ID_servicio, Placa, Modelo, Marca, Ano) values (62, 2, 322561, 1992, 'Ford', 2003);
insert into Vehiculos (id, ID_servicio, Placa, Modelo, Marca, Ano) values (63, 1, 729707, 2003, 'GMC', 1995);
insert into Vehiculos (id, ID_servicio, Placa, Modelo, Marca, Ano) values (64, 2, 624051, 2010, 'Chevrolet', 2002);
insert into Vehiculos (id, ID_servicio, Placa, Modelo, Marca, Ano) values (65, 2, 450940, 1995, 'Mitsubishi', 1995);
insert into Vehiculos (id, ID_servicio, Placa, Modelo, Marca, Ano) values (66, 2, 795482, 1985, 'Volkswagen', 2009);
insert into Vehiculos (id, ID_servicio, Placa, Modelo, Marca, Ano) values (67, 2, 788427, 1986, 'Mercury', 1992);
insert into Vehiculos (id, ID_servicio, Placa, Modelo, Marca, Ano) values (68, 2, 774296, 1985, 'Mercury', 1985);
insert into Vehiculos (id, ID_servicio, Placa, Modelo, Marca, Ano) values (69, 1, 747978, 2012, 'Nissan', 1997);
insert into Vehiculos (id, ID_servicio, Placa, Modelo, Marca, Ano) values (70, 1, 476023, 2004, 'Oldsmobile', 2002);
insert into Vehiculos (id, ID_servicio, Placa, Modelo, Marca, Ano) values (71, 2, 577556, 2004, 'Lotus', 2010);
insert into Vehiculos (id, ID_servicio, Placa, Modelo, Marca, Ano) values (72, 1, 695710, 1993, 'Suzuki', 1990);
insert into Vehiculos (id, ID_servicio, Placa, Modelo, Marca, Ano) values (73, 2, 449176, 2011, 'Bentley', 1996);
insert into Vehiculos (id, ID_servicio, Placa, Modelo, Marca, Ano) values (74, 1, 772571, 2011, 'Aston Martin', 2004);
insert into Vehiculos (id, ID_servicio, Placa, Modelo, Marca, Ano) values (75, 1, 590401, 2009, 'Chevrolet', 1993);
insert into Vehiculos (id, ID_servicio, Placa, Modelo, Marca, Ano) values (76, 1, 640849, 2010, 'GMC', 1996);
insert into Vehiculos (id, ID_servicio, Placa, Modelo, Marca, Ano) values (77, 1, 466885, 1989, 'Mercury', 1987);
insert into Vehiculos (id, ID_servicio, Placa, Modelo, Marca, Ano) values (78, 2, 428381, 2001, 'Chevrolet', 1984);
insert into Vehiculos (id, ID_servicio, Placa, Modelo, Marca, Ano) values (79, 1, 463764, 2012, 'Acura', 2011);
insert into Vehiculos (id, ID_servicio, Placa, Modelo, Marca, Ano) values (80, 2, 391553, 2012, 'Infiniti', 2010);
insert into Vehiculos (id, ID_servicio, Placa, Modelo, Marca, Ano) values (81, 2, 598177, 2011, 'Scion', 2005);
insert into Vehiculos (id, ID_servicio, Placa, Modelo, Marca, Ano) values (82, 2, 572103, 1991, 'Lamborghini', 2005);
insert into Vehiculos (id, ID_servicio, Placa, Modelo, Marca, Ano) values (83, 2, 701885, 2011, 'Ford', 2009);
insert into Vehiculos (id, ID_servicio, Placa, Modelo, Marca, Ano) values (84, 2, 707950, 2001, 'Suzuki', 2004);
insert into Vehiculos (id, ID_servicio, Placa, Modelo, Marca, Ano) values (85, 1, 569753, 1993, 'Land Rover', 2001);
insert into Vehiculos (id, ID_servicio, Placa, Modelo, Marca, Ano) values (86, 1, 667859, 2004, 'Subaru', 2010);
insert into Vehiculos (id, ID_servicio, Placa, Modelo, Marca, Ano) values (87, 1, 322355, 1987, 'Pontiac', 1992);
insert into Vehiculos (id, ID_servicio, Placa, Modelo, Marca, Ano) values (88, 2, 558627, 2002, 'Audi', 2002);
insert into Vehiculos (id, ID_servicio, Placa, Modelo, Marca, Ano) values (89, 1, 330623, 2004, 'Volkswagen', 1995);
insert into Vehiculos (id, ID_servicio, Placa, Modelo, Marca, Ano) values (90, 1, 648609, 2013, 'GMC', 2012);
insert into Vehiculos (id, ID_servicio, Placa, Modelo, Marca, Ano) values (91, 1, 621016, 1998, 'Dodge', 1984);
insert into Vehiculos (id, ID_servicio, Placa, Modelo, Marca, Ano) values (92, 1, 601158, 2005, 'Toyota', 2005);
insert into Vehiculos (id, ID_servicio, Placa, Modelo, Marca, Ano) values (93, 1, 378976, 1983, 'Chevrolet', 1992);
insert into Vehiculos (id, ID_servicio, Placa, Modelo, Marca, Ano) values (94, 1, 491262, 2007, 'Nissan', 2000);
insert into Vehiculos (id, ID_servicio, Placa, Modelo, Marca, Ano) values (95, 1, 446833, 1994, 'BMW', 2008);
insert into Vehiculos (id, ID_servicio, Placa, Modelo, Marca, Ano) values (96, 2, 790571, 2006, 'Chevrolet', 2011);
insert into Vehiculos (id, ID_servicio, Placa, Modelo, Marca, Ano) values (97, 1, 572108, 1991, 'Ford', 2010);
insert into Vehiculos (id, ID_servicio, Placa, Modelo, Marca, Ano) values (98, 1, 304993, 2000, 'Pontiac', 2006);
insert into Vehiculos (id, ID_servicio, Placa, Modelo, Marca, Ano) values (99, 1, 694228, 2009, 'Hummer', 2001);
insert into Vehiculos (id, ID_servicio, Placa, Modelo, Marca, Ano) values (100, 1, 421518, 2002, 'Suzuki', 1984);
insert into Vehiculos (id, ID_servicio, Placa, Modelo, Marca, Ano) values (101, 2, 490548, 2006, 'Acura', 2003);
insert into Vehiculos (id, ID_servicio, Placa, Modelo, Marca, Ano) values (102, 2, 761776, 1991, 'Pontiac', 1998);
insert into Vehiculos (id, ID_servicio, Placa, Modelo, Marca, Ano) values (103, 1, 418390, 2004, 'Dodge', 2006);
insert into Vehiculos (id, ID_servicio, Placa, Modelo, Marca, Ano) values (104, 2, 554553, 2000, 'Subaru', 2007);
insert into Vehiculos (id, ID_servicio, Placa, Modelo, Marca, Ano) values (105, 1, 328499, 1999, 'Volkswagen', 2000);
insert into Vehiculos (id, ID_servicio, Placa, Modelo, Marca, Ano) values (106, 2, 417136, 1986, 'Ford', 2008);
insert into Vehiculos (id, ID_servicio, Placa, Modelo, Marca, Ano) values (107, 1, 538951, 1995, 'Chevrolet', 2001);
insert into Vehiculos (id, ID_servicio, Placa, Modelo, Marca, Ano) values (108, 2, 724969, 2003, 'Chevrolet', 2010);
insert into Vehiculos (id, ID_servicio, Placa, Modelo, Marca, Ano) values (109, 2, 841538, 2000, 'Lincoln', 1988);
insert into Vehiculos (id, ID_servicio, Placa, Modelo, Marca, Ano) values (110, 1, 409388, 1994, 'Oldsmobile', 2004);
insert into Vehiculos (id, ID_servicio, Placa, Modelo, Marca, Ano) values (111, 2, 622819, 2009, 'Suzuki', 1996);
insert into Vehiculos (id, ID_servicio, Placa, Modelo, Marca, Ano) values (112, 2, 450185, 1994, 'Buick', 1995);
insert into Vehiculos (id, ID_servicio, Placa, Modelo, Marca, Ano) values (113, 2, 792999, 2002, 'Chevrolet', 2000);
insert into Vehiculos (id, ID_servicio, Placa, Modelo, Marca, Ano) values (114, 1, 640939, 1995, 'Chevrolet', 2002);
insert into Vehiculos (id, ID_servicio, Placa, Modelo, Marca, Ano) values (115, 2, 654127, 1999, 'Mitsubishi', 1996);
insert into Vehiculos (id, ID_servicio, Placa, Modelo, Marca, Ano) values (116, 1, 610979, 1993, 'Mercedes-Benz', 2009);
insert into Vehiculos (id, ID_servicio, Placa, Modelo, Marca, Ano) values (117, 2, 336880, 2008, 'Ford', 1984);
insert into Vehiculos (id, ID_servicio, Placa, Modelo, Marca, Ano) values (118, 2, 369572, 1979, 'Nissan', 2006);
insert into Vehiculos (id, ID_servicio, Placa, Modelo, Marca, Ano) values (119, 2, 725696, 2012, 'Ram', 2002);
insert into Vehiculos (id, ID_servicio, Placa, Modelo, Marca, Ano) values (120, 2, 687688, 1985, 'Audi', 2002);
insert into Vehiculos (id, ID_servicio, Placa, Modelo, Marca, Ano) values (121, 1, 427835, 1998, 'Buick', 2007);
insert into Vehiculos (id, ID_servicio, Placa, Modelo, Marca, Ano) values (122, 1, 479099, 1993, 'Toyota', 2012);
insert into Vehiculos (id, ID_servicio, Placa, Modelo, Marca, Ano) values (123, 2, 534985, 1990, 'Mitsubishi', 2010);
insert into Vehiculos (id, ID_servicio, Placa, Modelo, Marca, Ano) values (124, 2, 671930, 2009, 'Cadillac', 2004);
insert into Vehiculos (id, ID_servicio, Placa, Modelo, Marca, Ano) values (125, 1, 391071, 2012, 'Lexus', 1994);
insert into Vehiculos (id, ID_servicio, Placa, Modelo, Marca, Ano) values (126, 2, 516239, 1998, 'Plymouth', 2006);
insert into Vehiculos (id, ID_servicio, Placa, Modelo, Marca, Ano) values (127, 2, 613368, 2005, 'Land Rover', 2004);
insert into Vehiculos (id, ID_servicio, Placa, Modelo, Marca, Ano) values (128, 2, 494377, 2009, 'GMC', 1997);
insert into Vehiculos (id, ID_servicio, Placa, Modelo, Marca, Ano) values (129, 2, 719890, 2007, 'Ferrari', 2010);
insert into Vehiculos (id, ID_servicio, Placa, Modelo, Marca, Ano) values (130, 1, 306661, 2000, 'Chevrolet', 2003);
insert into Vehiculos (id, ID_servicio, Placa, Modelo, Marca, Ano) values (131, 2, 565305, 1998, 'Dodge', 1999);
insert into Vehiculos (id, ID_servicio, Placa, Modelo, Marca, Ano) values (132, 2, 415135, 2007, 'Hyundai', 1991);
insert into Vehiculos (id, ID_servicio, Placa, Modelo, Marca, Ano) values (133, 1, 358319, 1992, 'Mazda', 2009);
insert into Vehiculos (id, ID_servicio, Placa, Modelo, Marca, Ano) values (134, 1, 624969, 1996, 'Isuzu', 1993);
insert into Vehiculos (id, ID_servicio, Placa, Modelo, Marca, Ano) values (135, 1, 832815, 1991, 'Mitsubishi', 1996);
insert into Vehiculos (id, ID_servicio, Placa, Modelo, Marca, Ano) values (136, 2, 728563, 2007, 'Chrysler', 2011);
insert into Vehiculos (id, ID_servicio, Placa, Modelo, Marca, Ano) values (137, 2, 569014, 2012, 'Nissan', 2009);
insert into Vehiculos (id, ID_servicio, Placa, Modelo, Marca, Ano) values (138, 1, 403790, 1998, 'Eagle', 2003);
insert into Vehiculos (id, ID_servicio, Placa, Modelo, Marca, Ano) values (139, 2, 403971, 2006, 'Ford', 1998);
insert into Vehiculos (id, ID_servicio, Placa, Modelo, Marca, Ano) values (140, 2, 578641, 2001, 'Chrysler', 2012);
insert into Vehiculos (id, ID_servicio, Placa, Modelo, Marca, Ano) values (141, 1, 385805, 2005, 'Honda', 1999);
insert into Vehiculos (id, ID_servicio, Placa, Modelo, Marca, Ano) values (142, 1, 459946, 2004, 'Buick', 2005);
insert into Vehiculos (id, ID_servicio, Placa, Modelo, Marca, Ano) values (143, 2, 755260, 2009, 'Chevrolet', 2008);
insert into Vehiculos (id, ID_servicio, Placa, Modelo, Marca, Ano) values (144, 1, 786467, 2008, 'Ford', 2002);
insert into Vehiculos (id, ID_servicio, Placa, Modelo, Marca, Ano) values (145, 1, 434312, 1996, 'BMW', 1992);
insert into Vehiculos (id, ID_servicio, Placa, Modelo, Marca, Ano) values (146, 1, 574401, 1987, 'Suzuki', 2002);
insert into Vehiculos (id, ID_servicio, Placa, Modelo, Marca, Ano) values (147, 1, 449530, 1971, 'Chevrolet', 2001);
insert into Vehiculos (id, ID_servicio, Placa, Modelo, Marca, Ano) values (148, 1, 661800, 1999, 'Dodge', 2003);
insert into Vehiculos (id, ID_servicio, Placa, Modelo, Marca, Ano) values (149, 2, 587408, 2006, 'Cadillac', 2011);
insert into Vehiculos (id, ID_servicio, Placa, Modelo, Marca, Ano) values (150, 1, 658896, 2010, 'Subaru', 1994);
insert into Vehiculos (id, ID_servicio, Placa, Modelo, Marca, Ano) values (151, 2, 440738, 1993, 'Infiniti', 2006);
insert into Vehiculos (id, ID_servicio, Placa, Modelo, Marca, Ano) values (152, 1, 458048, 1955, 'Chevrolet', 1986);
insert into Vehiculos (id, ID_servicio, Placa, Modelo, Marca, Ano) values (153, 2, 503397, 1985, 'Volkswagen', 2000);
insert into Vehiculos (id, ID_servicio, Placa, Modelo, Marca, Ano) values (154, 1, 723588, 2006, 'Mercedes-Benz', 2013);
insert into Vehiculos (id, ID_servicio, Placa, Modelo, Marca, Ano) values (155, 2, 776945, 1992, 'Oldsmobile', 1994);
insert into Vehiculos (id, ID_servicio, Placa, Modelo, Marca, Ano) values (156, 2, 457251, 1999, 'Toyota', 1993);
insert into Vehiculos (id, ID_servicio, Placa, Modelo, Marca, Ano) values (157, 1, 457463, 2012, 'Nissan', 1996);
insert into Vehiculos (id, ID_servicio, Placa, Modelo, Marca, Ano) values (158, 1, 448148, 2012, 'Infiniti', 1994);
insert into Vehiculos (id, ID_servicio, Placa, Modelo, Marca, Ano) values (159, 1, 463433, 1955, 'Ford', 2009);
insert into Vehiculos (id, ID_servicio, Placa, Modelo, Marca, Ano) values (160, 2, 659030, 2003, 'Ford', 2006);
insert into Vehiculos (id, ID_servicio, Placa, Modelo, Marca, Ano) values (161, 2, 783536, 2008, 'Lamborghini', 2006);
insert into Vehiculos (id, ID_servicio, Placa, Modelo, Marca, Ano) values (162, 2, 653302, 2005, 'Mazda', 1998);
insert into Vehiculos (id, ID_servicio, Placa, Modelo, Marca, Ano) values (163, 1, 660495, 1986, 'Subaru', 2005);
insert into Vehiculos (id, ID_servicio, Placa, Modelo, Marca, Ano) values (164, 1, 743182, 2009, 'Volkswagen', 1995);
insert into Vehiculos (id, ID_servicio, Placa, Modelo, Marca, Ano) values (165, 1, 563431, 2000, 'Infiniti', 2002);
insert into Vehiculos (id, ID_servicio, Placa, Modelo, Marca, Ano) values (166, 1, 595837, 1991, 'Buick', 1993);
insert into Vehiculos (id, ID_servicio, Placa, Modelo, Marca, Ano) values (167, 1, 820885, 2002, 'Chevrolet', 2006);
insert into Vehiculos (id, ID_servicio, Placa, Modelo, Marca, Ano) values (168, 1, 690314, 2006, 'Mercury', 2007);
insert into Vehiculos (id, ID_servicio, Placa, Modelo, Marca, Ano) values (169, 2, 645407, 2001, 'Kia', 2010);
insert into Vehiculos (id, ID_servicio, Placa, Modelo, Marca, Ano) values (170, 2, 380486, 2005, 'Lamborghini', 1999);
insert into Vehiculos (id, ID_servicio, Placa, Modelo, Marca, Ano) values (171, 1, 469066, 1996, 'Oldsmobile', 2005);
insert into Vehiculos (id, ID_servicio, Placa, Modelo, Marca, Ano) values (172, 2, 705205, 2012, 'Volkswagen', 1987);
insert into Vehiculos (id, ID_servicio, Placa, Modelo, Marca, Ano) values (173, 2, 656002, 1990, 'Mercury', 1994);
insert into Vehiculos (id, ID_servicio, Placa, Modelo, Marca, Ano) values (174, 1, 543552, 2006, 'Ford', 2002);
insert into Vehiculos (id, ID_servicio, Placa, Modelo, Marca, Ano) values (175, 2, 620838, 2012, 'Ford', 2001);
insert into Vehiculos (id, ID_servicio, Placa, Modelo, Marca, Ano) values (176, 2, 331055, 1996, 'Land Rover', 1962);
insert into Vehiculos (id, ID_servicio, Placa, Modelo, Marca, Ano) values (177, 2, 353508, 2002, 'Oldsmobile', 2003);
insert into Vehiculos (id, ID_servicio, Placa, Modelo, Marca, Ano) values (178, 1, 619094, 2000, 'Pontiac', 2000);
insert into Vehiculos (id, ID_servicio, Placa, Modelo, Marca, Ano) values (179, 2, 332463, 2006, 'Chevrolet', 2006);
insert into Vehiculos (id, ID_servicio, Placa, Modelo, Marca, Ano) values (180, 1, 730941, 2002, 'Lincoln', 2011);
insert into Vehiculos (id, ID_servicio, Placa, Modelo, Marca, Ano) values (181, 2, 567427, 2011, 'Saab', 2005);
insert into Vehiculos (id, ID_servicio, Placa, Modelo, Marca, Ano) values (182, 2, 682028, 1995, 'Volkswagen', 2013);
insert into Vehiculos (id, ID_servicio, Placa, Modelo, Marca, Ano) values (183, 2, 801338, 2000, 'GMC', 2011);
insert into Vehiculos (id, ID_servicio, Placa, Modelo, Marca, Ano) values (184, 2, 321256, 1988, 'Porsche', 2011);
insert into Vehiculos (id, ID_servicio, Placa, Modelo, Marca, Ano) values (185, 1, 545736, 2006, 'Chevrolet', 2010);
insert into Vehiculos (id, ID_servicio, Placa, Modelo, Marca, Ano) values (186, 2, 785696, 1990, 'Ford', 1993);
insert into Vehiculos (id, ID_servicio, Placa, Modelo, Marca, Ano) values (187, 2, 579740, 1987, 'Buick', 2005);
insert into Vehiculos (id, ID_servicio, Placa, Modelo, Marca, Ano) values (188, 2, 372244, 2009, 'MINI', 2012);
insert into Vehiculos (id, ID_servicio, Placa, Modelo, Marca, Ano) values (189, 2, 666264, 1993, 'Saab', 1999);
insert into Vehiculos (id, ID_servicio, Placa, Modelo, Marca, Ano) values (190, 2, 826468, 2010, 'Mitsubishi', 2007);
insert into Vehiculos (id, ID_servicio, Placa, Modelo, Marca, Ano) values (191, 2, 814680, 2011, 'GMC', 1998);
insert into Vehiculos (id, ID_servicio, Placa, Modelo, Marca, Ano) values (192, 1, 372458, 2009, 'Mercedes-Benz', 1992);
insert into Vehiculos (id, ID_servicio, Placa, Modelo, Marca, Ano) values (193, 2, 611409, 2010, 'Hyundai', 2010);
insert into Vehiculos (id, ID_servicio, Placa, Modelo, Marca, Ano) values (194, 2, 717068, 1992, 'Eagle', 1987);
insert into Vehiculos (id, ID_servicio, Placa, Modelo, Marca, Ano) values (195, 1, 738205, 1995, 'Chevrolet', 1999);
insert into Vehiculos (id, ID_servicio, Placa, Modelo, Marca, Ano) values (196, 1, 713836, 1986, 'Mercedes-Benz', 2009);
insert into Vehiculos (id, ID_servicio, Placa, Modelo, Marca, Ano) values (197, 1, 450254, 2000, 'Oldsmobile', 2004);
insert into Vehiculos (id, ID_servicio, Placa, Modelo, Marca, Ano) values (198, 2, 446902, 2003, 'Infiniti', 1967);
insert into Vehiculos (id, ID_servicio, Placa, Modelo, Marca, Ano) values (199, 1, 630494, 1993, 'Mitsubishi', 1972);
insert into Vehiculos (id, ID_servicio, Placa, Modelo, Marca, Ano) values (200, 1, 389192, 2007, 'Porsche', 2008);
insert into Vehiculos (id, ID_servicio, Placa, Modelo, Marca, Ano) values (201, 1, 685834, 1999, 'Dodge', 1984);
insert into Vehiculos (id, ID_servicio, Placa, Modelo, Marca, Ano) values (202, 2, 675600, 2003, 'Dodge', 2002);
insert into Vehiculos (id, ID_servicio, Placa, Modelo, Marca, Ano) values (203, 1, 341523, 2012, 'Mitsubishi', 2002);
insert into Vehiculos (id, ID_servicio, Placa, Modelo, Marca, Ano) values (204, 1, 372189, 2001, 'Mazda', 1985);
insert into Vehiculos (id, ID_servicio, Placa, Modelo, Marca, Ano) values (205, 2, 525134, 1998, 'Dodge', 2009);
insert into Vehiculos (id, ID_servicio, Placa, Modelo, Marca, Ano) values (206, 1, 831114, 2002, 'Toyota', 1999);
insert into Vehiculos (id, ID_servicio, Placa, Modelo, Marca, Ano) values (207, 2, 462997, 2013, 'Ford', 1992);
insert into Vehiculos (id, ID_servicio, Placa, Modelo, Marca, Ano) values (208, 2, 704660, 1965, 'Pontiac', 2012);
insert into Vehiculos (id, ID_servicio, Placa, Modelo, Marca, Ano) values (209, 1, 780562, 2003, 'Lexus', 1993);
insert into Vehiculos (id, ID_servicio, Placa, Modelo, Marca, Ano) values (210, 1, 744595, 1991, 'Volkswagen', 1999);
insert into Vehiculos (id, ID_servicio, Placa, Modelo, Marca, Ano) values (211, 2, 633721, 1997, 'Hummer', 2009);
insert into Vehiculos (id, ID_servicio, Placa, Modelo, Marca, Ano) values (212, 1, 424727, 2012, 'Suzuki', 2006);
insert into Vehiculos (id, ID_servicio, Placa, Modelo, Marca, Ano) values (213, 2, 601987, 2012, 'Toyota', 2005);
insert into Vehiculos (id, ID_servicio, Placa, Modelo, Marca, Ano) values (214, 2, 755650, 2004, 'BMW', 2006);
insert into Vehiculos (id, ID_servicio, Placa, Modelo, Marca, Ano) values (215, 1, 348823, 1992, 'Lincoln', 1995);
insert into Vehiculos (id, ID_servicio, Placa, Modelo, Marca, Ano) values (216, 2, 799568, 1987, 'Buick', 2007);
insert into Vehiculos (id, ID_servicio, Placa, Modelo, Marca, Ano) values (217, 1, 783140, 1988, 'Saab', 2006);
insert into Vehiculos (id, ID_servicio, Placa, Modelo, Marca, Ano) values (218, 2, 326147, 1993, 'Eagle', 2012);
insert into Vehiculos (id, ID_servicio, Placa, Modelo, Marca, Ano) values (219, 2, 691116, 2004, 'Chevrolet', 2013);
insert into Vehiculos (id, ID_servicio, Placa, Modelo, Marca, Ano) values (220, 1, 722833, 1991, 'Mitsubishi', 2008);
insert into Vehiculos (id, ID_servicio, Placa, Modelo, Marca, Ano) values (221, 2, 584214, 1994, 'Mazda', 2008);
insert into Vehiculos (id, ID_servicio, Placa, Modelo, Marca, Ano) values (222, 2, 455374, 1995, 'Toyota', 1993);
insert into Vehiculos (id, ID_servicio, Placa, Modelo, Marca, Ano) values (223, 2, 816073, 1994, 'Nissan', 2004);
insert into Vehiculos (id, ID_servicio, Placa, Modelo, Marca, Ano) values (224, 2, 752268, 1992, 'Subaru', 2008);
insert into Vehiculos (id, ID_servicio, Placa, Modelo, Marca, Ano) values (225, 2, 722579, 2001, 'Ford', 1990);
insert into Vehiculos (id, ID_servicio, Placa, Modelo, Marca, Ano) values (226, 2, 528938, 2005, 'GMC', 1986);
insert into Vehiculos (id, ID_servicio, Placa, Modelo, Marca, Ano) values (227, 2, 814354, 2005, 'Hyundai', 1990);
insert into Vehiculos (id, ID_servicio, Placa, Modelo, Marca, Ano) values (228, 2, 459776, 2002, 'GMC', 1974);
insert into Vehiculos (id, ID_servicio, Placa, Modelo, Marca, Ano) values (229, 1, 536171, 2010, 'Volkswagen', 2006);
insert into Vehiculos (id, ID_servicio, Placa, Modelo, Marca, Ano) values (230, 2, 485946, 2009, 'Dodge', 2010);
insert into Vehiculos (id, ID_servicio, Placa, Modelo, Marca, Ano) values (231, 1, 762491, 1995, 'Nissan', 1986);
insert into Vehiculos (id, ID_servicio, Placa, Modelo, Marca, Ano) values (232, 1, 429753, 2000, 'Volvo', 1998);
insert into Vehiculos (id, ID_servicio, Placa, Modelo, Marca, Ano) values (233, 1, 505754, 2002, 'Ford', 2006);
insert into Vehiculos (id, ID_servicio, Placa, Modelo, Marca, Ano) values (234, 2, 375258, 1984, 'Ford', 2000);
insert into Vehiculos (id, ID_servicio, Placa, Modelo, Marca, Ano) values (235, 1, 639015, 1994, 'Oldsmobile', 1992);
insert into Vehiculos (id, ID_servicio, Placa, Modelo, Marca, Ano) values (236, 2, 836579, 2009, 'Lotus', 2007);
insert into Vehiculos (id, ID_servicio, Placa, Modelo, Marca, Ano) values (237, 1, 651291, 1995, 'Nissan', 2011);
insert into Vehiculos (id, ID_servicio, Placa, Modelo, Marca, Ano) values (238, 1, 519839, 1987, 'Buick', 1985);
insert into Vehiculos (id, ID_servicio, Placa, Modelo, Marca, Ano) values (239, 1, 500749, 2012, 'Ford', 2003);
insert into Vehiculos (id, ID_servicio, Placa, Modelo, Marca, Ano) values (240, 1, 788515, 1995, 'Mercury', 2006);
insert into Vehiculos (id, ID_servicio, Placa, Modelo, Marca, Ano) values (241, 2, 748887, 1985, 'Buick', 2000);
insert into Vehiculos (id, ID_servicio, Placa, Modelo, Marca, Ano) values (242, 2, 483310, 1992, 'Volkswagen', 2009);
insert into Vehiculos (id, ID_servicio, Placa, Modelo, Marca, Ano) values (243, 1, 322841, 1992, 'Ford', 1993);
insert into Vehiculos (id, ID_servicio, Placa, Modelo, Marca, Ano) values (244, 1, 658182, 2013, 'Lincoln', 2009);
insert into Vehiculos (id, ID_servicio, Placa, Modelo, Marca, Ano) values (245, 1, 694876, 2008, 'Audi', 2008);
insert into Vehiculos (id, ID_servicio, Placa, Modelo, Marca, Ano) values (246, 1, 646113, 1996, 'GMC', 2010);
insert into Vehiculos (id, ID_servicio, Placa, Modelo, Marca, Ano) values (247, 1, 571677, 2005, 'Mitsubishi', 1990);
insert into Vehiculos (id, ID_servicio, Placa, Modelo, Marca, Ano) values (248, 2, 443017, 1986, 'Ford', 2003);
insert into Vehiculos (id, ID_servicio, Placa, Modelo, Marca, Ano) values (249, 1, 689991, 1993, 'Toyota', 1997);
insert into Vehiculos (id, ID_servicio, Placa, Modelo, Marca, Ano) values (250, 1, 372548, 1995, 'Honda', 2008);
insert into Vehiculos (id, ID_servicio, Placa, Modelo, Marca, Ano) values (251, 1, 373546, 2010, 'Scion', 2002);
insert into Vehiculos (id, ID_servicio, Placa, Modelo, Marca, Ano) values (252, 2, 746043, 1995, 'Nissan', 2003);
insert into Vehiculos (id, ID_servicio, Placa, Modelo, Marca, Ano) values (253, 2, 558369, 1988, 'Land Rover', 1998);
insert into Vehiculos (id, ID_servicio, Placa, Modelo, Marca, Ano) values (254, 2, 483190, 2011, 'Subaru', 2007);
insert into Vehiculos (id, ID_servicio, Placa, Modelo, Marca, Ano) values (255, 1, 503375, 2004, 'BMW', 1999);
insert into Vehiculos (id, ID_servicio, Placa, Modelo, Marca, Ano) values (256, 2, 363039, 1993, 'BMW', 1996);
insert into Vehiculos (id, ID_servicio, Placa, Modelo, Marca, Ano) values (257, 2, 511861, 1963, 'Ford', 2012);
insert into Vehiculos (id, ID_servicio, Placa, Modelo, Marca, Ano) values (258, 2, 663139, 2009, 'Volkswagen', 2012);
insert into Vehiculos (id, ID_servicio, Placa, Modelo, Marca, Ano) values (259, 1, 819751, 2008, 'Chevrolet', 2004);
insert into Vehiculos (id, ID_servicio, Placa, Modelo, Marca, Ano) values (260, 2, 440277, 1988, 'Audi', 2003);
insert into Vehiculos (id, ID_servicio, Placa, Modelo, Marca, Ano) values (261, 1, 357683, 2001, 'Mercedes-Benz', 2005);
insert into Vehiculos (id, ID_servicio, Placa, Modelo, Marca, Ano) values (262, 1, 613221, 2007, 'Toyota', 2012);
insert into Vehiculos (id, ID_servicio, Placa, Modelo, Marca, Ano) values (263, 1, 534147, 2000, 'Acura', 2012);
insert into Vehiculos (id, ID_servicio, Placa, Modelo, Marca, Ano) values (264, 2, 646546, 2000, 'Honda', 1999);
insert into Vehiculos (id, ID_servicio, Placa, Modelo, Marca, Ano) values (265, 1, 710828, 1996, 'Mitsubishi', 2007);
insert into Vehiculos (id, ID_servicio, Placa, Modelo, Marca, Ano) values (266, 1, 458781, 1998, 'GMC', 2012);
insert into Vehiculos (id, ID_servicio, Placa, Modelo, Marca, Ano) values (267, 2, 340841, 1996, 'Oldsmobile', 2003);
insert into Vehiculos (id, ID_servicio, Placa, Modelo, Marca, Ano) values (268, 2, 758730, 2009, 'BMW', 1991);
insert into Vehiculos (id, ID_servicio, Placa, Modelo, Marca, Ano) values (269, 2, 555639, 2011, 'Chevrolet', 1995);
insert into Vehiculos (id, ID_servicio, Placa, Modelo, Marca, Ano) values (270, 1, 487452, 2001, 'Toyota', 1986);
insert into Vehiculos (id, ID_servicio, Placa, Modelo, Marca, Ano) values (271, 1, 837508, 1992, 'GMC', 1997);
insert into Vehiculos (id, ID_servicio, Placa, Modelo, Marca, Ano) values (272, 1, 333716, 1997, 'Ford', 1994);
insert into Vehiculos (id, ID_servicio, Placa, Modelo, Marca, Ano) values (273, 1, 443855, 2001, 'Lincoln', 2008);
insert into Vehiculos (id, ID_servicio, Placa, Modelo, Marca, Ano) values (274, 2, 812462, 2002, 'Dodge', 1999);
insert into Vehiculos (id, ID_servicio, Placa, Modelo, Marca, Ano) values (275, 2, 690121, 2010, 'Mercury', 2001);
insert into Vehiculos (id, ID_servicio, Placa, Modelo, Marca, Ano) values (276, 1, 753171, 2011, 'GMC', 1992);
insert into Vehiculos (id, ID_servicio, Placa, Modelo, Marca, Ano) values (277, 1, 336230, 2007, 'Suzuki', 2005);
insert into Vehiculos (id, ID_servicio, Placa, Modelo, Marca, Ano) values (278, 1, 575833, 2007, 'Mazda', 2007);
insert into Vehiculos (id, ID_servicio, Placa, Modelo, Marca, Ano) values (279, 1, 817740, 1995, 'Jeep', 1993);
insert into Vehiculos (id, ID_servicio, Placa, Modelo, Marca, Ano) values (280, 2, 785535, 1995, 'Cadillac', 2011);
insert into Vehiculos (id, ID_servicio, Placa, Modelo, Marca, Ano) values (281, 2, 573792, 2005, 'Porsche', 1989);
insert into Vehiculos (id, ID_servicio, Placa, Modelo, Marca, Ano) values (282, 1, 509965, 2002, 'Honda', 2013);
insert into Vehiculos (id, ID_servicio, Placa, Modelo, Marca, Ano) values (283, 1, 336438, 2002, 'Audi', 2007);
insert into Vehiculos (id, ID_servicio, Placa, Modelo, Marca, Ano) values (284, 2, 500457, 2008, 'Mercedes-Benz', 2009);
insert into Vehiculos (id, ID_servicio, Placa, Modelo, Marca, Ano) values (285, 1, 534400, 1991, 'Mazda', 2010);
insert into Vehiculos (id, ID_servicio, Placa, Modelo, Marca, Ano) values (286, 2, 406875, 1998, 'Saab', 2002);
insert into Vehiculos (id, ID_servicio, Placa, Modelo, Marca, Ano) values (287, 2, 431805, 2012, 'Ford', 2009);
insert into Vehiculos (id, ID_servicio, Placa, Modelo, Marca, Ano) values (288, 2, 636409, 2004, 'Saturn', 2009);
insert into Vehiculos (id, ID_servicio, Placa, Modelo, Marca, Ano) values (289, 2, 792432, 2012, 'Porsche', 1994);
insert into Vehiculos (id, ID_servicio, Placa, Modelo, Marca, Ano) values (290, 1, 373392, 2006, 'Pontiac', 2008);
insert into Vehiculos (id, ID_servicio, Placa, Modelo, Marca, Ano) values (291, 2, 407856, 2007, 'BMW', 1997);
insert into Vehiculos (id, ID_servicio, Placa, Modelo, Marca, Ano) values (292, 2, 472104, 2008, 'Scion', 2003);
insert into Vehiculos (id, ID_servicio, Placa, Modelo, Marca, Ano) values (293, 2, 369582, 2011, 'Rolls-Royce', 1998);
insert into Vehiculos (id, ID_servicio, Placa, Modelo, Marca, Ano) values (294, 2, 302940, 2008, 'Kia', 1988);
insert into Vehiculos (id, ID_servicio, Placa, Modelo, Marca, Ano) values (295, 1, 614858, 2008, 'Bentley', 1993);
insert into Vehiculos (id, ID_servicio, Placa, Modelo, Marca, Ano) values (296, 1, 426917, 2012, 'Toyota', 1998);
insert into Vehiculos (id, ID_servicio, Placa, Modelo, Marca, Ano) values (297, 1, 495225, 1989, 'Volkswagen', 1995);
insert into Vehiculos (id, ID_servicio, Placa, Modelo, Marca, Ano) values (298, 2, 837684, 2005, 'Toyota', 1992);
insert into Vehiculos (id, ID_servicio, Placa, Modelo, Marca, Ano) values (299, 1, 771669, 2003, 'GMC', 2009);
insert into Vehiculos (id, ID_servicio, Placa, Modelo, Marca, Ano) values (300, 1, 318657, 2000, 'GMC', 2004);
insert into Vehiculos (id, ID_servicio, Placa, Modelo, Marca, Ano) values (301, 2, 469797, 2012, 'Mercedes-Benz', 2002);
insert into Vehiculos (id, ID_servicio, Placa, Modelo, Marca, Ano) values (302, 2, 404507, 1998, 'Toyota', 2012);
insert into Vehiculos (id, ID_servicio, Placa, Modelo, Marca, Ano) values (303, 1, 833282, 2005, 'Dodge', 2008);
insert into Vehiculos (id, ID_servicio, Placa, Modelo, Marca, Ano) values (304, 1, 544045, 2001, 'Ford', 1991);
insert into Vehiculos (id, ID_servicio, Placa, Modelo, Marca, Ano) values (305, 2, 373426, 2001, 'Chrysler', 1991);
insert into Vehiculos (id, ID_servicio, Placa, Modelo, Marca, Ano) values (306, 2, 509604, 2003, 'Honda', 2001);
insert into Vehiculos (id, ID_servicio, Placa, Modelo, Marca, Ano) values (307, 2, 706984, 2006, 'Saab', 1995);
insert into Vehiculos (id, ID_servicio, Placa, Modelo, Marca, Ano) values (308, 1, 691273, 2000, 'GMC', 1990);
insert into Vehiculos (id, ID_servicio, Placa, Modelo, Marca, Ano) values (309, 2, 618117, 1998, 'Volvo', 2010);
insert into Vehiculos (id, ID_servicio, Placa, Modelo, Marca, Ano) values (310, 1, 578507, 1998, 'Honda', 2009);
insert into Vehiculos (id, ID_servicio, Placa, Modelo, Marca, Ano) values (311, 2, 370201, 2004, 'Mercury', 1993);
insert into Vehiculos (id, ID_servicio, Placa, Modelo, Marca, Ano) values (312, 2, 429441, 2004, 'Chevrolet', 1992);
insert into Vehiculos (id, ID_servicio, Placa, Modelo, Marca, Ano) values (313, 1, 526350, 2012, 'Ford', 2003);
insert into Vehiculos (id, ID_servicio, Placa, Modelo, Marca, Ano) values (314, 1, 716711, 2012, 'Nissan', 1998);
insert into Vehiculos (id, ID_servicio, Placa, Modelo, Marca, Ano) values (315, 1, 466904, 1993, 'Dodge', 2012);
insert into Vehiculos (id, ID_servicio, Placa, Modelo, Marca, Ano) values (316, 2, 644439, 2006, 'GMC', 1998);
insert into Vehiculos (id, ID_servicio, Placa, Modelo, Marca, Ano) values (317, 1, 519332, 2002, 'Chevrolet', 2002);
insert into Vehiculos (id, ID_servicio, Placa, Modelo, Marca, Ano) values (318, 1, 503889, 2001, 'Land Rover', 2007);
insert into Vehiculos (id, ID_servicio, Placa, Modelo, Marca, Ano) values (319, 1, 362553, 1994, 'Volkswagen', 1984);
insert into Vehiculos (id, ID_servicio, Placa, Modelo, Marca, Ano) values (320, 2, 468476, 2007, 'Peugeot', 1984);
insert into Vehiculos (id, ID_servicio, Placa, Modelo, Marca, Ano) values (321, 2, 514404, 2010, 'Audi', 2001);
insert into Vehiculos (id, ID_servicio, Placa, Modelo, Marca, Ano) values (322, 2, 464943, 1997, 'GMC', 2001);
insert into Vehiculos (id, ID_servicio, Placa, Modelo, Marca, Ano) values (323, 2, 571186, 2006, 'Mazda', 1998);
insert into Vehiculos (id, ID_servicio, Placa, Modelo, Marca, Ano) values (324, 2, 694870, 2007, 'Ford', 1995);
insert into Vehiculos (id, ID_servicio, Placa, Modelo, Marca, Ano) values (325, 1, 586445, 2003, 'Maserati', 1986);
insert into Vehiculos (id, ID_servicio, Placa, Modelo, Marca, Ano) values (326, 1, 479209, 2011, 'Suzuki', 1967);
insert into Vehiculos (id, ID_servicio, Placa, Modelo, Marca, Ano) values (327, 2, 440377, 1996, 'Subaru', 1989);
insert into Vehiculos (id, ID_servicio, Placa, Modelo, Marca, Ano) values (328, 1, 314554, 2000, 'Ford', 1998);
insert into Vehiculos (id, ID_servicio, Placa, Modelo, Marca, Ano) values (329, 1, 688358, 1996, 'Dodge', 2002);
insert into Vehiculos (id, ID_servicio, Placa, Modelo, Marca, Ano) values (330, 1, 613098, 1995, 'Plymouth', 1992);
insert into Vehiculos (id, ID_servicio, Placa, Modelo, Marca, Ano) values (331, 2, 493831, 2010, 'Toyota', 2008);
insert into Vehiculos (id, ID_servicio, Placa, Modelo, Marca, Ano) values (332, 1, 463868, 2002, 'Chevrolet', 1993);
insert into Vehiculos (id, ID_servicio, Placa, Modelo, Marca, Ano) values (333, 2, 676410, 2003, 'Chrysler', 2011);
insert into Vehiculos (id, ID_servicio, Placa, Modelo, Marca, Ano) values (334, 1, 345832, 2002, 'Chrysler', 2004);
insert into Vehiculos (id, ID_servicio, Placa, Modelo, Marca, Ano) values (335, 1, 806886, 1994, 'Audi', 2005);
insert into Vehiculos (id, ID_servicio, Placa, Modelo, Marca, Ano) values (336, 1, 532004, 1985, 'Chevrolet', 1993);
insert into Vehiculos (id, ID_servicio, Placa, Modelo, Marca, Ano) values (337, 2, 756795, 2002, 'Volvo', 1986);
insert into Vehiculos (id, ID_servicio, Placa, Modelo, Marca, Ano) values (338, 1, 719319, 2000, 'Isuzu', 1990);
insert into Vehiculos (id, ID_servicio, Placa, Modelo, Marca, Ano) values (339, 2, 748264, 2001, 'Lincoln', 1987);
insert into Vehiculos (id, ID_servicio, Placa, Modelo, Marca, Ano) values (340, 1, 484608, 1996, 'Chevrolet', 2010);
insert into Vehiculos (id, ID_servicio, Placa, Modelo, Marca, Ano) values (341, 2, 655381, 1994, 'Dodge', 1986);
insert into Vehiculos (id, ID_servicio, Placa, Modelo, Marca, Ano) values (342, 2, 635257, 2004, 'Buick', 1995);
insert into Vehiculos (id, ID_servicio, Placa, Modelo, Marca, Ano) values (343, 1, 619605, 2007, 'Nissan', 2009);
insert into Vehiculos (id, ID_servicio, Placa, Modelo, Marca, Ano) values (344, 2, 638615, 1996, 'Chevrolet', 1996);
insert into Vehiculos (id, ID_servicio, Placa, Modelo, Marca, Ano) values (345, 1, 581088, 2006, 'Mitsubishi', 2001);
insert into Vehiculos (id, ID_servicio, Placa, Modelo, Marca, Ano) values (346, 1, 549028, 2012, 'Kia', 2008);
insert into Vehiculos (id, ID_servicio, Placa, Modelo, Marca, Ano) values (347, 2, 589825, 1992, 'GMC', 2002);
insert into Vehiculos (id, ID_servicio, Placa, Modelo, Marca, Ano) values (348, 1, 651825, 2004, 'Porsche', 1988);
insert into Vehiculos (id, ID_servicio, Placa, Modelo, Marca, Ano) values (349, 2, 611047, 1992, 'Dodge', 2007);
insert into Vehiculos (id, ID_servicio, Placa, Modelo, Marca, Ano) values (350, 1, 573397, 2010, 'Mercedes-Benz', 2001);
insert into Vehiculos (id, ID_servicio, Placa, Modelo, Marca, Ano) values (351, 1, 685582, 2007, 'Dodge', 2006);
insert into Vehiculos (id, ID_servicio, Placa, Modelo, Marca, Ano) values (352, 2, 506535, 1990, 'Mazda', 1996);
insert into Vehiculos (id, ID_servicio, Placa, Modelo, Marca, Ano) values (353, 1, 740517, 2006, 'Lexus', 2002);
insert into Vehiculos (id, ID_servicio, Placa, Modelo, Marca, Ano) values (354, 2, 729690, 1994, 'Ford', 2007);
insert into Vehiculos (id, ID_servicio, Placa, Modelo, Marca, Ano) values (355, 2, 758780, 2004, 'GMC', 2007);
insert into Vehiculos (id, ID_servicio, Placa, Modelo, Marca, Ano) values (356, 1, 395768, 2004, 'Honda', 2012);
insert into Vehiculos (id, ID_servicio, Placa, Modelo, Marca, Ano) values (357, 2, 723143, 2002, 'Chevrolet', 2007);
insert into Vehiculos (id, ID_servicio, Placa, Modelo, Marca, Ano) values (358, 1, 509513, 2010, 'GMC', 1995);
insert into Vehiculos (id, ID_servicio, Placa, Modelo, Marca, Ano) values (359, 1, 462439, 2000, 'Plymouth', 1994);
insert into Vehiculos (id, ID_servicio, Placa, Modelo, Marca, Ano) values (360, 2, 469097, 1994, 'Lexus', 1996);
insert into Vehiculos (id, ID_servicio, Placa, Modelo, Marca, Ano) values (361, 1, 571980, 1993, 'Buick', 2007);
insert into Vehiculos (id, ID_servicio, Placa, Modelo, Marca, Ano) values (362, 2, 480550, 2012, 'Ford', 1997);
insert into Vehiculos (id, ID_servicio, Placa, Modelo, Marca, Ano) values (363, 1, 723798, 1984, 'Mitsubishi', 2008);
insert into Vehiculos (id, ID_servicio, Placa, Modelo, Marca, Ano) values (364, 2, 659976, 1992, 'Toyota', 1994);
insert into Vehiculos (id, ID_servicio, Placa, Modelo, Marca, Ano) values (365, 1, 650524, 2012, 'Audi', 2004);
insert into Vehiculos (id, ID_servicio, Placa, Modelo, Marca, Ano) values (366, 1, 346282, 2011, 'Chevrolet', 1995);
insert into Vehiculos (id, ID_servicio, Placa, Modelo, Marca, Ano) values (367, 1, 335302, 2006, 'Toyota', 1995);
insert into Vehiculos (id, ID_servicio, Placa, Modelo, Marca, Ano) values (368, 2, 329188, 2000, 'Saturn', 1996);
insert into Vehiculos (id, ID_servicio, Placa, Modelo, Marca, Ano) values (369, 2, 356919, 1993, 'GMC', 2009);
insert into Vehiculos (id, ID_servicio, Placa, Modelo, Marca, Ano) values (370, 1, 301965, 1995, 'GMC', 2005);
insert into Vehiculos (id, ID_servicio, Placa, Modelo, Marca, Ano) values (371, 1, 481914, 1992, 'Mercury', 2000);
insert into Vehiculos (id, ID_servicio, Placa, Modelo, Marca, Ano) values (372, 2, 370266, 2003, 'Audi', 2008);
insert into Vehiculos (id, ID_servicio, Placa, Modelo, Marca, Ano) values (373, 2, 434833, 2008, 'Buick', 2011);
insert into Vehiculos (id, ID_servicio, Placa, Modelo, Marca, Ano) values (374, 1, 413262, 2007, 'Porsche', 1992);
insert into Vehiculos (id, ID_servicio, Placa, Modelo, Marca, Ano) values (375, 2, 446494, 2010, 'Audi', 2008);
insert into Vehiculos (id, ID_servicio, Placa, Modelo, Marca, Ano) values (376, 2, 787590, 1998, 'Volkswagen', 1989);
insert into Vehiculos (id, ID_servicio, Placa, Modelo, Marca, Ano) values (377, 1, 542763, 1967, 'Pontiac', 2007);
insert into Vehiculos (id, ID_servicio, Placa, Modelo, Marca, Ano) values (378, 1, 366193, 2003, 'Cadillac', 1986);
insert into Vehiculos (id, ID_servicio, Placa, Modelo, Marca, Ano) values (379, 2, 826773, 2006, 'Nissan', 2010);
insert into Vehiculos (id, ID_servicio, Placa, Modelo, Marca, Ano) values (380, 2, 845072, 2009, 'Lincoln', 1999);
insert into Vehiculos (id, ID_servicio, Placa, Modelo, Marca, Ano) values (381, 1, 721904, 2011, 'Dodge', 2012);
insert into Vehiculos (id, ID_servicio, Placa, Modelo, Marca, Ano) values (382, 2, 644921, 2002, 'Mitsubishi', 1984);
insert into Vehiculos (id, ID_servicio, Placa, Modelo, Marca, Ano) values (383, 1, 814625, 2005, 'Suzuki', 2006);
insert into Vehiculos (id, ID_servicio, Placa, Modelo, Marca, Ano) values (384, 2, 552392, 1996, 'Mazda', 1997);
insert into Vehiculos (id, ID_servicio, Placa, Modelo, Marca, Ano) values (385, 1, 360039, 2008, 'Chevrolet', 2004);
insert into Vehiculos (id, ID_servicio, Placa, Modelo, Marca, Ano) values (386, 2, 407237, 1992, 'Isuzu', 2004);
insert into Vehiculos (id, ID_servicio, Placa, Modelo, Marca, Ano) values (387, 2, 844593, 2009, 'Toyota', 2002);
insert into Vehiculos (id, ID_servicio, Placa, Modelo, Marca, Ano) values (388, 1, 634911, 2010, 'Mercury', 2011);
insert into Vehiculos (id, ID_servicio, Placa, Modelo, Marca, Ano) values (389, 1, 792870, 1966, 'Oldsmobile', 2004);
insert into Vehiculos (id, ID_servicio, Placa, Modelo, Marca, Ano) values (390, 1, 401135, 2002, 'Kia', 1993);
insert into Vehiculos (id, ID_servicio, Placa, Modelo, Marca, Ano) values (391, 2, 785358, 1991, 'Mercedes-Benz', 2010);
insert into Vehiculos (id, ID_servicio, Placa, Modelo, Marca, Ano) values (392, 2, 496522, 1992, 'Ford', 1994);
insert into Vehiculos (id, ID_servicio, Placa, Modelo, Marca, Ano) values (393, 2, 392829, 2007, 'Chevrolet', 2011);
insert into Vehiculos (id, ID_servicio, Placa, Modelo, Marca, Ano) values (394, 1, 698832, 1996, 'Dodge', 1995);
insert into Vehiculos (id, ID_servicio, Placa, Modelo, Marca, Ano) values (395, 1, 817477, 2009, 'Hummer', 1986);
insert into Vehiculos (id, ID_servicio, Placa, Modelo, Marca, Ano) values (396, 1, 703760, 2011, 'Ram', 2004);
insert into Vehiculos (id, ID_servicio, Placa, Modelo, Marca, Ano) values (397, 2, 629990, 1999, 'Mercury', 1999);
insert into Vehiculos (id, ID_servicio, Placa, Modelo, Marca, Ano) values (398, 1, 675721, 1990, 'Buick', 2009);
insert into Vehiculos (id, ID_servicio, Placa, Modelo, Marca, Ano) values (399, 2, 651120, 2011, 'Toyota', 1999);
insert into Vehiculos (id, ID_servicio, Placa, Modelo, Marca, Ano) values (400, 1, 709398, 1989, 'Mitsubishi', 2002);
insert into Vehiculos (id, ID_servicio, Placa, Modelo, Marca, Ano) values (401, 1, 536433, 2009, 'Hyundai', 2006);
insert into Vehiculos (id, ID_servicio, Placa, Modelo, Marca, Ano) values (402, 2, 619659, 1997, 'GMC', 1961);
insert into Vehiculos (id, ID_servicio, Placa, Modelo, Marca, Ano) values (403, 2, 304215, 1986, 'Pontiac', 1999);
insert into Vehiculos (id, ID_servicio, Placa, Modelo, Marca, Ano) values (404, 1, 545756, 1998, 'Mitsubishi', 1997);
insert into Vehiculos (id, ID_servicio, Placa, Modelo, Marca, Ano) values (405, 2, 404447, 2009, 'Kia', 1988);
insert into Vehiculos (id, ID_servicio, Placa, Modelo, Marca, Ano) values (406, 2, 413435, 2011, 'GMC', 1998);
insert into Vehiculos (id, ID_servicio, Placa, Modelo, Marca, Ano) values (407, 1, 808260, 2012, 'Ford', 2007);
insert into Vehiculos (id, ID_servicio, Placa, Modelo, Marca, Ano) values (408, 1, 670382, 1995, 'Audi', 2005);
insert into Vehiculos (id, ID_servicio, Placa, Modelo, Marca, Ano) values (409, 1, 409706, 1987, 'Ford', 1994);
insert into Vehiculos (id, ID_servicio, Placa, Modelo, Marca, Ano) values (410, 1, 727330, 2002, 'Daewoo', 1997);
insert into Vehiculos (id, ID_servicio, Placa, Modelo, Marca, Ano) values (411, 2, 325891, 2002, 'MINI', 1993);
insert into Vehiculos (id, ID_servicio, Placa, Modelo, Marca, Ano) values (412, 1, 685522, 2012, 'Mitsubishi', 1991);
insert into Vehiculos (id, ID_servicio, Placa, Modelo, Marca, Ano) values (413, 1, 726847, 1999, 'Dodge', 1998);
insert into Vehiculos (id, ID_servicio, Placa, Modelo, Marca, Ano) values (414, 1, 513231, 2000, 'Chevrolet', 1999);
insert into Vehiculos (id, ID_servicio, Placa, Modelo, Marca, Ano) values (415, 1, 436738, 2011, 'Lexus', 2008);
insert into Vehiculos (id, ID_servicio, Placa, Modelo, Marca, Ano) values (416, 1, 485389, 1984, 'Mercury', 2009);
insert into Vehiculos (id, ID_servicio, Placa, Modelo, Marca, Ano) values (417, 2, 597622, 1994, 'Acura', 1998);
insert into Vehiculos (id, ID_servicio, Placa, Modelo, Marca, Ano) values (418, 2, 720235, 1994, 'Subaru', 1988);
insert into Vehiculos (id, ID_servicio, Placa, Modelo, Marca, Ano) values (419, 2, 565606, 2005, 'Honda', 2004);
insert into Vehiculos (id, ID_servicio, Placa, Modelo, Marca, Ano) values (420, 1, 391348, 1993, 'Mitsubishi', 1991);
insert into Vehiculos (id, ID_servicio, Placa, Modelo, Marca, Ano) values (421, 1, 390048, 2007, 'Ford', 1999);
insert into Vehiculos (id, ID_servicio, Placa, Modelo, Marca, Ano) values (422, 1, 737666, 1992, 'Volvo', 2005);
insert into Vehiculos (id, ID_servicio, Placa, Modelo, Marca, Ano) values (423, 1, 541219, 2004, 'Chevrolet', 2011);
insert into Vehiculos (id, ID_servicio, Placa, Modelo, Marca, Ano) values (424, 1, 472666, 2007, 'Saab', 2009);
insert into Vehiculos (id, ID_servicio, Placa, Modelo, Marca, Ano) values (425, 1, 544174, 1989, 'Pontiac', 2011);
insert into Vehiculos (id, ID_servicio, Placa, Modelo, Marca, Ano) values (426, 2, 655648, 1990, 'Eagle', 1998);
insert into Vehiculos (id, ID_servicio, Placa, Modelo, Marca, Ano) values (427, 1, 564041, 2006, 'Dodge', 2012);
insert into Vehiculos (id, ID_servicio, Placa, Modelo, Marca, Ano) values (428, 1, 512006, 1991, 'Lincoln', 1991);
insert into Vehiculos (id, ID_servicio, Placa, Modelo, Marca, Ano) values (429, 2, 700114, 1989, 'Mazda', 1987);
insert into Vehiculos (id, ID_servicio, Placa, Modelo, Marca, Ano) values (430, 1, 392560, 2011, 'Mazda', 2006);
insert into Vehiculos (id, ID_servicio, Placa, Modelo, Marca, Ano) values (431, 2, 740327, 1988, 'Mercedes-Benz', 1990);
insert into Vehiculos (id, ID_servicio, Placa, Modelo, Marca, Ano) values (432, 2, 393813, 2001, 'Ford', 1992);
insert into Vehiculos (id, ID_servicio, Placa, Modelo, Marca, Ano) values (433, 2, 405955, 1994, 'Infiniti', 1990);
insert into Vehiculos (id, ID_servicio, Placa, Modelo, Marca, Ano) values (434, 1, 546044, 2004, 'Mazda', 1992);
insert into Vehiculos (id, ID_servicio, Placa, Modelo, Marca, Ano) values (435, 2, 673293, 2007, 'Nissan', 1994);
insert into Vehiculos (id, ID_servicio, Placa, Modelo, Marca, Ano) values (436, 1, 463741, 2010, 'Chevrolet', 1996);
insert into Vehiculos (id, ID_servicio, Placa, Modelo, Marca, Ano) values (437, 1, 458128, 1990, 'Buick', 2010);
insert into Vehiculos (id, ID_servicio, Placa, Modelo, Marca, Ano) values (438, 2, 696713, 1990, 'Pontiac', 2006);
insert into Vehiculos (id, ID_servicio, Placa, Modelo, Marca, Ano) values (439, 1, 673790, 1996, 'Kia', 2007);
insert into Vehiculos (id, ID_servicio, Placa, Modelo, Marca, Ano) values (440, 2, 315829, 1985, 'Mitsubishi', 1996);
insert into Vehiculos (id, ID_servicio, Placa, Modelo, Marca, Ano) values (441, 1, 488139, 1992, 'Nissan', 2011);
insert into Vehiculos (id, ID_servicio, Placa, Modelo, Marca, Ano) values (442, 1, 453705, 1990, 'Buick', 1994);
insert into Vehiculos (id, ID_servicio, Placa, Modelo, Marca, Ano) values (443, 1, 321932, 1971, 'Chevrolet', 1985);
insert into Vehiculos (id, ID_servicio, Placa, Modelo, Marca, Ano) values (444, 2, 362492, 2008, 'Hyundai', 1996);
insert into Vehiculos (id, ID_servicio, Placa, Modelo, Marca, Ano) values (445, 2, 698939, 2004, 'Toyota', 2000);
insert into Vehiculos (id, ID_servicio, Placa, Modelo, Marca, Ano) values (446, 2, 411014, 2006, 'Kia', 2011);
insert into Vehiculos (id, ID_servicio, Placa, Modelo, Marca, Ano) values (447, 2, 779395, 1992, 'Mercedes-Benz', 1988);
insert into Vehiculos (id, ID_servicio, Placa, Modelo, Marca, Ano) values (448, 1, 699675, 2009, 'Audi', 2012);
insert into Vehiculos (id, ID_servicio, Placa, Modelo, Marca, Ano) values (449, 1, 772871, 2000, 'Chrysler', 2012);
insert into Vehiculos (id, ID_servicio, Placa, Modelo, Marca, Ano) values (450, 1, 646020, 2008, 'Lamborghini', 2007);
insert into Vehiculos (id, ID_servicio, Placa, Modelo, Marca, Ano) values (451, 2, 840409, 1991, 'Audi', 2006);
insert into Vehiculos (id, ID_servicio, Placa, Modelo, Marca, Ano) values (452, 1, 595523, 2001, 'Subaru', 1985);
insert into Vehiculos (id, ID_servicio, Placa, Modelo, Marca, Ano) values (453, 2, 471574, 2012, 'Ford', 2000);
insert into Vehiculos (id, ID_servicio, Placa, Modelo, Marca, Ano) values (454, 2, 466784, 2012, 'Toyota', 2001);
insert into Vehiculos (id, ID_servicio, Placa, Modelo, Marca, Ano) values (455, 1, 813336, 2006, 'BMW', 2002);
insert into Vehiculos (id, ID_servicio, Placa, Modelo, Marca, Ano) values (456, 2, 746203, 2000, 'Plymouth', 1993);
insert into Vehiculos (id, ID_servicio, Placa, Modelo, Marca, Ano) values (457, 2, 530580, 2000, 'Dodge', 1992);
insert into Vehiculos (id, ID_servicio, Placa, Modelo, Marca, Ano) values (458, 2, 404311, 2008, 'MINI', 2001);
insert into Vehiculos (id, ID_servicio, Placa, Modelo, Marca, Ano) values (459, 1, 626750, 1995, 'BMW', 1999);
insert into Vehiculos (id, ID_servicio, Placa, Modelo, Marca, Ano) values (460, 1, 595364, 2004, 'Jeep', 2009);
insert into Vehiculos (id, ID_servicio, Placa, Modelo, Marca, Ano) values (461, 1, 399893, 1992, 'Mazda', 1993);
insert into Vehiculos (id, ID_servicio, Placa, Modelo, Marca, Ano) values (462, 1, 687902, 2006, 'GMC', 2001);
insert into Vehiculos (id, ID_servicio, Placa, Modelo, Marca, Ano) values (463, 2, 555321, 1993, 'Mitsubishi', 2010);
insert into Vehiculos (id, ID_servicio, Placa, Modelo, Marca, Ano) values (464, 1, 484423, 2011, 'Nissan', 1988);
insert into Vehiculos (id, ID_servicio, Placa, Modelo, Marca, Ano) values (465, 1, 670478, 2004, 'Toyota', 1998);
insert into Vehiculos (id, ID_servicio, Placa, Modelo, Marca, Ano) values (466, 2, 580295, 1995, 'Chevrolet', 1996);
insert into Vehiculos (id, ID_servicio, Placa, Modelo, Marca, Ano) values (467, 1, 596397, 1967, 'Pontiac', 2000);
insert into Vehiculos (id, ID_servicio, Placa, Modelo, Marca, Ano) values (468, 2, 596972, 2009, 'Volkswagen', 2002);
insert into Vehiculos (id, ID_servicio, Placa, Modelo, Marca, Ano) values (469, 1, 834777, 1990, 'Pontiac', 2006);
insert into Vehiculos (id, ID_servicio, Placa, Modelo, Marca, Ano) values (470, 1, 630869, 1996, 'Chevrolet', 2012);
insert into Vehiculos (id, ID_servicio, Placa, Modelo, Marca, Ano) values (471, 2, 816606, 2001, 'Hyundai', 1994);
insert into Vehiculos (id, ID_servicio, Placa, Modelo, Marca, Ano) values (472, 2, 712537, 1994, 'Dodge', 2009);
insert into Vehiculos (id, ID_servicio, Placa, Modelo, Marca, Ano) values (473, 1, 743960, 2007, 'Toyota', 1986);
insert into Vehiculos (id, ID_servicio, Placa, Modelo, Marca, Ano) values (474, 1, 682445, 1993, 'GMC', 2004);
insert into Vehiculos (id, ID_servicio, Placa, Modelo, Marca, Ano) values (475, 2, 776733, 1997, 'Honda', 2012);
insert into Vehiculos (id, ID_servicio, Placa, Modelo, Marca, Ano) values (476, 2, 779590, 2003, 'Oldsmobile', 1989);
insert into Vehiculos (id, ID_servicio, Placa, Modelo, Marca, Ano) values (477, 2, 529561, 1988, 'Pontiac', 2008);
insert into Vehiculos (id, ID_servicio, Placa, Modelo, Marca, Ano) values (478, 2, 603073, 1993, 'Toyota', 2010);
insert into Vehiculos (id, ID_servicio, Placa, Modelo, Marca, Ano) values (479, 2, 358834, 1996, 'Chevrolet', 2009);
insert into Vehiculos (id, ID_servicio, Placa, Modelo, Marca, Ano) values (480, 1, 538353, 1994, 'Land Rover', 2002);
insert into Vehiculos (id, ID_servicio, Placa, Modelo, Marca, Ano) values (481, 2, 345489, 2004, 'Audi', 2005);
insert into Vehiculos (id, ID_servicio, Placa, Modelo, Marca, Ano) values (482, 2, 305915, 2006, 'Infiniti', 1999);
insert into Vehiculos (id, ID_servicio, Placa, Modelo, Marca, Ano) values (483, 2, 413321, 2003, 'Audi', 2008);
insert into Vehiculos (id, ID_servicio, Placa, Modelo, Marca, Ano) values (484, 2, 612408, 2007, 'Mazda', 2008);
insert into Vehiculos (id, ID_servicio, Placa, Modelo, Marca, Ano) values (485, 1, 623558, 1995, 'Buick', 1990);
insert into Vehiculos (id, ID_servicio, Placa, Modelo, Marca, Ano) values (486, 1, 776523, 2008, 'Jeep', 2001);
insert into Vehiculos (id, ID_servicio, Placa, Modelo, Marca, Ano) values (487, 1, 498805, 2003, 'Buick', 1985);
insert into Vehiculos (id, ID_servicio, Placa, Modelo, Marca, Ano) values (488, 1, 640393, 1989, 'Maserati', 2012);
insert into Vehiculos (id, ID_servicio, Placa, Modelo, Marca, Ano) values (489, 1, 411976, 2003, 'BMW', 1993);
insert into Vehiculos (id, ID_servicio, Placa, Modelo, Marca, Ano) values (490, 2, 742281, 1967, 'Pontiac', 2010);
insert into Vehiculos (id, ID_servicio, Placa, Modelo, Marca, Ano) values (491, 2, 357014, 2000, 'Mazda', 2012);
insert into Vehiculos (id, ID_servicio, Placa, Modelo, Marca, Ano) values (492, 1, 408190, 1991, 'Nissan', 2000);
insert into Vehiculos (id, ID_servicio, Placa, Modelo, Marca, Ano) values (493, 1, 414714, 1990, 'Porsche', 2012);
insert into Vehiculos (id, ID_servicio, Placa, Modelo, Marca, Ano) values (494, 1, 503696, 1985, 'Ford', 2007);
insert into Vehiculos (id, ID_servicio, Placa, Modelo, Marca, Ano) values (495, 1, 612162, 1996, 'Lexus', 1999);
insert into Vehiculos (id, ID_servicio, Placa, Modelo, Marca, Ano) values (496, 2, 730654, 1991, 'Audi', 2012);
insert into Vehiculos (id, ID_servicio, Placa, Modelo, Marca, Ano) values (497, 1, 408551, 2010, 'Smart', 2002);
insert into Vehiculos (id, ID_servicio, Placa, Modelo, Marca, Ano) values (498, 1, 638928, 2012, 'Aston Martin', 2002);
insert into Vehiculos (id, ID_servicio, Placa, Modelo, Marca, Ano) values (499, 1, 519922, 2001, 'Dodge', 1995);
insert into Vehiculos (id, ID_servicio, Placa, Modelo, Marca, Ano) values (500, 2, 703899, 2006, 'GMC', 1993);

-- InsercciÛn de Conductores
insert into Conductores (id, Nombre, Lenguaje, Foto, Celular, Email1, Email2, Codigo_invitacion, Indicador_recibos, ID_pais, Cuenta_pago) values (1, 'Kamila Gillicuddy', 'Mƒ?ori', 'http://dummyimage.com/238x208.jpg/dddddd/000000', '7011551978', 'kgillicuddy0@mediafire.com', 'kgillicuddy0@amazon.com', 39743088, 0, 1, '3569803994092298');
insert into Conductores (id, Nombre, Lenguaje, Foto, Celular, Email1, Email2, Codigo_invitacion, Indicador_recibos, ID_pais, Cuenta_pago) values (2, 'Boris Koppke', 'German', 'http://dummyimage.com/168x188.jpg/ff4444/ffffff', '7455937381', 'bkoppke1@unc.edu', 'bkoppke1@google.ru', 42400485, 1, 2, '3561144939228723');
insert into Conductores (id, Nombre, Lenguaje, Foto, Celular, Email1, Email2, Codigo_invitacion, Indicador_recibos, ID_pais, Cuenta_pago) values (3, 'Brandi Corradetti', 'Haitian Creole', 'http://dummyimage.com/155x201.png/dddddd/000000', '3286471445', 'bcorradetti2@webnode.com', 'bcorradetti2@tmall.com', 40348441, 1, 3, '3546999763761507');
insert into Conductores (id, Nombre, Lenguaje, Foto, Celular, Email1, Email2, Codigo_invitacion, Indicador_recibos, ID_pais, Cuenta_pago) values (4, 'Corabelle Rosencrantz', 'Thai', 'http://dummyimage.com/154x144.png/ff4444/ffffff', '5419972724', 'crosencrantz3@usatoday.com', 'crosencrantz3@google.de', 59246179, 0, 4, '3583065689073510');
insert into Conductores (id, Nombre, Lenguaje, Foto, Celular, Email1, Email2, Codigo_invitacion, Indicador_recibos, ID_pais, Cuenta_pago) values (5, 'Leia Larrett', 'German', 'http://dummyimage.com/208x136.bmp/5fa2dd/ffffff', '6002118617', 'llarrett4@jiathis.com', 'llarrett4@slideshare.net', 62989585, 0, 5, '30189130402006');
insert into Conductores (id, Nombre, Lenguaje, Foto, Celular, Email1, Email2, Codigo_invitacion, Indicador_recibos, ID_pais, Cuenta_pago) values (6, 'Lela Enefer', 'Bislama', 'http://dummyimage.com/147x242.jpg/ff4444/ffffff', '8424631701', 'lenefer5@de.vu', 'lenefer5@xrea.com', 21649926, 0, 6, '3584913563932617');
insert into Conductores (id, Nombre, Lenguaje, Foto, Celular, Email1, Email2, Codigo_invitacion, Indicador_recibos, ID_pais, Cuenta_pago) values (7, 'Walt Ubsdell', 'Spanish', 'http://dummyimage.com/174x200.png/5fa2dd/ffffff', '9005162782', 'wubsdell6@mysql.com', 'wubsdell6@nih.gov', 58657167, 1, 7, '3538704606556969');
insert into Conductores (id, Nombre, Lenguaje, Foto, Celular, Email1, Email2, Codigo_invitacion, Indicador_recibos, ID_pais, Cuenta_pago) values (8, 'Tori Anlay', 'Greek', 'http://dummyimage.com/141x250.bmp/cc0000/ffffff', '6002357062', 'tanlay7@tripod.com', 'tanlay7@nhs.uk', 56394810, 0, 8, '5007665435671641');
insert into Conductores (id, Nombre, Lenguaje, Foto, Celular, Email1, Email2, Codigo_invitacion, Indicador_recibos, ID_pais, Cuenta_pago) values (9, 'Odelinda Pogue', 'West Frisian', 'http://dummyimage.com/102x220.png/ff4444/ffffff', '2711385554', 'opogue8@sourceforge.net', 'opogue8@msu.edu', 70174977, 0, 9, '6393194963306983');
insert into Conductores (id, Nombre, Lenguaje, Foto, Celular, Email1, Email2, Codigo_invitacion, Indicador_recibos, ID_pais, Cuenta_pago) values (10, 'Aundrea Dyte', 'Persian', 'http://dummyimage.com/244x151.bmp/dddddd/000000', '1526213362', 'adyte9@dion.ne.jp', 'adyte9@bbb.org', 25920324, 0, 10, '5010121711387192');
insert into Conductores (id, Nombre, Lenguaje, Foto, Celular, Email1, Email2, Codigo_invitacion, Indicador_recibos, ID_pais, Cuenta_pago) values (11, 'Granville Sedgemore', 'Estonian', 'http://dummyimage.com/227x154.png/cc0000/ffffff', '6703247249', 'gsedgemorea@vinaora.com', 'gsedgemorea@clickbank.net', 37729734, 1, 11, '3579212528893593');
insert into Conductores (id, Nombre, Lenguaje, Foto, Celular, Email1, Email2, Codigo_invitacion, Indicador_recibos, ID_pais, Cuenta_pago) values (12, 'Kermit Blyth', 'West Frisian', 'http://dummyimage.com/236x139.jpg/5fa2dd/ffffff', '5298353339', 'kblythb@mac.com', 'kblythb@networkadvertising.org', 32769539, 1, 12, '4903197839420514');
insert into Conductores (id, Nombre, Lenguaje, Foto, Celular, Email1, Email2, Codigo_invitacion, Indicador_recibos, ID_pais, Cuenta_pago) values (13, 'Derek McCahill', 'Dutch', 'http://dummyimage.com/156x149.jpg/cc0000/ffffff', '1619570915', 'dmccahillc@upenn.edu', 'dmccahillc@github.com', 48115346, 0, 13, '4903223027107578283');
insert into Conductores (id, Nombre, Lenguaje, Foto, Celular, Email1, Email2, Codigo_invitacion, Indicador_recibos, ID_pais, Cuenta_pago) values (14, 'Helenka Dorkin', 'Quechua', 'http://dummyimage.com/110x148.jpg/5fa2dd/ffffff', '2427516878', 'hdorkind@gizmodo.com', 'hdorkind@webnode.com', 25825558, 0, 14, '3551867923006299');
insert into Conductores (id, Nombre, Lenguaje, Foto, Celular, Email1, Email2, Codigo_invitacion, Indicador_recibos, ID_pais, Cuenta_pago) values (15, 'Arlana Mavin', 'Haitian Creole', 'http://dummyimage.com/151x193.bmp/dddddd/000000', '7658752264', 'amavine@unc.edu', 'amavine@upenn.edu', 66734962, 0, 15, '372301588749251');
insert into Conductores (id, Nombre, Lenguaje, Foto, Celular, Email1, Email2, Codigo_invitacion, Indicador_recibos, ID_pais, Cuenta_pago) values (16, 'Stacie Arbor', 'Malay', 'http://dummyimage.com/161x165.png/5fa2dd/ffffff', '6901561025', 'sarborf@gov.uk', 'sarborf@upenn.edu', 55518524, 1, 16, '3552729969485614');
insert into Conductores (id, Nombre, Lenguaje, Foto, Celular, Email1, Email2, Codigo_invitacion, Indicador_recibos, ID_pais, Cuenta_pago) values (17, 'Laney Lovering', 'Dzongkha', 'http://dummyimage.com/207x207.jpg/dddddd/000000', '1352671861', 'lloveringg@wikipedia.org', 'lloveringg@wsj.com', 16632399, 1, 17, '337941054197719');
insert into Conductores (id, Nombre, Lenguaje, Foto, Celular, Email1, Email2, Codigo_invitacion, Indicador_recibos, ID_pais, Cuenta_pago) values (18, 'Caroljean MacCaughey', 'Malagasy', 'http://dummyimage.com/110x139.jpg/5fa2dd/ffffff', '9753120659', 'cmaccaugheyh@jugem.jp', 'cmaccaugheyh@mit.edu', 53245220, 1, 18, '630403200953901058');
insert into Conductores (id, Nombre, Lenguaje, Foto, Celular, Email1, Email2, Codigo_invitacion, Indicador_recibos, ID_pais, Cuenta_pago) values (19, 'Sammie Tomaszek', 'Japanese', 'http://dummyimage.com/121x104.jpg/cc0000/ffffff', '6273355639', 'stomaszeki@ocn.ne.jp', 'stomaszeki@economist.com', 12255145, 1, 19, '201423756206778');
insert into Conductores (id, Nombre, Lenguaje, Foto, Celular, Email1, Email2, Codigo_invitacion, Indicador_recibos, ID_pais, Cuenta_pago) values (20, 'Skyler Fish', 'Tok Pisin', 'http://dummyimage.com/185x103.bmp/dddddd/000000', '1465341249', 'sfishj@skype.com', 'sfishj@thetimes.co.uk', 65891909, 0, 20, '5486150642996370');
insert into Conductores (id, Nombre, Lenguaje, Foto, Celular, Email1, Email2, Codigo_invitacion, Indicador_recibos, ID_pais, Cuenta_pago) values (21, 'Henryetta McVaugh', 'Pashto', 'http://dummyimage.com/109x174.png/5fa2dd/ffffff', '3346148260', 'hmcvaughk@xing.com', 'hmcvaughk@chicagotribune.com', 66350583, 0, 21, '3530817953232816');
insert into Conductores (id, Nombre, Lenguaje, Foto, Celular, Email1, Email2, Codigo_invitacion, Indicador_recibos, ID_pais, Cuenta_pago) values (22, 'Artur Holbarrow', 'Irish Gaelic', 'http://dummyimage.com/203x222.jpg/dddddd/000000', '6088753441', 'aholbarrowl@mit.edu', 'aholbarrowl@economist.com', 29820452, 0, 22, '493651561237245923');
insert into Conductores (id, Nombre, Lenguaje, Foto, Celular, Email1, Email2, Codigo_invitacion, Indicador_recibos, ID_pais, Cuenta_pago) values (23, 'Gino Juara', 'Polish', 'http://dummyimage.com/241x169.png/5fa2dd/ffffff', '6524335040', 'gjuaram@reuters.com', 'gjuaram@elegantthemes.com', 53845549, 1, 23, '3548534699222775');
insert into Conductores (id, Nombre, Lenguaje, Foto, Celular, Email1, Email2, Codigo_invitacion, Indicador_recibos, ID_pais, Cuenta_pago) values (24, 'Gherardo Blakeslee', 'English', 'http://dummyimage.com/196x148.bmp/ff4444/ffffff', '6611428785', 'gblakesleen@yandex.ru', 'gblakesleen@webnode.com', 13668783, 0, 24, '560223783344851337');
insert into Conductores (id, Nombre, Lenguaje, Foto, Celular, Email1, Email2, Codigo_invitacion, Indicador_recibos, ID_pais, Cuenta_pago) values (25, 'Leona Cleve', 'Northern Sotho', 'http://dummyimage.com/190x108.jpg/5fa2dd/ffffff', '4907841817', 'lcleveo@microsoft.com', 'lcleveo@dedecms.com', 18166542, 0, 25, '3533890265254957');
insert into Conductores (id, Nombre, Lenguaje, Foto, Celular, Email1, Email2, Codigo_invitacion, Indicador_recibos, ID_pais, Cuenta_pago) values (26, 'Keefe Lamberti', 'Mƒ?ori', 'http://dummyimage.com/105x243.bmp/cc0000/ffffff', '8741647974', 'klambertip@vimeo.com', 'klambertip@wufoo.com', 29148403, 0, 26, '3553686970071131');
insert into Conductores (id, Nombre, Lenguaje, Foto, Celular, Email1, Email2, Codigo_invitacion, Indicador_recibos, ID_pais, Cuenta_pago) values (27, 'Rosy Jewett', 'Danish', 'http://dummyimage.com/141x200.bmp/ff4444/ffffff', '9538626183', 'rjewettq@intel.com', 'rjewettq@nhs.uk', 12754317, 1, 27, '30440973116082');
insert into Conductores (id, Nombre, Lenguaje, Foto, Celular, Email1, Email2, Codigo_invitacion, Indicador_recibos, ID_pais, Cuenta_pago) values (28, 'Sonny Parradine', 'Zulu', 'http://dummyimage.com/165x130.jpg/ff4444/ffffff', '7287269257', 'sparradiner@ucsd.edu', 'sparradiner@chronoengine.com', 44651379, 0, 28, '201955545948210');
insert into Conductores (id, Nombre, Lenguaje, Foto, Celular, Email1, Email2, Codigo_invitacion, Indicador_recibos, ID_pais, Cuenta_pago) values (29, 'Curry Heningam', 'Nepali', 'http://dummyimage.com/149x132.jpg/cc0000/ffffff', '3094858553', 'cheningams@ifeng.com', 'cheningams@oaic.gov.au', 37927906, 1, 29, '3554543095767698');
insert into Conductores (id, Nombre, Lenguaje, Foto, Celular, Email1, Email2, Codigo_invitacion, Indicador_recibos, ID_pais, Cuenta_pago) values (30, 'Noell Theml', 'Telugu', 'http://dummyimage.com/102x183.png/cc0000/ffffff', '1373282496', 'nthemlt@ask.com', 'nthemlt@trellian.com', 74027194, 0, 30, '5602236160007374');
insert into Conductores (id, Nombre, Lenguaje, Foto, Celular, Email1, Email2, Codigo_invitacion, Indicador_recibos, ID_pais, Cuenta_pago) values (31, 'Omero Caldron', 'Dutch', 'http://dummyimage.com/141x175.jpg/cc0000/ffffff', '9937818744', 'ocaldronu@163.com', 'ocaldronu@bloglines.com', 49859517, 0, 31, '5610447731486845');
insert into Conductores (id, Nombre, Lenguaje, Foto, Celular, Email1, Email2, Codigo_invitacion, Indicador_recibos, ID_pais, Cuenta_pago) values (32, 'Ky Nangle', 'Chinese', 'http://dummyimage.com/187x145.jpg/5fa2dd/ffffff', '2605068487', 'knanglev@home.pl', 'knanglev@auda.org.au', 57695226, 0, 32, '5010121711535279');
insert into Conductores (id, Nombre, Lenguaje, Foto, Celular, Email1, Email2, Codigo_invitacion, Indicador_recibos, ID_pais, Cuenta_pago) values (33, 'Charyl Baldini', 'Tok Pisin', 'http://dummyimage.com/178x102.png/dddddd/000000', '7659800140', 'cbaldiniw@php.net', 'cbaldiniw@com.com', 37480921, 1, 33, '3576429448667252');
insert into Conductores (id, Nombre, Lenguaje, Foto, Celular, Email1, Email2, Codigo_invitacion, Indicador_recibos, ID_pais, Cuenta_pago) values (34, 'Ringo Hendonson', 'Azeri', 'http://dummyimage.com/216x239.bmp/cc0000/ffffff', '2512622204', 'rhendonsonx@themeforest.net', 'rhendonsonx@auda.org.au', 49257202, 1, 34, '56022439257668471');
insert into Conductores (id, Nombre, Lenguaje, Foto, Celular, Email1, Email2, Codigo_invitacion, Indicador_recibos, ID_pais, Cuenta_pago) values (35, 'Packston Took', 'Arabic', 'http://dummyimage.com/229x118.png/5fa2dd/ffffff', '9797373179', 'ptooky@wsj.com', 'ptooky@baidu.com', 67814390, 0, 35, '6373755123224037');
insert into Conductores (id, Nombre, Lenguaje, Foto, Celular, Email1, Email2, Codigo_invitacion, Indicador_recibos, ID_pais, Cuenta_pago) values (36, 'Ambrosi Pinches', 'Hiri Motu', 'http://dummyimage.com/231x172.bmp/ff4444/ffffff', '7469431472', 'apinchesz@fema.gov', 'apinchesz@qq.com', 51026383, 0, 36, '3562167186347101');
insert into Conductores (id, Nombre, Lenguaje, Foto, Celular, Email1, Email2, Codigo_invitacion, Indicador_recibos, ID_pais, Cuenta_pago) values (37, 'Amargo Berends', 'Japanese', 'http://dummyimage.com/203x104.png/5fa2dd/ffffff', '2262269971', 'aberends10@exblog.jp', 'aberends10@tumblr.com', 36372322, 1, 37, '4917068281029539');
insert into Conductores (id, Nombre, Lenguaje, Foto, Celular, Email1, Email2, Codigo_invitacion, Indicador_recibos, ID_pais, Cuenta_pago) values (38, 'Halie Grimmolby', 'New Zealand Sign Language', 'http://dummyimage.com/166x238.jpg/dddddd/000000', '8508695084', 'hgrimmolby11@netscape.com', 'hgrimmolby11@netlog.com', 22612615, 0, 38, '3532308947333314');
insert into Conductores (id, Nombre, Lenguaje, Foto, Celular, Email1, Email2, Codigo_invitacion, Indicador_recibos, ID_pais, Cuenta_pago) values (39, 'Rosaleen Dalliwater', 'Catalan', 'http://dummyimage.com/133x238.jpg/cc0000/ffffff', '4658522321', 'rdalliwater12@businesswire.com', 'rdalliwater12@slideshare.net', 18774782, 0, 39, '3573970237000158');
insert into Conductores (id, Nombre, Lenguaje, Foto, Celular, Email1, Email2, Codigo_invitacion, Indicador_recibos, ID_pais, Cuenta_pago) values (40, 'Lacy Caine', 'Malay', 'http://dummyimage.com/108x182.jpg/5fa2dd/ffffff', '9577327596', 'lcaine13@theglobeandmail.com', 'lcaine13@gnu.org', 69760069, 0, 40, '3542125888218694');
insert into Conductores (id, Nombre, Lenguaje, Foto, Celular, Email1, Email2, Codigo_invitacion, Indicador_recibos, ID_pais, Cuenta_pago) values (41, 'Lynette Cirlos', 'Gujarati', 'http://dummyimage.com/198x205.png/5fa2dd/ffffff', '8494691436', 'lcirlos14@un.org', 'lcirlos14@elpais.com', 74382577, 0, 41, '3540732104859003');
insert into Conductores (id, Nombre, Lenguaje, Foto, Celular, Email1, Email2, Codigo_invitacion, Indicador_recibos, ID_pais, Cuenta_pago) values (42, 'Katharine Till', 'Estonian', 'http://dummyimage.com/207x218.bmp/cc0000/ffffff', '3929328210', 'ktill15@wiley.com', 'ktill15@fastcompany.com', 56161949, 0, 42, '3557666492981187');
insert into Conductores (id, Nombre, Lenguaje, Foto, Celular, Email1, Email2, Codigo_invitacion, Indicador_recibos, ID_pais, Cuenta_pago) values (43, 'Olga Beche', 'Bulgarian', 'http://dummyimage.com/242x145.bmp/ff4444/ffffff', '5149736043', 'obeche16@columbia.edu', 'obeche16@miibeian.gov.cn', 20405224, 1, 43, '56022403455795551');
insert into Conductores (id, Nombre, Lenguaje, Foto, Celular, Email1, Email2, Codigo_invitacion, Indicador_recibos, ID_pais, Cuenta_pago) values (44, 'Yale Ranshaw', 'Maltese', 'http://dummyimage.com/170x152.bmp/5fa2dd/ffffff', '4519933308', 'yranshaw17@behance.net', 'yranshaw17@xrea.com', 25847726, 1, 44, '6709123693825573');
insert into Conductores (id, Nombre, Lenguaje, Foto, Celular, Email1, Email2, Codigo_invitacion, Indicador_recibos, ID_pais, Cuenta_pago) values (45, 'Tildi Massenhove', 'Kashmiri', 'http://dummyimage.com/238x241.bmp/5fa2dd/ffffff', '4275783445', 'tmassenhove18@imgur.com', 'tmassenhove18@goodreads.com', 21497092, 1, 45, '3589907089959406');
insert into Conductores (id, Nombre, Lenguaje, Foto, Celular, Email1, Email2, Codigo_invitacion, Indicador_recibos, ID_pais, Cuenta_pago) values (46, 'Oliviero Drewett', 'Bengali', 'http://dummyimage.com/121x157.png/5fa2dd/ffffff', '7684998137', 'odrewett19@bbb.org', 'odrewett19@reddit.com', 57101602, 0, 46, '3544857386083182');
insert into Conductores (id, Nombre, Lenguaje, Foto, Celular, Email1, Email2, Codigo_invitacion, Indicador_recibos, ID_pais, Cuenta_pago) values (47, 'Isak St. Queintain', 'Filipino', 'http://dummyimage.com/197x125.png/5fa2dd/ffffff', '3005817773', 'ist1a@usnews.com', 'ist1a@sphinn.com', 22045795, 1, 47, '4508509693073503');
insert into Conductores (id, Nombre, Lenguaje, Foto, Celular, Email1, Email2, Codigo_invitacion, Indicador_recibos, ID_pais, Cuenta_pago) values (48, 'Courtenay de Wilde', 'Guaran√≠', 'http://dummyimage.com/212x228.png/5fa2dd/ffffff', '4733682512', 'cde1b@php.net', 'cde1b@free.fr', 23824529, 0, 48, '30178757040504');
insert into Conductores (id, Nombre, Lenguaje, Foto, Celular, Email1, Email2, Codigo_invitacion, Indicador_recibos, ID_pais, Cuenta_pago) values (49, 'Clarita Roderick', 'Assamese', 'http://dummyimage.com/171x128.jpg/ff4444/ffffff', '3163320430', 'croderick1c@addtoany.com', 'croderick1c@time.com', 38368144, 0, 49, '3534398414890852');
insert into Conductores (id, Nombre, Lenguaje, Foto, Celular, Email1, Email2, Codigo_invitacion, Indicador_recibos, ID_pais, Cuenta_pago) values (50, 'Beitris Dudney', 'Sotho', 'http://dummyimage.com/138x182.bmp/ff4444/ffffff', '9343018280', 'bdudney1d@blogs.com', 'bdudney1d@tumblr.com', 23738115, 0, 50, '374288507692373');
insert into Conductores (id, Nombre, Lenguaje, Foto, Celular, Email1, Email2, Codigo_invitacion, Indicador_recibos, ID_pais, Cuenta_pago) values (51, 'Bradford Gate', 'Dzongkha', 'http://dummyimage.com/159x168.bmp/5fa2dd/ffffff', '1717037976', 'bgate1e@netscape.com', 'bgate1e@wisc.edu', 17687838, 0, 51, '3566759819860306');
insert into Conductores (id, Nombre, Lenguaje, Foto, Celular, Email1, Email2, Codigo_invitacion, Indicador_recibos, ID_pais, Cuenta_pago) values (52, 'Marketa Rauprich', 'Thai', 'http://dummyimage.com/202x159.png/cc0000/ffffff', '8044685519', 'mrauprich1f@weebly.com', 'mrauprich1f@yelp.com', 12242493, 0, 52, '58934160065741085');
insert into Conductores (id, Nombre, Lenguaje, Foto, Celular, Email1, Email2, Codigo_invitacion, Indicador_recibos, ID_pais, Cuenta_pago) values (53, 'Kearney Rimer', 'Mƒ?ori', 'http://dummyimage.com/247x230.bmp/dddddd/000000', '3122591297', 'krimer1g@who.int', 'krimer1g@google.ru', 42668562, 0, 53, '5602255843993534216');
insert into Conductores (id, Nombre, Lenguaje, Foto, Celular, Email1, Email2, Codigo_invitacion, Indicador_recibos, ID_pais, Cuenta_pago) values (54, 'Orren Cops', 'Khmer', 'http://dummyimage.com/229x135.bmp/5fa2dd/ffffff', '4028290319', 'ocops1h@google.co.jp', 'ocops1h@ihg.com', 31932784, 1, 54, '3585982446301935');
insert into Conductores (id, Nombre, Lenguaje, Foto, Celular, Email1, Email2, Codigo_invitacion, Indicador_recibos, ID_pais, Cuenta_pago) values (55, 'Janaya Ruggier', 'Sotho', 'http://dummyimage.com/159x161.jpg/dddddd/000000', '2145195008', 'jruggier1i@pinterest.com', 'jruggier1i@bing.com', 49415571, 1, 55, '3536183298763971');
insert into Conductores (id, Nombre, Lenguaje, Foto, Celular, Email1, Email2, Codigo_invitacion, Indicador_recibos, ID_pais, Cuenta_pago) values (56, 'Odille Dilloway', 'Japanese', 'http://dummyimage.com/112x229.png/5fa2dd/ffffff', '2332191975', 'odilloway1j@nsw.gov.au', 'odilloway1j@live.com', 25397273, 0, 56, '4508559973647187');
insert into Conductores (id, Nombre, Lenguaje, Foto, Celular, Email1, Email2, Codigo_invitacion, Indicador_recibos, ID_pais, Cuenta_pago) values (57, 'Gratia Mongeot', 'German', 'http://dummyimage.com/211x119.jpg/dddddd/000000', '9621374410', 'gmongeot1k@sfgate.com', 'gmongeot1k@cyberchimps.com', 57577686, 0, 57, '3550650729246421');
insert into Conductores (id, Nombre, Lenguaje, Foto, Celular, Email1, Email2, Codigo_invitacion, Indicador_recibos, ID_pais, Cuenta_pago) values (58, 'Adelaida Woolpert', 'Kazakh', 'http://dummyimage.com/115x151.jpg/dddddd/000000', '1277507667', 'awoolpert1l@toplist.cz', 'awoolpert1l@statcounter.com', 16253644, 1, 58, '30536653201100');
insert into Conductores (id, Nombre, Lenguaje, Foto, Celular, Email1, Email2, Codigo_invitacion, Indicador_recibos, ID_pais, Cuenta_pago) values (59, 'Faina Frackiewicz', 'Northern Sotho', 'http://dummyimage.com/179x189.bmp/ff4444/ffffff', '6304117687', 'ffrackiewicz1m@comsenz.com', 'ffrackiewicz1m@vistaprint.com', 12887541, 0, 59, '3553878032190021');
insert into Conductores (id, Nombre, Lenguaje, Foto, Celular, Email1, Email2, Codigo_invitacion, Indicador_recibos, ID_pais, Cuenta_pago) values (60, 'Junie Mousdall', 'Japanese', 'http://dummyimage.com/182x226.png/cc0000/ffffff', '6016920236', 'jmousdall1n@google.com.br', 'jmousdall1n@abc.net.au', 71773254, 1, 60, '4041376739710');
insert into Conductores (id, Nombre, Lenguaje, Foto, Celular, Email1, Email2, Codigo_invitacion, Indicador_recibos, ID_pais, Cuenta_pago) values (61, 'Rickard Innman', 'Georgian', 'http://dummyimage.com/189x214.jpg/5fa2dd/ffffff', '6856338343', 'rinnman1o@vinaora.com', 'rinnman1o@mayoclinic.com', 36304854, 1, 61, '502040614774924810');
insert into Conductores (id, Nombre, Lenguaje, Foto, Celular, Email1, Email2, Codigo_invitacion, Indicador_recibos, ID_pais, Cuenta_pago) values (62, 'Skipp Iohananof', 'Pashto', 'http://dummyimage.com/221x170.bmp/cc0000/ffffff', '2147554461', 'siohananof1p@slashdot.org', 'siohananof1p@amazon.de', 55361678, 1, 62, '201487385313966');
insert into Conductores (id, Nombre, Lenguaje, Foto, Celular, Email1, Email2, Codigo_invitacion, Indicador_recibos, ID_pais, Cuenta_pago) values (63, 'Auroora Licari', 'Indonesian', 'http://dummyimage.com/181x172.jpg/5fa2dd/ffffff', '9815337528', 'alicari1q@google.co.jp', 'alicari1q@wikispaces.com', 73556633, 1, 63, '3549641920003095');
insert into Conductores (id, Nombre, Lenguaje, Foto, Celular, Email1, Email2, Codigo_invitacion, Indicador_recibos, ID_pais, Cuenta_pago) values (64, 'Quintina Philipps', 'Dzongkha', 'http://dummyimage.com/114x114.png/dddddd/000000', '2605499583', 'qphilipps1r@joomla.org', 'qphilipps1r@microsoft.com', 64381808, 0, 64, '67615118469562249');
insert into Conductores (id, Nombre, Lenguaje, Foto, Celular, Email1, Email2, Codigo_invitacion, Indicador_recibos, ID_pais, Cuenta_pago) values (65, 'Danielle Sobieski', 'Finnish', 'http://dummyimage.com/242x236.png/dddddd/000000', '2619865908', 'dsobieski1s@netlog.com', 'dsobieski1s@imageshack.us', 60771372, 1, 65, '5602223657101076');
insert into Conductores (id, Nombre, Lenguaje, Foto, Celular, Email1, Email2, Codigo_invitacion, Indicador_recibos, ID_pais, Cuenta_pago) values (66, 'Isak Stevings', 'Hebrew', 'http://dummyimage.com/211x133.png/dddddd/000000', '1864259883', 'istevings1t@google.com', 'istevings1t@wordpress.com', 13608341, 0, 66, '6387056539363830');
insert into Conductores (id, Nombre, Lenguaje, Foto, Celular, Email1, Email2, Codigo_invitacion, Indicador_recibos, ID_pais, Cuenta_pago) values (67, 'Brose Gaishson', 'Icelandic', 'http://dummyimage.com/147x165.bmp/dddddd/000000', '5552086805', 'bgaishson1u@t.co', 'bgaishson1u@ftc.gov', 33126744, 1, 67, '3544076364577335');
insert into Conductores (id, Nombre, Lenguaje, Foto, Celular, Email1, Email2, Codigo_invitacion, Indicador_recibos, ID_pais, Cuenta_pago) values (68, 'Lamont Barents', 'English', 'http://dummyimage.com/227x238.jpg/cc0000/ffffff', '9551812109', 'lbarents1v@printfriendly.com', 'lbarents1v@weather.com', 16465209, 0, 68, '4903171526347603837');
insert into Conductores (id, Nombre, Lenguaje, Foto, Celular, Email1, Email2, Codigo_invitacion, Indicador_recibos, ID_pais, Cuenta_pago) values (69, 'Carlie Rumble', 'Danish', 'http://dummyimage.com/213x119.jpg/ff4444/ffffff', '5035202133', 'crumble1w@businesswire.com', 'crumble1w@drupal.org', 41551700, 0, 69, '5166300840145950');
insert into Conductores (id, Nombre, Lenguaje, Foto, Celular, Email1, Email2, Codigo_invitacion, Indicador_recibos, ID_pais, Cuenta_pago) values (70, 'Marris Dearle', 'Catalan', 'http://dummyimage.com/125x200.bmp/cc0000/ffffff', '3871124012', 'mdearle1x@alexa.com', 'mdearle1x@com.com', 59243999, 0, 70, '67597074881654548');
insert into Conductores (id, Nombre, Lenguaje, Foto, Celular, Email1, Email2, Codigo_invitacion, Indicador_recibos, ID_pais, Cuenta_pago) values (71, 'Cole Haukey', 'Kazakh', 'http://dummyimage.com/151x117.jpg/cc0000/ffffff', '6535248473', 'chaukey1y@digg.com', 'chaukey1y@infoseek.co.jp', 53637116, 0, 71, '5100143779508916');
insert into Conductores (id, Nombre, Lenguaje, Foto, Celular, Email1, Email2, Codigo_invitacion, Indicador_recibos, ID_pais, Cuenta_pago) values (72, 'Stafani Verlander', 'Finnish', 'http://dummyimage.com/229x139.jpg/cc0000/ffffff', '6617191914', 'sverlander1z@privacy.gov.au', 'sverlander1z@who.int', 23455485, 0, 72, '5602248000168880540');
insert into Conductores (id, Nombre, Lenguaje, Foto, Celular, Email1, Email2, Codigo_invitacion, Indicador_recibos, ID_pais, Cuenta_pago) values (73, 'Corie Christene', 'Danish', 'http://dummyimage.com/198x218.jpg/cc0000/ffffff', '7704481704', 'cchristene20@virginia.edu', 'cchristene20@angelfire.com', 73499468, 0, 73, '3576519524683403');
insert into Conductores (id, Nombre, Lenguaje, Foto, Celular, Email1, Email2, Codigo_invitacion, Indicador_recibos, ID_pais, Cuenta_pago) values (74, 'Eustacia Degoy', 'Tsonga', 'http://dummyimage.com/145x237.jpg/ff4444/ffffff', '1268495168', 'edegoy21@github.com', 'edegoy21@oakley.com', 18427647, 1, 74, '676258348774487192');
insert into Conductores (id, Nombre, Lenguaje, Foto, Celular, Email1, Email2, Codigo_invitacion, Indicador_recibos, ID_pais, Cuenta_pago) values (75, 'Jasun Campos', 'Armenian', 'http://dummyimage.com/221x151.bmp/dddddd/000000', '1447525826', 'jcampos22@vkontakte.ru', 'jcampos22@fda.gov', 14097825, 0, 75, '6761893723180628594');
insert into Conductores (id, Nombre, Lenguaje, Foto, Celular, Email1, Email2, Codigo_invitacion, Indicador_recibos, ID_pais, Cuenta_pago) values (76, 'Friederike Harcourt', 'Yiddish', 'http://dummyimage.com/141x122.jpg/cc0000/ffffff', '7715999483', 'fharcourt23@paypal.com', 'fharcourt23@amazon.co.uk', 59961286, 0, 76, '4905758653405373453');
insert into Conductores (id, Nombre, Lenguaje, Foto, Celular, Email1, Email2, Codigo_invitacion, Indicador_recibos, ID_pais, Cuenta_pago) values (77, 'Fleurette Lodwig', 'Bislama', 'http://dummyimage.com/106x173.jpg/5fa2dd/ffffff', '4881277026', 'flodwig24@gravatar.com', 'flodwig24@soup.io', 72646036, 0, 77, '6759006593141589443');
insert into Conductores (id, Nombre, Lenguaje, Foto, Celular, Email1, Email2, Codigo_invitacion, Indicador_recibos, ID_pais, Cuenta_pago) values (78, 'Hartley Paddock', 'Finnish', 'http://dummyimage.com/146x144.bmp/cc0000/ffffff', '6583853934', 'hpaddock25@free.fr', 'hpaddock25@nhs.uk', 21624033, 0, 78, '3531593151161201');
insert into Conductores (id, Nombre, Lenguaje, Foto, Celular, Email1, Email2, Codigo_invitacion, Indicador_recibos, ID_pais, Cuenta_pago) values (79, 'Orbadiah Thackwray', 'Malagasy', 'http://dummyimage.com/250x135.png/ff4444/ffffff', '7855589668', 'othackwray26@alexa.com', 'othackwray26@gnu.org', 73926289, 1, 79, '3558724408679459');
insert into Conductores (id, Nombre, Lenguaje, Foto, Celular, Email1, Email2, Codigo_invitacion, Indicador_recibos, ID_pais, Cuenta_pago) values (80, 'Sterling Dumblton', 'Dzongkha', 'http://dummyimage.com/133x107.png/cc0000/ffffff', '9099317161', 'sdumblton27@addtoany.com', 'sdumblton27@etsy.com', 22571852, 0, 80, '3572032218421282');
insert into Conductores (id, Nombre, Lenguaje, Foto, Celular, Email1, Email2, Codigo_invitacion, Indicador_recibos, ID_pais, Cuenta_pago) values (81, 'Ingemar Cleever', 'New Zealand Sign Language', 'http://dummyimage.com/158x106.png/5fa2dd/ffffff', '8729610836', 'icleever28@ameblo.jp', 'icleever28@phoca.cz', 70671591, 1, 81, '5010125269852820');
insert into Conductores (id, Nombre, Lenguaje, Foto, Celular, Email1, Email2, Codigo_invitacion, Indicador_recibos, ID_pais, Cuenta_pago) values (82, 'Tremaine Cowey', 'German', 'http://dummyimage.com/156x205.bmp/dddddd/000000', '3101891464', 'tcowey29@hatena.ne.jp', 'tcowey29@cbc.ca', 73856704, 0, 82, '6334963480133558672');
insert into Conductores (id, Nombre, Lenguaje, Foto, Celular, Email1, Email2, Codigo_invitacion, Indicador_recibos, ID_pais, Cuenta_pago) values (83, 'Sherwood Harroll', 'Tajik', 'http://dummyimage.com/100x127.bmp/ff4444/ffffff', '7552154659', 'sharroll2a@flavors.me', 'sharroll2a@house.gov', 35394592, 1, 83, '3536112469907935');
insert into Conductores (id, Nombre, Lenguaje, Foto, Celular, Email1, Email2, Codigo_invitacion, Indicador_recibos, ID_pais, Cuenta_pago) values (84, 'Elia MacCaughey', 'Lao', 'http://dummyimage.com/231x196.jpg/5fa2dd/ffffff', '8032081117', 'emaccaughey2b@google.com.br', 'emaccaughey2b@epa.gov', 49109991, 0, 84, '3568322071258277');
insert into Conductores (id, Nombre, Lenguaje, Foto, Celular, Email1, Email2, Codigo_invitacion, Indicador_recibos, ID_pais, Cuenta_pago) values (85, 'Baxter Mingard', 'Irish Gaelic', 'http://dummyimage.com/106x121.bmp/ff4444/ffffff', '8671428472', 'bmingard2c@mozilla.org', 'bmingard2c@posterous.com', 36321764, 0, 85, '56022154904637783');
insert into Conductores (id, Nombre, Lenguaje, Foto, Celular, Email1, Email2, Codigo_invitacion, Indicador_recibos, ID_pais, Cuenta_pago) values (86, 'Fayette Scholard', 'Malagasy', 'http://dummyimage.com/154x130.bmp/5fa2dd/ffffff', '3125441643', 'fscholard2d@yelp.com', 'fscholard2d@uiuc.edu', 21357999, 0, 86, '3561781755858867');
insert into Conductores (id, Nombre, Lenguaje, Foto, Celular, Email1, Email2, Codigo_invitacion, Indicador_recibos, ID_pais, Cuenta_pago) values (87, 'Ashely Cranney', 'Fijian', 'http://dummyimage.com/144x139.jpg/cc0000/ffffff', '4861451845', 'acranney2e@ebay.com', 'acranney2e@surveymonkey.com', 24212722, 1, 87, '6334127405220554');
insert into Conductores (id, Nombre, Lenguaje, Foto, Celular, Email1, Email2, Codigo_invitacion, Indicador_recibos, ID_pais, Cuenta_pago) values (88, 'Kile Pagden', 'Moldovan', 'http://dummyimage.com/104x106.png/5fa2dd/ffffff', '4383438750', 'kpagden2f@skyrock.com', 'kpagden2f@imageshack.us', 18032728, 0, 88, '3559000167170041');
insert into Conductores (id, Nombre, Lenguaje, Foto, Celular, Email1, Email2, Codigo_invitacion, Indicador_recibos, ID_pais, Cuenta_pago) values (89, 'Del Huelin', 'Bosnian', 'http://dummyimage.com/206x138.jpg/ff4444/ffffff', '5183333838', 'dhuelin2g@japanpost.jp', 'dhuelin2g@freewebs.com', 17276141, 1, 89, '201876867856684');
insert into Conductores (id, Nombre, Lenguaje, Foto, Celular, Email1, Email2, Codigo_invitacion, Indicador_recibos, ID_pais, Cuenta_pago) values (90, 'Murray Jurgen', 'Hindi', 'http://dummyimage.com/164x153.jpg/dddddd/000000', '3452578665', 'mjurgen2h@macromedia.com', 'mjurgen2h@ft.com', 73361008, 0, 90, '5602251443140728');
insert into Conductores (id, Nombre, Lenguaje, Foto, Celular, Email1, Email2, Codigo_invitacion, Indicador_recibos, ID_pais, Cuenta_pago) values (91, 'Shurlocke Chidzoy', 'Kashmiri', 'http://dummyimage.com/220x234.jpg/5fa2dd/ffffff', '3859473864', 'schidzoy2i@usgs.gov', 'schidzoy2i@bbb.org', 41129417, 1, 91, '4491772510586391');
insert into Conductores (id, Nombre, Lenguaje, Foto, Celular, Email1, Email2, Codigo_invitacion, Indicador_recibos, ID_pais, Cuenta_pago) values (92, 'Leoline Philippeaux', 'Greek', 'http://dummyimage.com/145x238.bmp/5fa2dd/ffffff', '4892136733', 'lphilippeaux2j@uol.com.br', 'lphilippeaux2j@java.com', 57636853, 0, 92, '201438372094614');
insert into Conductores (id, Nombre, Lenguaje, Foto, Celular, Email1, Email2, Codigo_invitacion, Indicador_recibos, ID_pais, Cuenta_pago) values (93, 'Berny MacHarg', 'Thai', 'http://dummyimage.com/194x137.jpg/dddddd/000000', '8622508779', 'bmacharg2k@shop-pro.jp', 'bmacharg2k@ehow.com', 43058176, 1, 93, '3570944814442565');
insert into Conductores (id, Nombre, Lenguaje, Foto, Celular, Email1, Email2, Codigo_invitacion, Indicador_recibos, ID_pais, Cuenta_pago) values (94, 'Coralie Kloss', 'Tamil', 'http://dummyimage.com/183x218.png/cc0000/ffffff', '9505772527', 'ckloss2l@unc.edu', 'ckloss2l@blog.com', 42678625, 1, 94, '3583515177945066');
insert into Conductores (id, Nombre, Lenguaje, Foto, Celular, Email1, Email2, Codigo_invitacion, Indicador_recibos, ID_pais, Cuenta_pago) values (95, 'Franklin Yegorev', 'Irish Gaelic', 'http://dummyimage.com/109x175.jpg/5fa2dd/ffffff', '4254041690', 'fyegorev2m@themeforest.net', 'fyegorev2m@vk.com', 64714457, 1, 95, '6761567564169610459');
insert into Conductores (id, Nombre, Lenguaje, Foto, Celular, Email1, Email2, Codigo_invitacion, Indicador_recibos, ID_pais, Cuenta_pago) values (96, 'Rhianna Dorset', 'Albanian', 'http://dummyimage.com/198x189.jpg/cc0000/ffffff', '6631876352', 'rdorset2n@mysql.com', 'rdorset2n@gravatar.com', 46020981, 0, 96, '5602229525347981');
insert into Conductores (id, Nombre, Lenguaje, Foto, Celular, Email1, Email2, Codigo_invitacion, Indicador_recibos, ID_pais, Cuenta_pago) values (97, 'Aili Ghiraldi', 'West Frisian', 'http://dummyimage.com/207x227.jpg/cc0000/ffffff', '6804442900', 'aghiraldi2o@mapquest.com', 'aghiraldi2o@cdc.gov', 18301418, 0, 97, '493661972357517702');
insert into Conductores (id, Nombre, Lenguaje, Foto, Celular, Email1, Email2, Codigo_invitacion, Indicador_recibos, ID_pais, Cuenta_pago) values (98, 'Halie Kirtley', 'Telugu', 'http://dummyimage.com/243x208.bmp/dddddd/000000', '6943841175', 'hkirtley2p@mozilla.org', 'hkirtley2p@a8.net', 44263616, 1, 98, '3542176071288697');
insert into Conductores (id, Nombre, Lenguaje, Foto, Celular, Email1, Email2, Codigo_invitacion, Indicador_recibos, ID_pais, Cuenta_pago) values (99, 'Raymund Cosson', 'Croatian', 'http://dummyimage.com/199x171.png/dddddd/000000', '5124398581', 'rcosson2q@ft.com', 'rcosson2q@topsy.com', 47983463, 0, 99, '3559260839517785');
insert into Conductores (id, Nombre, Lenguaje, Foto, Celular, Email1, Email2, Codigo_invitacion, Indicador_recibos, ID_pais, Cuenta_pago) values (100, 'Adey Mackiewicz', 'Swahili', 'http://dummyimage.com/225x123.png/cc0000/ffffff', '5763348957', 'amackiewicz2r@mapy.cz', 'amackiewicz2r@qq.com', 50958031, 0, 100, '6759679125658980');


-- InsercciÛn de carros por conductor
insert into Conductores_y_vehiculos (ID_conductor, ID_vehiculo) values (1, 422);
insert into Conductores_y_vehiculos (ID_conductor, ID_vehiculo) values (2, 460);
insert into Conductores_y_vehiculos (ID_conductor, ID_vehiculo) values (3, 491);
insert into Conductores_y_vehiculos (ID_conductor, ID_vehiculo) values (4, 424);
insert into Conductores_y_vehiculos (ID_conductor, ID_vehiculo) values (5, 430);
insert into Conductores_y_vehiculos (ID_conductor, ID_vehiculo) values (6, 454);
insert into Conductores_y_vehiculos (ID_conductor, ID_vehiculo) values (7, 402);
insert into Conductores_y_vehiculos (ID_conductor, ID_vehiculo) values (8, 500);
insert into Conductores_y_vehiculos (ID_conductor, ID_vehiculo) values (9, 403);
insert into Conductores_y_vehiculos (ID_conductor, ID_vehiculo) values (10, 473);
insert into Conductores_y_vehiculos (ID_conductor, ID_vehiculo) values (11, 488);
insert into Conductores_y_vehiculos (ID_conductor, ID_vehiculo) values (12, 447);
insert into Conductores_y_vehiculos (ID_conductor, ID_vehiculo) values (13, 464);
insert into Conductores_y_vehiculos (ID_conductor, ID_vehiculo) values (14, 467);
insert into Conductores_y_vehiculos (ID_conductor, ID_vehiculo) values (15, 410);
insert into Conductores_y_vehiculos (ID_conductor, ID_vehiculo) values (16, 443);
insert into Conductores_y_vehiculos (ID_conductor, ID_vehiculo) values (17, 452);
insert into Conductores_y_vehiculos (ID_conductor, ID_vehiculo) values (18, 403);
insert into Conductores_y_vehiculos (ID_conductor, ID_vehiculo) values (19, 454);
insert into Conductores_y_vehiculos (ID_conductor, ID_vehiculo) values (20, 454);
insert into Conductores_y_vehiculos (ID_conductor, ID_vehiculo) values (21, 494);
insert into Conductores_y_vehiculos (ID_conductor, ID_vehiculo) values (22, 423);
insert into Conductores_y_vehiculos (ID_conductor, ID_vehiculo) values (23, 472);
insert into Conductores_y_vehiculos (ID_conductor, ID_vehiculo) values (24, 450);
insert into Conductores_y_vehiculos (ID_conductor, ID_vehiculo) values (25, 485);
insert into Conductores_y_vehiculos (ID_conductor, ID_vehiculo) values (26, 426);
insert into Conductores_y_vehiculos (ID_conductor, ID_vehiculo) values (27, 422);
insert into Conductores_y_vehiculos (ID_conductor, ID_vehiculo) values (28, 475);
insert into Conductores_y_vehiculos (ID_conductor, ID_vehiculo) values (29, 472);
insert into Conductores_y_vehiculos (ID_conductor, ID_vehiculo) values (30, 492);
insert into Conductores_y_vehiculos (ID_conductor, ID_vehiculo) values (31, 454);
insert into Conductores_y_vehiculos (ID_conductor, ID_vehiculo) values (32, 444);
insert into Conductores_y_vehiculos (ID_conductor, ID_vehiculo) values (33, 414);
insert into Conductores_y_vehiculos (ID_conductor, ID_vehiculo) values (34, 468);
insert into Conductores_y_vehiculos (ID_conductor, ID_vehiculo) values (35, 440);
insert into Conductores_y_vehiculos (ID_conductor, ID_vehiculo) values (36, 477);
insert into Conductores_y_vehiculos (ID_conductor, ID_vehiculo) values (37, 414);
insert into Conductores_y_vehiculos (ID_conductor, ID_vehiculo) values (38, 490);
insert into Conductores_y_vehiculos (ID_conductor, ID_vehiculo) values (39, 482);
insert into Conductores_y_vehiculos (ID_conductor, ID_vehiculo) values (40, 442);
insert into Conductores_y_vehiculos (ID_conductor, ID_vehiculo) values (41, 459);
insert into Conductores_y_vehiculos (ID_conductor, ID_vehiculo) values (42, 500);
insert into Conductores_y_vehiculos (ID_conductor, ID_vehiculo) values (43, 476);
insert into Conductores_y_vehiculos (ID_conductor, ID_vehiculo) values (44, 469);
insert into Conductores_y_vehiculos (ID_conductor, ID_vehiculo) values (45, 455);
insert into Conductores_y_vehiculos (ID_conductor, ID_vehiculo) values (46, 454);
insert into Conductores_y_vehiculos (ID_conductor, ID_vehiculo) values (47, 434);
insert into Conductores_y_vehiculos (ID_conductor, ID_vehiculo) values (48, 478);
insert into Conductores_y_vehiculos (ID_conductor, ID_vehiculo) values (49, 448);
insert into Conductores_y_vehiculos (ID_conductor, ID_vehiculo) values (50, 467);
insert into Conductores_y_vehiculos (ID_conductor, ID_vehiculo) values (51, 407);
insert into Conductores_y_vehiculos (ID_conductor, ID_vehiculo) values (52, 405);
insert into Conductores_y_vehiculos (ID_conductor, ID_vehiculo) values (53, 485);
insert into Conductores_y_vehiculos (ID_conductor, ID_vehiculo) values (54, 403);
insert into Conductores_y_vehiculos (ID_conductor, ID_vehiculo) values (55, 492);
insert into Conductores_y_vehiculos (ID_conductor, ID_vehiculo) values (56, 479);
insert into Conductores_y_vehiculos (ID_conductor, ID_vehiculo) values (57, 465);
insert into Conductores_y_vehiculos (ID_conductor, ID_vehiculo) values (58, 410);
insert into Conductores_y_vehiculos (ID_conductor, ID_vehiculo) values (59, 473);
insert into Conductores_y_vehiculos (ID_conductor, ID_vehiculo) values (60, 425);
insert into Conductores_y_vehiculos (ID_conductor, ID_vehiculo) values (61, 408);
insert into Conductores_y_vehiculos (ID_conductor, ID_vehiculo) values (62, 489);
insert into Conductores_y_vehiculos (ID_conductor, ID_vehiculo) values (63, 408);
insert into Conductores_y_vehiculos (ID_conductor, ID_vehiculo) values (64, 456);
insert into Conductores_y_vehiculos (ID_conductor, ID_vehiculo) values (65, 459);
insert into Conductores_y_vehiculos (ID_conductor, ID_vehiculo) values (66, 419);
insert into Conductores_y_vehiculos (ID_conductor, ID_vehiculo) values (67, 464);
insert into Conductores_y_vehiculos (ID_conductor, ID_vehiculo) values (68, 447);
insert into Conductores_y_vehiculos (ID_conductor, ID_vehiculo) values (69, 488);
insert into Conductores_y_vehiculos (ID_conductor, ID_vehiculo) values (70, 471);
insert into Conductores_y_vehiculos (ID_conductor, ID_vehiculo) values (71, 467);
insert into Conductores_y_vehiculos (ID_conductor, ID_vehiculo) values (72, 489);
insert into Conductores_y_vehiculos (ID_conductor, ID_vehiculo) values (73, 459);
insert into Conductores_y_vehiculos (ID_conductor, ID_vehiculo) values (74, 425);
insert into Conductores_y_vehiculos (ID_conductor, ID_vehiculo) values (75, 454);
insert into Conductores_y_vehiculos (ID_conductor, ID_vehiculo) values (76, 497);
insert into Conductores_y_vehiculos (ID_conductor, ID_vehiculo) values (77, 453);
insert into Conductores_y_vehiculos (ID_conductor, ID_vehiculo) values (78, 410);
insert into Conductores_y_vehiculos (ID_conductor, ID_vehiculo) values (79, 439);
insert into Conductores_y_vehiculos (ID_conductor, ID_vehiculo) values (80, 427);
insert into Conductores_y_vehiculos (ID_conductor, ID_vehiculo) values (81, 409);
insert into Conductores_y_vehiculos (ID_conductor, ID_vehiculo) values (82, 488);
insert into Conductores_y_vehiculos (ID_conductor, ID_vehiculo) values (83, 406);
insert into Conductores_y_vehiculos (ID_conductor, ID_vehiculo) values (84, 435);
insert into Conductores_y_vehiculos (ID_conductor, ID_vehiculo) values (85, 410);
insert into Conductores_y_vehiculos (ID_conductor, ID_vehiculo) values (86, 446);
insert into Conductores_y_vehiculos (ID_conductor, ID_vehiculo) values (87, 408);
insert into Conductores_y_vehiculos (ID_conductor, ID_vehiculo) values (88, 467);
insert into Conductores_y_vehiculos (ID_conductor, ID_vehiculo) values (89, 442);
insert into Conductores_y_vehiculos (ID_conductor, ID_vehiculo) values (90, 495);
insert into Conductores_y_vehiculos (ID_conductor, ID_vehiculo) values (91, 405);
insert into Conductores_y_vehiculos (ID_conductor, ID_vehiculo) values (92, 420);
insert into Conductores_y_vehiculos (ID_conductor, ID_vehiculo) values (93, 461);
insert into Conductores_y_vehiculos (ID_conductor, ID_vehiculo) values (94, 486);
insert into Conductores_y_vehiculos (ID_conductor, ID_vehiculo) values (95, 441);
insert into Conductores_y_vehiculos (ID_conductor, ID_vehiculo) values (96, 464);
insert into Conductores_y_vehiculos (ID_conductor, ID_vehiculo) values (97, 467);
insert into Conductores_y_vehiculos (ID_conductor, ID_vehiculo) values (98, 492);
insert into Conductores_y_vehiculos (ID_conductor, ID_vehiculo) values (99, 427);
insert into Conductores_y_vehiculos (ID_conductor, ID_vehiculo) values (100, 438);

-- InsercciÛn de Viajes
insert into Viajes (ID, Fecha, Distancia, Tiempo_recorrido, Total, Subtotal, Hora_salida, Hora_llegada, Origen, Destino, ID_conductor, ID_servicio, ID_medioPago, ID_ciudad) values (1, '03/10/2017', 63, '12/01/2018', 45357, 91660, '16/11/2018', '15/07/2018', 56.5201848, 34.9410177, 69, 2, 269, 213);
insert into Viajes (ID, Fecha, Distancia, Tiempo_recorrido, Total, Subtotal, Hora_salida, Hora_llegada, Origen, Destino, ID_conductor, ID_servicio, ID_medioPago, ID_ciudad) values (2, '12/09/2016', 27, '13/07/2018', 191454, 71929, '03/05/2016', '19/07/2018', 14.8857071, -90.9087455, 65, 2, 14, 88);
insert into Viajes (ID, Fecha, Distancia, Tiempo_recorrido, Total, Subtotal, Hora_salida, Hora_llegada, Origen, Destino, ID_conductor, ID_servicio, ID_medioPago, ID_ciudad) values (3, '19/11/2016', 37, '02/04/2018', 32621, 10125, '17/03/2016', '14/11/2017', 25.112406, 110.446979, 100, 2, 296, 245);
insert into Viajes (ID, Fecha, Distancia, Tiempo_recorrido, Total, Subtotal, Hora_salida, Hora_llegada, Origen, Destino, ID_conductor, ID_servicio, ID_medioPago, ID_ciudad) values (4, '18/02/2017', 88, '28/01/2017', 116714, 49986, '11/02/2017', '24/10/2018', 39.944315, 116.809657, 35, 1, 335, 308);
insert into Viajes (ID, Fecha, Distancia, Tiempo_recorrido, Total, Subtotal, Hora_salida, Hora_llegada, Origen, Destino, ID_conductor, ID_servicio, ID_medioPago, ID_ciudad) values (5, '20/01/2017', 82, '13/05/2018', 50915, 13892, '09/11/2016', '06/02/2017', -10.0828864, 124.1253751, 70, 2, 255, 384);
insert into Viajes (ID, Fecha, Distancia, Tiempo_recorrido, Total, Subtotal, Hora_salida, Hora_llegada, Origen, Destino, ID_conductor, ID_servicio, ID_medioPago, ID_ciudad) values (6, '21/04/2016', 8, '20/05/2016', 198235, 92751, '25/08/2018', '09/03/2017', 8.0030266, 124.3465661, 38, 2, 456, 102);
insert into Viajes (ID, Fecha, Distancia, Tiempo_recorrido, Total, Subtotal, Hora_salida, Hora_llegada, Origen, Destino, ID_conductor, ID_servicio, ID_medioPago, ID_ciudad) values (7, '14/11/2016', 82, '28/10/2017', 55645, 53496, '07/12/2016', '13/01/2018', '14.93278', '47.02763', 38, 2, 187, 351);
insert into Viajes (ID, Fecha, Distancia, Tiempo_recorrido, Total, Subtotal, Hora_salida, Hora_llegada, Origen, Destino, ID_conductor, ID_servicio, ID_medioPago, ID_ciudad) values (8, '10/10/2018', 30, '23/09/2017', 76358, 18991, '09/02/2017', '04/08/2017', 26.312444, 99.850365, 74, 1, 185, 284);
insert into Viajes (ID, Fecha, Distancia, Tiempo_recorrido, Total, Subtotal, Hora_salida, Hora_llegada, Origen, Destino, ID_conductor, ID_servicio, ID_medioPago, ID_ciudad) values (9, '14/10/2017', 26, '23/12/2015', 139125, 66023, '19/04/2016', '05/08/2017', 12.13372, 6.825526, 50, 2, 361, 191);
insert into Viajes (ID, Fecha, Distancia, Tiempo_recorrido, Total, Subtotal, Hora_salida, Hora_llegada, Origen, Destino, ID_conductor, ID_servicio, ID_medioPago, ID_ciudad) values (10, '31/08/2018', 15, '07/07/2017', 185884, 16744, '27/06/2016', '16/05/2016', 26.443249, 107.253334, 87, 2, 33, 456);
insert into Viajes (ID, Fecha, Distancia, Tiempo_recorrido, Total, Subtotal, Hora_salida, Hora_llegada, Origen, Destino, ID_conductor, ID_servicio, ID_medioPago, ID_ciudad) values (11, '05/09/2017', 53, '30/03/2017', 105899, 38494, '14/03/2018', '14/03/2017', '31.4944', '82.3324', 63, 2, 233, 237);
insert into Viajes (ID, Fecha, Distancia, Tiempo_recorrido, Total, Subtotal, Hora_salida, Hora_llegada, Origen, Destino, ID_conductor, ID_servicio, ID_medioPago, ID_ciudad) values (12, '28/01/2018', 92, '21/02/2017', 22505, 62109, '04/04/2018', '03/09/2017', 61.337971, 40.081276, 100, 1, 21, 490);
insert into Viajes (ID, Fecha, Distancia, Tiempo_recorrido, Total, Subtotal, Hora_salida, Hora_llegada, Origen, Destino, ID_conductor, ID_servicio, ID_medioPago, ID_ciudad) values (13, '10/11/2016', 10, '17/03/2017', 155654, 93751, '27/01/2016', '16/10/2017', 27.4475626, 57.5051616, 87, 1, 105, 109);
insert into Viajes (ID, Fecha, Distancia, Tiempo_recorrido, Total, Subtotal, Hora_salida, Hora_llegada, Origen, Destino, ID_conductor, ID_servicio, ID_medioPago, ID_ciudad) values (14, '05/04/2016', 47, '21/10/2016', 109433, 66314, '15/03/2017', '25/10/2017', 42.8983715, 71.3979891, 35, 1, 287, 59);
insert into Viajes (ID, Fecha, Distancia, Tiempo_recorrido, Total, Subtotal, Hora_salida, Hora_llegada, Origen, Destino, ID_conductor, ID_servicio, ID_medioPago, ID_ciudad) values (15, '27/12/2015', 23, '20/02/2016', 102944, 95915, '13/06/2018', '04/10/2017', 45.180548, 0.768949, 59, 2, 67, 124);
insert into Viajes (ID, Fecha, Distancia, Tiempo_recorrido, Total, Subtotal, Hora_salida, Hora_llegada, Origen, Destino, ID_conductor, ID_servicio, ID_medioPago, ID_ciudad) values (16, '08/04/2016', 88, '17/04/2017', 145805, 38105, '29/07/2016', '31/05/2016', 5.472709, -74.667984, 88, 1, 183, 413);
insert into Viajes (ID, Fecha, Distancia, Tiempo_recorrido, Total, Subtotal, Hora_salida, Hora_llegada, Origen, Destino, ID_conductor, ID_servicio, ID_medioPago, ID_ciudad) values (17, '06/01/2018', 50, '25/08/2017', 88224, 88088, '16/04/2016', '01/03/2017', 37.9943201, 23.3430496, 52, 1, 67, 369);
insert into Viajes (ID, Fecha, Distancia, Tiempo_recorrido, Total, Subtotal, Hora_salida, Hora_llegada, Origen, Destino, ID_conductor, ID_servicio, ID_medioPago, ID_ciudad) values (18, '20/11/2017', 36, '17/08/2017', 159468, 58216, '07/08/2018', '10/09/2017', -8.154229, 111.7778618, 60, 2, 350, 33);
insert into Viajes (ID, Fecha, Distancia, Tiempo_recorrido, Total, Subtotal, Hora_salida, Hora_llegada, Origen, Destino, ID_conductor, ID_servicio, ID_medioPago, ID_ciudad) values (19, '21/03/2018', 62, '01/06/2017', 107708, 87759, '09/10/2017', '14/09/2017', 29.301449, 111.101029, 65, 2, 154, 402);
insert into Viajes (ID, Fecha, Distancia, Tiempo_recorrido, Total, Subtotal, Hora_salida, Hora_llegada, Origen, Destino, ID_conductor, ID_servicio, ID_medioPago, ID_ciudad) values (20, '11/12/2015', 99, '16/06/2018', 106232, 55843, '13/04/2017', '01/06/2016', 14.2352143, 120.9428391, 84, 1, 73, 457);
insert into Viajes (ID, Fecha, Distancia, Tiempo_recorrido, Total, Subtotal, Hora_salida, Hora_llegada, Origen, Destino, ID_conductor, ID_servicio, ID_medioPago, ID_ciudad) values (21, '09/05/2017', 67, '23/05/2016', 141443, 28287, '09/12/2016', '06/12/2017', -21.6960991, 21.6481861, 74, 1, 317, 334);
insert into Viajes (ID, Fecha, Distancia, Tiempo_recorrido, Total, Subtotal, Hora_salida, Hora_llegada, Origen, Destino, ID_conductor, ID_servicio, ID_medioPago, ID_ciudad) values (22, '07/10/2017', 47, '20/04/2018', 39527, 75601, '11/08/2017', '04/04/2016', 49.1, 91.8666667, 30, 1, 71, 346);
insert into Viajes (ID, Fecha, Distancia, Tiempo_recorrido, Total, Subtotal, Hora_salida, Hora_llegada, Origen, Destino, ID_conductor, ID_servicio, ID_medioPago, ID_ciudad) values (23, '19/06/2016', 94, '11/08/2017', 109787, 98119, '07/02/2017', '14/06/2016', 25.410654, 107.88645, 58, 1, 13, 136);
insert into Viajes (ID, Fecha, Distancia, Tiempo_recorrido, Total, Subtotal, Hora_salida, Hora_llegada, Origen, Destino, ID_conductor, ID_servicio, ID_medioPago, ID_ciudad) values (24, '27/11/2018', 47, '13/07/2017', 178550, 26826, '27/03/2018', '21/10/2017', 15.6432256, 120.8898149, 71, 2, 6, 159);
insert into Viajes (ID, Fecha, Distancia, Tiempo_recorrido, Total, Subtotal, Hora_salida, Hora_llegada, Origen, Destino, ID_conductor, ID_servicio, ID_medioPago, ID_ciudad) values (25, '07/08/2017', 60, '04/12/2017', 26187, 98686, '01/07/2017', '04/02/2018', -23.6233032, -45.4141993, 84, 1, 278, 48);
insert into Viajes (ID, Fecha, Distancia, Tiempo_recorrido, Total, Subtotal, Hora_salida, Hora_llegada, Origen, Destino, ID_conductor, ID_servicio, ID_medioPago, ID_ciudad) values (26, '23/05/2017', 30, '26/04/2016', 180283, 23231, '13/12/2017', '07/12/2016', '39.07472', '117.30056', 61, 1, 437, 467);
insert into Viajes (ID, Fecha, Distancia, Tiempo_recorrido, Total, Subtotal, Hora_salida, Hora_llegada, Origen, Destino, ID_conductor, ID_servicio, ID_medioPago, ID_ciudad) values (27, '18/03/2018', 13, '08/04/2018', 135460, 98110, '26/05/2017', '07/12/2015', 44.9727255, 18.6011657, 30, 1, 66, 390);
insert into Viajes (ID, Fecha, Distancia, Tiempo_recorrido, Total, Subtotal, Hora_salida, Hora_llegada, Origen, Destino, ID_conductor, ID_servicio, ID_medioPago, ID_ciudad) values (28, '20/05/2018', 43, '19/01/2016', 28213, 54829, '04/04/2016', '18/06/2016', 2.9370409, 98.611191, 73, 2, 131, 415);
insert into Viajes (ID, Fecha, Distancia, Tiempo_recorrido, Total, Subtotal, Hora_salida, Hora_llegada, Origen, Destino, ID_conductor, ID_servicio, ID_medioPago, ID_ciudad) values (29, '27/01/2016', 83, '26/01/2018', 21893, 57268, '23/11/2016', '27/06/2016', 58.276821, 12.3176309, 98, 2, 306, 142);
insert into Viajes (ID, Fecha, Distancia, Tiempo_recorrido, Total, Subtotal, Hora_salida, Hora_llegada, Origen, Destino, ID_conductor, ID_servicio, ID_medioPago, ID_ciudad) values (30, '30/09/2016', 17, '23/04/2017', 173494, 87334, '13/08/2016', '19/08/2017', 40.979512, 19.897722, 45, 2, 44, 61);
insert into Viajes (ID, Fecha, Distancia, Tiempo_recorrido, Total, Subtotal, Hora_salida, Hora_llegada, Origen, Destino, ID_conductor, ID_servicio, ID_medioPago, ID_ciudad) values (31, '30/03/2017', 81, '07/10/2017', 37731, 24303, '22/04/2016', '30/09/2017', 15.6576354, -85.9968479, 20, 1, 204, 214);
insert into Viajes (ID, Fecha, Distancia, Tiempo_recorrido, Total, Subtotal, Hora_salida, Hora_llegada, Origen, Destino, ID_conductor, ID_servicio, ID_medioPago, ID_ciudad) values (32, '14/06/2017', 5, '18/12/2017', 188307, 19370, '01/07/2018', '05/08/2018', -7.3194701, 108.2069101, 38, 1, 260, 466);
insert into Viajes (ID, Fecha, Distancia, Tiempo_recorrido, Total, Subtotal, Hora_salida, Hora_llegada, Origen, Destino, ID_conductor, ID_servicio, ID_medioPago, ID_ciudad) values (33, '14/09/2016', 84, '05/06/2017', 176278, 29293, '12/08/2016', '23/05/2016', 32.235967, 110.227954, 56, 1, 220, 492);
insert into Viajes (ID, Fecha, Distancia, Tiempo_recorrido, Total, Subtotal, Hora_salida, Hora_llegada, Origen, Destino, ID_conductor, ID_servicio, ID_medioPago, ID_ciudad) values (34, '27/06/2017', 34, '13/08/2016', 146514, 98485, '19/12/2015', '09/03/2018', 36.978537, 117.173524, 84, 2, 280, 255);
insert into Viajes (ID, Fecha, Distancia, Tiempo_recorrido, Total, Subtotal, Hora_salida, Hora_llegada, Origen, Destino, ID_conductor, ID_servicio, ID_medioPago, ID_ciudad) values (35, '06/07/2017', 73, '12/02/2018', 66464, 87026, '05/10/2017', '12/09/2016', -8.0305091, 110.6168921, 50, 2, 361, 426);
insert into Viajes (ID, Fecha, Distancia, Tiempo_recorrido, Total, Subtotal, Hora_salida, Hora_llegada, Origen, Destino, ID_conductor, ID_servicio, ID_medioPago, ID_ciudad) values (36, '07/10/2016', 91, '10/05/2017', 50245, 26913, '08/08/2018', '08/01/2017', 9.9298167, -73.9590333, 69, 1, 224, 393);
insert into Viajes (ID, Fecha, Distancia, Tiempo_recorrido, Total, Subtotal, Hora_salida, Hora_llegada, Origen, Destino, ID_conductor, ID_servicio, ID_medioPago, ID_ciudad) values (37, '23/01/2018', 81, '19/11/2016', 135333, 50520, '19/04/2018', '03/10/2016', 13.96284, -5.3599355, 46, 2, 416, 83);
insert into Viajes (ID, Fecha, Distancia, Tiempo_recorrido, Total, Subtotal, Hora_salida, Hora_llegada, Origen, Destino, ID_conductor, ID_servicio, ID_medioPago, ID_ciudad) values (38, '28/01/2016', 99, '14/03/2018', 148090, 46219, '03/05/2017', '26/06/2018', 16.9334683, 121.7587348, 81, 2, 353, 264);
insert into Viajes (ID, Fecha, Distancia, Tiempo_recorrido, Total, Subtotal, Hora_salida, Hora_llegada, Origen, Destino, ID_conductor, ID_servicio, ID_medioPago, ID_ciudad) values (39, '27/04/2018', 61, '01/01/2018', 120712, 54134, '02/10/2018', '31/10/2017', 30.291711, 120.006412, 68, 2, 25, 462);
insert into Viajes (ID, Fecha, Distancia, Tiempo_recorrido, Total, Subtotal, Hora_salida, Hora_llegada, Origen, Destino, ID_conductor, ID_servicio, ID_medioPago, ID_ciudad) values (40, '20/09/2018', 61, '15/02/2018', 173282, 7492, '29/08/2018', '28/08/2017', -6.3077304, 106.1831224, 75, 1, 6, 47);
insert into Viajes (ID, Fecha, Distancia, Tiempo_recorrido, Total, Subtotal, Hora_salida, Hora_llegada, Origen, Destino, ID_conductor, ID_servicio, ID_medioPago, ID_ciudad) values (41, '29/06/2017', 60, '31/10/2016', 83754, 88300, '29/12/2015', '23/03/2018', 41.5821392, -8.5477188, 57, 2, 19, 354);
insert into Viajes (ID, Fecha, Distancia, Tiempo_recorrido, Total, Subtotal, Hora_salida, Hora_llegada, Origen, Destino, ID_conductor, ID_servicio, ID_medioPago, ID_ciudad) values (42, '20/04/2016', 39, '07/04/2018', 126692, 82504, '21/03/2018', '27/04/2016', 32.224808, 110.228747, 98, 2, 227, 299);
insert into Viajes (ID, Fecha, Distancia, Tiempo_recorrido, Total, Subtotal, Hora_salida, Hora_llegada, Origen, Destino, ID_conductor, ID_servicio, ID_medioPago, ID_ciudad) values (43, '14/02/2018', 52, '28/07/2016', 121923, 47747, '08/03/2018', '17/07/2017', 37.175532, 121.790282, 34, 1, 393, 78);
insert into Viajes (ID, Fecha, Distancia, Tiempo_recorrido, Total, Subtotal, Hora_salida, Hora_llegada, Origen, Destino, ID_conductor, ID_servicio, ID_medioPago, ID_ciudad) values (44, '03/01/2016', 72, '01/04/2016', 96276, 75995, '20/08/2017', '04/09/2016', -7.2863903, -78.5753117, 27, 2, 261, 154);
insert into Viajes (ID, Fecha, Distancia, Tiempo_recorrido, Total, Subtotal, Hora_salida, Hora_llegada, Origen, Destino, ID_conductor, ID_servicio, ID_medioPago, ID_ciudad) values (45, '12/02/2017', 46, '12/04/2016', 83290, 14393, '16/09/2018', '13/11/2017', 40.68, -73.95, 94, 1, 41, 394);
insert into Viajes (ID, Fecha, Distancia, Tiempo_recorrido, Total, Subtotal, Hora_salida, Hora_llegada, Origen, Destino, ID_conductor, ID_servicio, ID_medioPago, ID_ciudad) values (46, '31/05/2017', 91, '15/07/2017', 178833, 33100, '06/08/2016', '31/10/2016', -21.503481, 45.20956, 63, 1, 182, 402);
insert into Viajes (ID, Fecha, Distancia, Tiempo_recorrido, Total, Subtotal, Hora_salida, Hora_llegada, Origen, Destino, ID_conductor, ID_servicio, ID_medioPago, ID_ciudad) values (47, '04/10/2017', 32, '03/12/2016', 195763, 35430, '04/11/2016', '20/01/2018', 49.7666568, 1.1843207, 63, 2, 283, 246);
insert into Viajes (ID, Fecha, Distancia, Tiempo_recorrido, Total, Subtotal, Hora_salida, Hora_llegada, Origen, Destino, ID_conductor, ID_servicio, ID_medioPago, ID_ciudad) values (48, '28/01/2017', 40, '04/07/2017', 101511, 14613, '31/03/2018', '24/12/2016', 41.3442557, -8.4002579, 25, 2, 28, 333);
insert into Viajes (ID, Fecha, Distancia, Tiempo_recorrido, Total, Subtotal, Hora_salida, Hora_llegada, Origen, Destino, ID_conductor, ID_servicio, ID_medioPago, ID_ciudad) values (49, '23/11/2018', 79, '12/12/2017', 89489, 77144, '19/12/2015', '12/12/2017', -25.6262174, -57.1520642, 73, 1, 109, 141);
insert into Viajes (ID, Fecha, Distancia, Tiempo_recorrido, Total, Subtotal, Hora_salida, Hora_llegada, Origen, Destino, ID_conductor, ID_servicio, ID_medioPago, ID_ciudad) values (50, '09/07/2017', 31, '02/09/2016', 78515, 21178, '13/07/2016', '12/01/2018', 38.6271104, -9.0346456, 33, 1, 149, 478);

-- InseeciÛn de Liqudaciones
insert into Liquidacion (ID, Fecha, ID_conductor, Total) values (1, '18/02/2018', 73, 519042);
insert into Liquidacion (ID, Fecha, ID_conductor, Total) values (2, '22/03/2016', 74, 951938);
insert into Liquidacion (ID, Fecha, ID_conductor, Total) values (3, '14/06/2018', 17, 563237);
insert into Liquidacion (ID, Fecha, ID_conductor, Total) values (4, '09/09/2016', 44, 678167);
insert into Liquidacion (ID, Fecha, ID_conductor, Total) values (5, '20/03/2017', 36, 997980);
insert into Liquidacion (ID, Fecha, ID_conductor, Total) values (6, '11/06/2018', 65, 798581);
insert into Liquidacion (ID, Fecha, ID_conductor, Total) values (7, '26/01/2017', 41, 805716);
insert into Liquidacion (ID, Fecha, ID_conductor, Total) values (8, '18/05/2017', 68, 870924);
insert into Liquidacion (ID, Fecha, ID_conductor, Total) values (9, '11/09/2018', 61, 979696);
insert into Liquidacion (ID, Fecha, ID_conductor, Total) values (10, '06/01/2018', 58, 977589);
insert into Liquidacion (ID, Fecha, ID_conductor, Total) values (11, '09/07/2016', 79, 744738);
insert into Liquidacion (ID, Fecha, ID_conductor, Total) values (12, '10/07/2016', 100, 568546);
insert into Liquidacion (ID, Fecha, ID_conductor, Total) values (13, '08/12/2016', 74, 605354);
insert into Liquidacion (ID, Fecha, ID_conductor, Total) values (14, '27/03/2018', 40, 875754);
insert into Liquidacion (ID, Fecha, ID_conductor, Total) values (15, '12/04/2017', 62, 436088);
insert into Liquidacion (ID, Fecha, ID_conductor, Total) values (16, '07/04/2017', 68, 422520);
insert into Liquidacion (ID, Fecha, ID_conductor, Total) values (17, '13/02/2017', 62, 499220);
insert into Liquidacion (ID, Fecha, ID_conductor, Total) values (18, '06/07/2018', 56, 974253);
insert into Liquidacion (ID, Fecha, ID_conductor, Total) values (19, '13/05/2018', 44, 303390);
insert into Liquidacion (ID, Fecha, ID_conductor, Total) values (20, '13/05/2016', 14, 923366);










